hour,gas_mmscfd,liq_bpd,press_psig,level_pct,foam_idx,antifoam_ppm,inlet_momentum,carryover
0,45.8,13182.0,185.3,54.9,0.63,12,0.249,0
1,42.5,13759.0,190.4,56.4,0.31,12,0.207,0
2,47.0,12648.0,176.5,57.9,0.27,0,0.282,0
3,47.6,13783.0,169.0,59.0,0.58,0,0.306,0
4,40.4,13054.0,183.0,59.9,0.55,12,0.198,0
5,42.1,13404.0,178.0,60.4,0.41,12,0.223,0
6,45.7,14451.0,179.2,60.8,0.47,12,0.261,0
7,44.7,14056.0,183.3,60.6,0.47,12,0.241,0
8,45.5,14129.0,177.3,60.1,0.45,12,0.262,0
9,43.5,12497.0,178.4,58.9,0.31,12,0.237,0
10,47.9,15029.0,179.4,57.7,0.2,0,0.286,0
11,47.7,12914.0,188.8,56.1,0.37,0,0.264,0
12,46.0,14824.0,180.2,54.5,0.64,12,0.262,0
13,48.7,14475.0,172.6,52.7,0.65,12,0.312,0
14,47.1,14169.0,172.8,51.1,0.44,12,0.292,0
15,43.9,13172.0,180.8,50.0,0.37,12,0.237,0
16,47.0,13882.0,173.2,49.0,0.5,12,0.289,0
17,43.8,13452.0,170.6,48.4,0.52,0,0.256,0
18,48.4,13807.0,183.8,48.1,0.54,12,0.283,0
19,46.2,13617.0,184.1,48.2,0.23,0,0.256,0
20,45.9,12370.0,177.8,48.8,0.81,12,0.266,0
21,44.8,14587.0,181.8,49.7,0.61,12,0.245,0
22,49.6,13750.0,181.1,51.1,0.48,0,0.302,0
23,46.2,13473.0,183.6,52.6,0.43,0,0.257,0
24,45.6,13425.0,183.6,54.1,0.61,12,0.251,0
25,45.9,14073.0,164.4,55.5,0.56,0,0.296,0
26,48.1,13201.0,178.6,56.9,0.53,12,0.29,0
27,47.8,12253.0,183.1,58.2,0.57,0,0.276,0
28,48.0,14121.0,177.5,59.1,0.51,12,0.291,0
29,48.1,14204.0,180.2,59.6,0.57,12,0.286,0
30,52.4,13705.0,184.5,59.9,0.61,0,0.329,0
31,46.1,13046.0,180.5,59.8,0.57,0,0.263,0
32,45.9,13916.0,189.0,59.3,0.57,0,0.244,1
33,45.2,12833.0,186.8,58.4,0.68,12,0.241,0
34,48.9,13143.0,179.3,57.3,0.39,0,0.298,0
35,50.2,13341.0,178.8,56.0,0.47,12,0.316,0
36,47.2,14462.0,162.9,54.3,0.56,12,0.318,0
37,45.4,13621.0,178.0,52.8,0.49,12,0.26,0
38,45.5,13565.0,171.9,51.3,0.52,12,0.274,0
39,49.3,15251.0,181.3,50.1,0.7,12,0.298,0
40,49.6,14134.0,180.9,49.2,0.56,12,0.303,0
41,49.2,14128.0,184.2,48.7,0.39,12,0.29,0
42,46.2,13636.0,188.4,48.6,0.53,12,0.248,0
43,48.5,13481.0,179.8,48.7,0.59,12,0.292,0
44,48.3,12371.0,193.7,49.4,0.59,0,0.261,0
45,48.6,14583.0,181.4,50.5,0.64,12,0.29,0
46,50.3,14223.0,172.1,51.8,0.64,12,0.334,0
47,48.7,13787.0,176.6,53.3,0.58,12,0.303,0
48,50.0,13820.0,177.8,54.9,0.48,0,0.315,0
49,48.5,14434.0,183.6,56.4,0.55,0,0.284,0
50,49.1,12834.0,174.3,57.8,0.54,12,0.313,0
51,50.0,13512.0,178.2,59.1,0.58,0,0.315,0
52,44.9,13133.0,179.0,59.9,0.68,12,0.251,0
53,47.8,15172.0,177.3,60.6,0.65,0,0.289,0
54,47.5,14547.0,184.9,60.6,0.69,12,0.269,0
55,47.1,12396.0,183.8,60.3,0.58,12,0.267,0
56,48.1,12881.0,187.0,59.8,0.77,12,0.272,0
57,52.6,13850.0,178.0,58.7,0.69,0,0.348,0
58,46.7,13615.0,187.2,57.5,0.63,12,0.256,0
59,51.4,13021.0,171.8,56.0,0.68,12,0.349,0
60,44.8,15312.0,171.7,54.4,0.56,12,0.266,0
61,48.2,14172.0,172.7,52.9,0.42,0,0.306,0
62,49.5,14288.0,180.1,51.4,0.57,12,0.304,0
63,50.6,13474.0,187.2,50.4,0.71,0,0.301,0
64,51.0,14466.0,176.4,49.4,0.64,12,0.332,0
65,51.3,13697.0,177.1,48.7,0.62,0,0.333,0
66,48.5,13767.0,178.7,48.4,0.55,12,0.294,0
67,48.3,14395.0,183.4,48.7,0.44,12,0.281,0
68,51.6,12829.0,177.1,49.3,0.78,12,0.338,0
69,49.1,15089.0,176.8,50.1,0.62,12,0.306,0
70,46.4,14101.0,171.9,51.4,0.6,12,0.285,0
71,46.8,14872.0,176.6,52.8,0.58,12,0.279,0
72,47.4,13224.0,187.1,54.4,0.77,12,0.264,0
73,51.0,13332.0,180.5,56.1,0.73,12,0.321,0
74,50.2,13167.0,175.6,57.6,0.55,12,0.323,0
75,51.6,14157.0,187.4,59.1,0.76,12,0.312,0
76,48.9,14030.0,176.5,59.8,0.63,0,0.304,0
77,50.4,13660.0,188.5,60.3,0.59,12,0.295,0
78,51.6,13276.0,188.4,60.5,0.62,12,0.31,0
79,49.3,13101.0,180.3,60.6,0.57,12,0.301,0
80,51.3,13955.0,171.0,60.2,0.52,0,0.35,0
81,48.5,13664.0,193.7,59.4,0.73,0,0.264,1
82,49.3,13511.0,182.3,58.1,0.63,0,0.296,0
83,49.3,15075.0,178.1,56.5,0.71,12,0.306,0
84,47.4,13936.0,185.7,54.9,0.68,12,0.266,0
85,51.6,14883.0,184.2,53.2,0.7,12,0.32,0
86,49.3,13622.0,187.9,52.0,0.45,0,0.284,0
87,50.5,14167.0,176.0,50.7,0.56,12,0.327,0
88,51.8,13958.0,181.9,49.7,0.71,12,0.327,0
89,51.7,12809.0,172.9,49.2,0.52,12,0.351,0
90,52.3,14998.0,184.0,48.8,0.69,0,0.329,1
91,50.5,13904.0,179.9,49.0,0.51,12,0.316,0
92,49.7,14521.0,181.7,49.5,0.65,0,0.302,0
93,50.6,13473.0,179.1,50.4,0.81,12,0.32,0
94,46.6,13884.0,178.5,51.6,0.72,0,0.273,0
95,47.3,13393.0,174.8,53.0,0.46,12,0.289,0
96,47.6,14865.0,184.7,54.5,0.73,12,0.271,0
97,48.5,14218.0,188.9,56.1,0.82,0,0.273,0
98,52.0,14257.0,176.7,57.5,0.92,12,0.345,0
99,48.8,14951.0,183.3,58.8,0.69,12,0.288,0
100,50.2,14809.0,182.6,59.7,0.5,12,0.306,0
101,54.4,14535.0,180.0,60.4,0.68,12,0.367,1
102,50.3,13004.0,170.8,60.5,0.8,12,0.338,0
103,53.1,13512.0,172.2,60.3,0.62,12,0.372,0
104,49.0,13296.0,175.3,59.6,0.74,12,0.308,0
105,50.8,14508.0,167.2,58.6,0.55,12,0.356,0
106,49.0,14117.0,188.4,57.6,0.67,12,0.279,0
107,50.6,13024.0,182.2,56.1,0.38,12,0.312,0
108,53.6,13865.0,179.8,54.4,0.53,0,0.356,0
109,47.2,12950.0,166.9,53.0,0.62,12,0.307,0
110,52.6,13958.0,169.1,51.5,0.58,0,0.375,1
111,52.2,12836.0,180.0,50.3,0.49,0,0.338,0
112,50.1,14364.0,191.8,49.3,0.57,12,0.285,0
113,48.1,14257.0,175.8,48.8,0.65,0,0.296,1
114,51.9,15327.0,185.2,48.5,0.6,12,0.321,0
115,50.4,14584.0,177.1,48.9,0.62,12,0.322,0
116,52.4,13693.0,180.3,49.4,0.68,12,0.339,0
117,51.9,14561.0,187.3,50.3,0.57,12,0.316,0
118,55.9,13008.0,177.9,51.7,0.74,12,0.393,1
119,51.3,13312.0,175.9,53.2,0.5,12,0.337,0
120,49.4,14217.0,188.5,55.0,0.79,12,0.283,0
121,52.4,12472.0,180.3,56.5,0.7,12,0.34,0
122,52.5,13955.0,186.5,58.0,0.55,12,0.326,0
123,55.4,13265.0,175.9,59.5,0.56,12,0.393,0
124,54.2,14048.0,188.4,60.2,0.6,12,0.341,0
125,53.0,13221.0,181.6,60.6,0.64,0,0.344,0
126,55.8,14271.0,182.6,60.8,0.69,12,0.378,0
127,49.2,13985.0,180.8,60.6,0.44,12,0.298,0
128,50.6,14950.0,177.0,59.9,0.61,12,0.325,0
129,49.9,13973.0,180.0,59.0,0.35,0,0.309,0
130,51.3,13428.0,177.3,57.8,0.55,12,0.333,0
131,48.8,13791.0,185.8,56.6,0.7,12,0.283,0
132,53.9,13020.0,178.8,55.2,0.41,0,0.364,0
133,51.8,14243.0,171.0,53.7,0.39,12,0.357,0
134,48.7,14369.0,169.9,52.4,0.57,0,0.319,1
135,49.9,15683.0,169.6,51.2,0.68,12,0.335,0
136,53.2,13516.0,183.7,50.2,0.57,0,0.341,0
137,54.5,13762.0,173.1,49.4,0.35,12,0.39,0
138,57.5,13543.0,181.8,49.2,0.36,12,0.404,0
139,59.8,14092.0,180.8,49.4,0.54,12,0.44,0
140,53.6,14208.0,179.6,50.0,0.41,12,0.357,0
141,50.1,13901.0,182.6,50.7,0.53,12,0.305,0
142,47.2,14696.0,180.9,51.9,0.54,0,0.275,1
143,53.3,13500.0,163.7,53.4,0.46,0,0.402,0
144,50.6,14619.0,178.1,55.0,0.69,0,0.322,0
145,51.6,14303.0,182.6,56.7,0.56,12,0.324,0
146,51.1,13914.0,189.8,58.2,0.62,0,0.301,0
147,52.3,13699.0,190.1,59.3,0.59,0,0.314,0
148,55.4,15615.0,171.8,60.1,0.48,12,0.406,0
149,53.1,13341.0,177.9,60.7,0.47,12,0.355,0
150,52.3,14118.0,170.6,60.8,0.45,12,0.366,0
151,50.2,13381.0,189.1,60.7,0.55,12,0.291,0
152,48.6,15152.0,186.1,60.3,0.41,12,0.279,0
153,51.6,14520.0,182.1,59.2,0.64,12,0.324,0
154,52.7,13420.0,181.0,58.0,0.39,12,0.341,0
155,57.2,14250.0,188.3,56.7,0.48,12,0.381,0
156,53.2,14068.0,187.3,55.3,0.43,0,0.331,0
157,55.3,13522.0,186.9,53.5,0.41,12,0.36,0
158,51.6,14411.0,182.7,51.9,0.66,0,0.323,0
159,49.9,14148.0,177.9,50.5,0.4,12,0.314,0
160,50.5,14023.0,184.6,49.6,0.41,0,0.305,0
161,51.1,13838.0,184.9,49.1,0.37,0,0.312,0
162,58.2,14165.0,178.9,48.6,0.43,0,0.424,1
163,50.9,14020.0,177.9,48.7,0.41,12,0.326,0
164,55.0,13896.0,186.8,49.4,0.31,12,0.356,0
165,50.7,13402.0,190.0,50.4,0.37,12,0.295,0
166,55.3,15032.0,175.5,51.7,0.47,12,0.392,0
167,53.9,13106.0,178.4,53.1,0.51,0,0.365,0
168,52.6,14136.0,182.1,54.5,0.4,12,0.337,0
169,52.9,13608.0,182.9,56.0,0.4,12,0.339,0
170,51.3,15059.0,176.9,57.5,0.35,0,0.335,0
171,54.1,13190.0,191.3,58.8,0.34,12,0.333,0
172,51.8,13303.0,182.5,59.8,0.29,0,0.327,0
173,49.9,13134.0,183.2,60.4,0.22,12,0.301,0
174,49.8,14035.0,190.6,60.8,0.3,12,0.284,0
175,53.4,12842.0,177.3,60.5,0.46,12,0.361,0
176,56.9,13463.0,179.5,59.8,0.32,12,0.404,0
177,53.4,12286.0,172.5,58.9,0.32,0,0.375,0
178,52.7,13956.0,179.0,57.6,0.32,0,0.347,0
179,53.7,13432.0,171.1,56.3,0.47,12,0.384,0
180,56.3,12736.0,184.5,54.5,0.25,12,0.379,0
181,53.5,14532.0,182.5,53.2,0.37,0,0.349,0
182,52.0,12851.0,178.3,51.8,0.33,12,0.339,0
183,55.8,14319.0,179.4,50.6,0.34,12,0.387,0
184,54.1,13265.0,184.6,49.5,0.35,12,0.35,0
185,56.8,14871.0,173.2,49.0,0.33,0,0.423,0
186,53.4,14269.0,181.2,48.7,0.4,12,0.351,0
187,49.9,13033.0,184.2,49.2,0.31,12,0.299,0
188,49.6,13091.0,169.3,49.7,0.48,0,0.332,0
189,57.1,14151.0,184.1,50.9,0.31,0,0.392,0
190,57.3,13537.0,170.0,52.1,0.13,12,0.441,0
191,52.5,13596.0,179.3,53.7,0.36,12,0.344,0
192,52.0,14600.0,173.0,55.2,0.33,0,0.354,0
193,56.6,13179.0,188.6,56.7,0.29,12,0.372,0
194,50.2,13761.0,173.1,58.3,0.26,0,0.33,0
195,50.7,14359.0,170.1,59.6,0.07,12,0.345,0
196,54.5,14251.0,180.8,60.7,0.08,12,0.366,0
197,51.9,13566.0,177.5,61.2,0.44,0,0.341,0
198,52.9,13469.0,171.0,61.4,0.21,12,0.373,0
199,52.5,12448.0,183.2,61.4,0.36,12,0.333,0
200,53.7,12919.0,168.1,60.7,0.1,12,0.394,0
201,56.4,13875.0,173.8,59.8,0.15,0,0.414,1
202,53.1,13549.0,176.5,58.5,0.32,12,0.359,0
203,54.4,13692.0,184.8,57.1,0.24,0,0.354,0
204,47.7,14360.0,187.8,55.6,0.3,12,0.266,0
205,52.7,12794.0,186.6,53.9,0.24,12,0.327,0
206,50.7,13453.0,179.1,52.5,0.22,0,0.321,0
207,49.7,13744.0,165.4,51.2,0.17,0,0.345,0
208,50.6,13112.0,182.3,50.3,0.11,0,0.311,0
209,51.9,14600.0,188.8,49.9,0.37,12,0.312,0
210,55.0,14227.0,187.4,49.8,0.38,12,0.355,0
211,49.4,13787.0,182.8,50.0,0.12,12,0.296,0
212,52.8,14833.0,172.9,50.5,0.11,12,0.365,0
213,51.5,12520.0,176.8,51.4,0.18,12,0.337,0
214,51.8,13557.0,191.6,52.9,0.24,12,0.305,0
215,55.1,13812.0,171.5,54.2,0.19,12,0.403,0
216,54.0,12908.0,173.1,55.7,0.25,12,0.381,0
217,55.9,13751.0,185.7,57.3,0.2,12,0.371,0
218,52.2,12758.0,177.4,58.8,0.19,12,0.344,0
219,50.8,14009.0,172.9,59.9,0.44,12,0.339,0
220,52.0,14258.0,189.2,60.7,0.14,12,0.312,0
221,53.1,13701.0,182.8,61.3,0.35,12,0.342,0
222,52.9,12206.0,177.7,61.4,0.33,0,0.353,0
223,49.7,12818.0,173.1,61.3,0.24,12,0.324,0
224,52.6,13882.0,192.3,60.7,0.0,0,0.313,0
225,53.0,13494.0,179.9,59.7,0.18,12,0.348,0
226,58.7,11586.0,188.4,58.5,0.13,0,0.4,0
227,57.0,14334.0,185.4,57.1,0.18,0,0.387,0
228,50.2,13551.0,176.9,55.5,0.07,0,0.32,0
229,51.6,12874.0,176.9,54.1,0.25,0,0.338,0
230,48.6,14136.0,188.7,52.5,0.27,0,0.274,0
231,50.7,12957.0,188.8,51.4,0.29,12,0.299,0
232,53.0,12941.0,168.7,50.4,0.13,12,0.381,0
233,55.2,13666.0,183.3,49.8,0.06,12,0.368,0
234,50.3,14654.0,179.3,49.5,0.2,0,0.315,0
235,50.5,14535.0,173.8,49.6,0.34,0,0.332,0
236,46.7,13642.0,181.6,50.0,0.17,12,0.267,0
237,51.6,13706.0,171.9,50.9,0.21,12,0.352,0
238,49.3,13927.0,177.2,52.2,0.14,12,0.309,0
239,50.6,12485.0,175.2,53.5,0.11,12,0.33,0
240,49.7,13807.0,177.0,54.9,0.22,12,0.314,0
241,51.7,12834.0,179.6,56.3,0.14,12,0.332,0
242,47.5,13562.0,173.9,57.7,0.19,0,0.293,0
243,48.2,13171.0,189.4,58.9,0.2,12,0.268,0
244,57.1,13673.0,183.0,59.9,0.19,0,0.395,0
245,48.5,13396.0,190.8,60.6,0.21,12,0.269,0
246,49.0,11153.0,179.0,60.9,0.07,12,0.299,0
247,56.3,13421.0,176.7,61.0,0.06,12,0.403,0
248,58.9,13736.0,190.6,60.2,0.15,12,0.397,0
249,48.7,13590.0,176.5,59.1,0.15,12,0.302,0
250,50.6,13197.0,178.9,58.0,0.1,0,0.32,0
251,52.4,14409.0,184.3,56.5,0.17,12,0.329,0
252,55.8,13469.0,172.6,55.0,0.24,12,0.409,1
253,49.0,13548.0,184.3,53.5,0.27,12,0.288,0
254,50.8,13963.0,183.5,52.2,0.29,12,0.311,0
255,53.3,13477.0,187.6,51.1,0.02,12,0.332,0
256,52.4,12585.0,185.3,50.3,0.03,12,0.327,0
257,50.3,11498.0,187.8,49.6,0.12,12,0.296,0
258,50.9,12861.0,179.3,49.4,0.16,0,0.323,0
259,47.7,13719.0,174.8,49.6,0.13,12,0.294,0
260,50.5,12929.0,192.7,50.0,0.1,12,0.288,0
261,50.4,13728.0,170.8,51.1,0.12,12,0.339,0
262,51.6,13262.0,171.4,52.5,0.2,12,0.354,0
263,49.6,14050.0,183.4,53.9,0.02,12,0.297,0
264,52.1,12932.0,189.7,55.6,0.39,0,0.313,0
265,53.4,13456.0,181.1,57.1,0.16,0,0.351,0
266,51.2,13474.0,186.0,58.3,0.26,12,0.311,0
267,51.7,14161.0,168.0,59.6,0.1,12,0.365,0
268,50.9,11905.0,177.0,60.4,0.22,12,0.329,0
269,50.7,12769.0,168.8,61.0,0.17,12,0.349,0
270,48.9,13675.0,184.7,61.3,0.25,0,0.285,0
271,51.4,14153.0,170.7,61.1,0.15,12,0.353,0
272,50.3,13229.0,172.3,60.6,0.32,0,0.334,0
273,55.7,12846.0,183.1,59.7,0.02,12,0.376,0
274,54.4,13571.0,186.4,58.5,0.27,12,0.349,0
275,51.4,13639.0,179.0,57.0,0.18,0,0.33,0
276,48.4,12769.0,183.4,55.5,0.07,12,0.283,0
277,47.5,13242.0,183.2,53.7,0.37,0,0.273,0
278,53.2,13828.0,178.7,52.5,0.36,0,0.355,0
279,50.9,14314.0,173.4,51.1,0.0,12,0.338,0
280,51.3,13501.0,183.4,50.1,0.2,12,0.318,0
281,45.7,13002.0,183.7,49.3,0.26,12,0.252,0
282,52.4,12923.0,185.4,49.0,0.23,12,0.326,0
283,51.1,13341.0,181.9,49.2,0.34,12,0.319,0
284,47.1,12859.0,173.0,49.8,0.32,12,0.291,0
285,48.7,13063.0,184.1,50.9,0.22,12,0.285,0
286,50.5,12179.0,180.0,52.1,0.43,0,0.316,0
287,49.9,13817.0,177.1,53.5,0.3,0,0.316,0
288,49.0,12101.0,178.2,55.1,0.17,12,0.301,0
289,49.4,12586.0,175.9,56.8,0.15,12,0.312,0
290,49.0,12946.0,185.3,58.3,0.33,12,0.285,0
291,49.9,14261.0,171.5,59.4,0.13,12,0.331,0
292,53.2,12561.0,174.0,60.3,0.18,0,0.367,0
293,43.0,12380.0,178.0,60.9,0.2,0,0.233,0
294,48.8,12450.0,189.7,61.2,0.26,0,0.274,0
295,49.7,13987.0,186.3,60.9,0.21,12,0.292,0
296,50.0,10846.0,170.2,60.4,0.1,0,0.335,0
297,48.3,12102.0,188.1,59.3,0.35,0,0.271,0
298,44.7,14705.0,188.1,58.2,0.2,12,0.233,0
299,49.9,13196.0,173.0,56.8,0.44,12,0.326,0
300,53.3,11998.0,164.9,55.1,0.27,12,0.399,0
301,45.1,12732.0,179.6,53.5,0.37,12,0.253,0
302,51.0,12798.0,186.7,52.0,0.31,12,0.307,0
303,48.0,13332.0,189.5,50.8,0.39,12,0.266,0
304,48.6,14016.0,174.8,49.8,0.32,12,0.305,0
305,46.1,12990.0,190.5,49.1,0.29,0,0.243,0
306,47.8,12329.0,166.6,48.7,0.38,0,0.316,0
307,51.8,13247.0,177.8,49.0,0.52,0,0.339,0
308,50.0,12196.0,177.5,49.6,0.25,0,0.316,0
309,52.8,11951.0,186.9,50.6,0.36,12,0.328,0
310,51.3,11431.0,187.8,51.8,0.28,0,0.308,0
311,49.4,11557.0,185.7,53.2,0.34,12,0.29,0
312,52.6,12014.0,171.9,54.8,0.3,0,0.366,0
313,49.3,11806.0,185.2,56.6,0.08,0,0.289,0
314,50.2,12839.0,183.1,58.2,0.28,12,0.305,0
315,47.3,11769.0,170.0,59.4,0.4,12,0.301,0
316,48.2,10397.0,167.6,60.3,0.23,12,0.318,0
317,46.2,11855.0,186.2,60.6,0.41,12,0.252,0
318,50.3,12245.0,178.9,60.9,0.34,12,0.317,0
319,44.9,12140.0,172.3,60.8,0.3,12,0.265,0
320,49.7,13616.0,178.8,60.1,0.42,12,0.309,0
321,47.2,12112.0,182.2,59.0,0.4,12,0.271,0
322,50.5,13147.0,179.5,57.6,0.38,0,0.318,0
323,49.4,12506.0,170.7,56.2,0.44,12,0.326,0
324,52.0,12478.0,191.3,54.7,0.36,0,0.308,0
325,49.2,11912.0,186.0,53.2,0.18,12,0.287,0
326,43.4,12444.0,178.0,51.8,0.32,12,0.237,0
327,47.1,11938.0,178.2,50.7,0.18,12,0.279,0
328,44.3,12582.0,182.2,49.7,0.43,0,0.239,0
329,45.8,12286.0,173.2,49.2,0.46,12,0.275,0
330,50.8,11779.0,181.9,48.8,0.47,12,0.316,0
331,48.6,13123.0,172.0,48.8,0.43,12,0.312,0
332,45.2,12716.0,179.6,49.4,0.48,12,0.254,0
333,44.3,12092.0,173.0,50.5,0.23,12,0.258,0
334,46.9,12496.0,173.3,51.9,0.38,12,0.287,0
335,43.7,12324.0,189.9,53.4,0.25,12,0.22,0
336,45.0,11764.0,180.4,54.9,0.36,0,0.25,0
337,47.4,12409.0,181.2,56.2,0.57,12,0.276,0
338,49.4,11914.0,167.9,57.7,0.52,12,0.334,0
339,48.0,11676.0,176.4,58.9,0.48,12,0.294,0
340,40.7,11190.0,182.8,60.2,0.4,0,0.201,0
341,47.1,12063.0,181.2,60.7,0.32,12,0.272,0
342,46.4,12700.0,167.1,61.2,0.45,12,0.297,0
343,47.2,11805.0,181.2,61.1,0.54,12,0.274,0
344,50.2,14044.0,182.2,60.3,0.48,0,0.307,0
345,40.9,12888.0,187.7,59.4,0.28,12,0.195,0
346,44.5,13170.0,176.1,58.3,0.46,0,0.253,0
347,47.4,12802.0,166.5,56.8,0.26,0,0.311,0
348,41.9,13530.0,174.0,55.3,0.54,12,0.228,0
349,49.5,11671.0,173.4,53.9,0.39,12,0.32,0
350,46.6,10418.0,184.4,52.5,0.34,12,0.26,0
351,47.7,11886.0,163.7,51.3,0.55,12,0.323,0
352,44.1,12578.0,177.3,50.2,0.53,12,0.247,0
353,47.5,12282.0,188.6,49.6,0.5,12,0.262,0
354,48.1,12357.0,180.0,49.4,0.7,12,0.287,0
355,45.9,13077.0,185.4,49.4,0.55,0,0.251,0
356,45.9,12408.0,170.1,50.0,0.43,12,0.282,0
357,45.9,12688.0,170.4,50.9,0.55,12,0.282,0
358,43.0,11460.0,188.6,52.0,0.47,12,0.215,0
359,44.7,11339.0,180.6,53.4,0.63,12,0.247,0
360,44.6,13224.0,180.6,54.9,0.54,12,0.246,0
361,45.9,12153.0,173.3,56.7,0.55,0,0.275,0
362,47.4,11635.0,180.6,58.2,0.37,12,0.277,0
363,42.1,11625.0,173.1,59.6,0.53,12,0.233,0
364,44.4,11593.0,187.1,60.5,0.52,0,0.232,0
365,48.4,11540.0,196.4,60.9,0.43,12,0.257,0
366,42.7,11126.0,182.9,61.2,0.51,12,0.221,0
367,42.5,10963.0,176.2,60.9,0.58,12,0.23,0
368,44.9,11865.0,164.8,60.2,0.54,12,0.284,0
369,46.5,11575.0,169.9,59.1,0.4,0,0.291,0
370,44.3,12753.0,189.3,57.9,0.52,0,0.227,0
371,47.6,12172.0,173.8,56.6,0.51,12,0.294,0
372,46.3,12140.0,177.8,55.2,0.58,12,0.27,0
373,46.2,11423.0,183.9,53.8,0.57,0,0.257,0
374,45.4,11847.0,188.9,52.6,0.52,12,0.239,0
375,49.8,12173.0,178.8,51.1,0.52,0,0.31,0
376,43.4,12410.0,177.6,50.0,0.58,0,0.238,1
377,38.8,11831.0,180.4,49.2,0.67,12,0.186,0
378,47.8,12640.0,176.2,49.0,0.6,12,0.291,0
379,42.5,11879.0,176.6,49.1,0.72,12,0.23,0
380,43.9,12417.0,182.5,49.7,0.7,12,0.234,0
381,46.8,11507.0,181.1,50.6,0.74,12,0.269,0
382,39.5,10570.0,192.8,51.9,0.73,12,0.176,0
383,40.3,12015.0,182.6,53.2,0.75,12,0.197,0
384,39.3,12323.0,186.9,54.6,0.48,0,0.182,0
385,41.3,12207.0,173.6,56.1,0.66,12,0.222,0
386,44.3,12088.0,183.2,57.7,0.72,0,0.237,1
387,44.4,11537.0,175.7,59.0,0.74,12,0.253,0
388,43.8,11204.0,182.4,59.8,0.53,0,0.233,0
389,39.5,12144.0,184.1,60.2,0.67,0,0.187,0
390,37.2,12045.0,180.3,60.5,0.62,0,0.171,0
391,43.0,11342.0,194.4,60.2,0.8,12,0.206,0
392,41.6,12500.0,188.6,59.4,0.48,0,0.201,0
393,43.9,11093.0,187.1,58.3,0.54,12,0.226,0
394,44.4,11291.0,184.6,56.9,0.44,0,0.236,1
395,42.9,12834.0,190.6,55.3,0.64,12,0.211,0
396,44.4,12285.0,171.4,53.7,0.85,12,0.262,0
397,43.0,11415.0,188.2,52.0,0.62,12,0.216,0
398,43.7,11855.0,174.1,50.6,0.64,12,0.248,0
399,40.6,11751.0,176.6,49.3,0.69,12,0.21,0
400,41.8,9709.0,183.4,48.6,0.62,12,0.211,0
401,42.7,10985.0,187.4,47.8,0.67,12,0.214,0
402,44.2,11573.0,173.1,47.7,0.68,0,0.256,0
403,41.1,11347.0,176.9,47.9,0.55,12,0.214,0
404,43.3,11758.0,180.6,48.4,0.63,12,0.231,0
405,41.3,12365.0,178.9,49.3,0.71,0,0.213,0
406,41.6,11338.0,185.1,50.7,0.73,12,0.206,0
407,43.9,10811.0,200.6,52.1,0.77,0,0.205,0
408,36.8,11767.0,182.5,53.8,0.68,12,0.164,0
409,38.4,11300.0,175.6,55.1,0.68,12,0.19,0
410,37.9,11408.0,172.2,56.5,0.72,12,0.19,0
411,35.7,11302.0,178.0,57.9,0.59,0,0.161,0
412,39.8,13064.0,174.4,59.0,0.58,0,0.205,0
413,43.3,9915.0,182.8,59.6,0.64,0,0.227,1
414,40.7,11201.0,182.7,60.0,0.52,12,0.201,0
415,41.8,11459.0,177.2,59.5,0.69,0,0.221,0
416,44.0,10903.0,191.9,59.0,0.75,12,0.219,0
417,44.5,12069.0,175.6,58.2,0.58,12,0.254,0
418,40.9,11997.0,179.3,56.9,0.69,12,0.209,0
419,44.4,11383.0,183.8,55.8,0.59,0,0.238,0
420,41.2,11216.0,185.4,54.2,0.55,0,0.202,0
421,38.8,11316.0,187.7,52.4,0.86,12,0.176,0
422,39.4,11310.0,182.6,51.0,0.55,0,0.189,1
423,37.1,11317.0,186.3,49.7,0.52,12,0.163,0
424,38.5,11230.0,176.0,48.9,0.67,12,0.19,0
425,39.8,11527.0,185.5,48.3,0.68,12,0.188,0
426,42.7,11866.0,185.4,48.1,0.72,0,0.216,1
427,44.9,10467.0,189.1,48.4,0.85,12,0.233,0
428,37.1,10582.0,170.0,49.1,0.57,12,0.185,0
429,41.5,10082.0,174.6,50.0,0.59,0,0.222,0
430,37.8,11902.0,184.9,51.2,0.81,12,0.171,0
431,41.5,11460.0,164.1,52.7,0.74,0,0.244,0
432,40.0,11627.0,183.0,54.2,0.72,12,0.194,0
433,35.7,10262.0,186.4,55.8,0.58,12,0.15,0
434,42.5,12501.0,176.5,57.2,0.75,0,0.23,0
435,38.6,10815.0,177.4,58.3,0.72,12,0.189,0
436,38.7,11348.0,173.6,59.0,0.66,12,0.196,0
437,37.3,11818.0,176.9,59.6,0.58,12,0.177,0
438,38.3,10518.0,177.0,59.6,0.65,0,0.186,1
439,41.0,10816.0,175.9,59.3,0.8,12,0.215,0
440,39.4,11313.0,175.6,58.5,0.52,0,0.199,0
441,40.6,13177.0,178.4,57.3,0.55,0,0.207,0
442,40.7,11377.0,178.3,56.1,0.57,12,0.208,0
443,43.0,12280.0,191.2,54.7,0.59,12,0.211,0
444,38.8,11989.0,177.6,53.1,0.62,12,0.19,0
445,35.9,11393.0,182.1,51.4,0.72,12,0.157,0
446,42.2,10432.0,176.5,49.8,0.67,12,0.227,0
447,38.7,11856.0,176.5,48.6,0.62,12,0.191,0
448,42.2,10055.0,169.8,47.7,0.64,12,0.24,0
449,40.4,12214.0,170.6,47.2,0.68,0,0.218,0
450,39.0,11223.0,172.8,47.1,0.44,12,0.2,0
451,40.2,9217.0,181.1,47.3,0.72,12,0.198,0
452,44.1,10824.0,186.5,47.6,0.52,12,0.23,0
453,44.4,11510.0,169.3,48.5,0.56,12,0.266,0
454,39.3,10876.0,176.7,49.7,0.64,12,0.197,0
455,39.5,11532.0,171.8,51.1,0.59,0,0.207,0
456,41.7,10426.0,178.4,52.5,0.64,12,0.219,0
457,36.9,10097.0,186.5,54.1,0.61,12,0.161,0
458,39.8,10951.0,177.3,55.8,0.56,0,0.2,1
459,38.9,11013.0,179.7,57.0,0.74,12,0.188,0
460,39.7,10737.0,188.7,57.9,0.65,0,0.182,0
461,36.7,11830.0,182.7,58.4,0.61,12,0.164,0
462,34.8,10366.0,175.4,58.7,0.65,0,0.156,1
463,33.6,11170.0,181.0,58.6,0.5,0,0.139,1
464,35.9,10989.0,175.0,58.1,0.79,0,0.166,0
465,37.5,9842.0,182.5,57.4,0.46,12,0.171,0
466,37.9,9998.0,183.1,56.1,0.57,12,0.174,0
467,43.4,10920.0,171.8,54.6,0.53,0,0.249,0
468,41.3,12289.0,181.1,53.2,0.52,12,0.21,0
469,36.1,11298.0,179.3,51.7,0.51,12,0.162,0
470,39.3,9675.0,183.3,50.0,0.47,12,0.187,0
471,37.4,8696.0,185.0,48.8,0.66,12,0.167,0
472,37.7,11377.0,182.9,47.8,0.42,12,0.172,0
473,38.8,10787.0,178.2,47.3,0.64,12,0.189,0
474,39.8,11643.0,185.6,47.2,0.6,12,0.189,0
475,37.4,10218.0,174.8,47.2,0.49,12,0.181,0
476,40.9,11071.0,172.1,47.8,0.58,12,0.221,0
477,35.3,11408.0,160.8,48.8,0.51,12,0.181,0
478,38.2,10494.0,179.6,50.1,0.41,0,0.181,0
479,44.6,10499.0,175.1,51.6,0.4,12,0.256,0
480,38.6,10806.0,182.4,53.3,0.57,12,0.182,0
481,41.6,11159.0,168.2,54.9,0.56,0,0.236,0
482,38.2,10760.0,176.1,56.4,0.52,12,0.187,0
483,39.4,11442.0,182.8,57.8,0.46,12,0.189,0
484,37.8,10428.0,173.8,59.0,0.47,12,0.186,0
485,37.5,9813.0,182.5,59.7,0.45,12,0.171,0
486,35.9,12117.0,176.7,59.9,0.31,12,0.164,0
487,38.9,10301.0,179.8,59.8,0.48,12,0.188,0
488,35.7,10318.0,183.6,59.2,0.53,0,0.154,0
489,39.4,10660.0,185.7,58.2,0.48,12,0.185,0
490,40.5,10745.0,180.6,57.3,0.64,12,0.202,0
491,38.6,10418.0,175.1,55.7,0.36,12,0.192,0
492,37.0,10668.0,177.3,54.3,0.39,12,0.173,0
493,38.8,10644.0,183.8,52.7,0.46,12,0.181,0
494,36.9,10785.0,173.9,51.1,0.47,0,0.177,0
495,39.9,9004.0,178.9,49.8,0.25,0,0.199,0
496,33.0,11962.0,177.7,48.8,0.5,0,0.138,0
497,36.7,10534.0,179.4,48.3,0.46,12,0.168,0
498,32.6,11035.0,173.9,48.1,0.22,12,0.138,0
499,33.8,9655.0,168.9,48.2,0.41,12,0.155,0
500,40.9,10282.0,183.1,49.0,0.34,12,0.202,0
501,39.7,10133.0,185.8,50.0,0.37,12,0.187,0
502,35.6,11624.0,169.2,51.5,0.28,12,0.172,0
503,33.7,10177.0,182.2,53.0,0.45,12,0.138,0
504,30.0,11109.0,186.5,54.5,0.58,12,0.106,0
505,36.0,10115.0,183.6,56.1,0.42,12,0.156,0
506,43.4,10245.0,177.5,57.5,0.17,12,0.238,0
507,38.4,10382.0,174.3,58.8,0.41,12,0.191,0
508,35.9,11445.0,180.5,59.7,0.36,12,0.159,0
509,38.5,9215.0,181.5,60.1,0.27,12,0.181,0
510,33.4,9609.0,180.6,60.4,0.41,12,0.137,0
511,36.5,9159.0,178.9,60.1,0.46,12,0.167,0
512,37.5,9753.0,173.5,59.5,0.3,0,0.183,0
513,37.0,9939.0,182.5,58.6,0.19,12,0.166,0
514,39.2,9369.0,182.8,57.5,0.15,12,0.186,0
515,38.1,9978.0,181.2,55.9,0.28,12,0.178,0
516,38.8,9074.0,180.7,54.3,0.33,12,0.186,0
517,35.4,9764.0,190.1,52.7,0.29,12,0.144,0
518,39.4,11309.0,176.3,51.1,0.27,12,0.198,0
519,41.2,10744.0,187.7,49.8,0.39,12,0.199,0
520,34.7,10585.0,175.6,48.8,0.37,0,0.155,0
521,34.9,9745.0,186.7,48.3,0.34,0,0.143,0
522,40.4,9364.0,187.4,48.1,0.4,12,0.192,0
523,36.6,9635.0,178.2,48.2,0.25,12,0.168,0
524,40.6,10395.0,190.0,49.0,0.2,0,0.189,0
525,36.0,11025.0,182.8,50.0,0.25,12,0.157,0
526,40.7,11042.0,174.7,51.2,0.24,0,0.214,0
527,37.4,10845.0,177.8,52.8,0.09,0,0.176,0
528,37.7,9880.0,186.8,54.4,0.24,12,0.167,0
529,40.9,10407.0,185.5,55.9,0.4,12,0.199,0
530,36.1,10158.0,173.7,57.4,0.36,12,0.17,0
531,34.7,10235.0,179.2,58.6,0.33,0,0.15,0
532,35.9,11795.0,181.2,59.7,0.29,12,0.158,0
533,38.1,9129.0,177.0,60.3,0.42,12,0.185,0
534,33.1,10192.0,194.1,60.4,0.16,12,0.122,0
535,38.6,11197.0,181.4,60.0,0.17,0,0.183,0
536,35.7,9317.0,179.6,59.5,0.37,0,0.158,0
537,39.9,9886.0,187.1,58.5,0.26,12,0.187,0
538,31.0,9959.0,177.8,57.3,0.18,12,0.121,0
539,35.0,10167.0,186.0,55.9,0.3,12,0.145,0
540,32.8,9200.0,170.0,54.3,0.2,0,0.144,0
541,34.9,10728.0,177.3,52.9,0.16,0,0.155,0
542,37.6,10771.0,186.3,51.5,0.15,12,0.167,0
543,36.6,10654.0,189.4,50.2,0.27,0,0.154,0
544,36.4,9683.0,175.4,49.3,0.25,12,0.17,0
545,36.6,10347.0,174.7,48.9,0.38,12,0.173,0
546,37.5,9651.0,183.4,48.6,0.19,0,0.17,0
547,34.5,10042.0,176.3,48.8,0.19,12,0.152,0
548,38.8,11776.0,178.4,49.2,0.36,0,0.189,0
549,38.7,10330.0,185.3,50.2,0.31,12,0.178,0
550,38.0,9426.0,176.7,51.4,0.22,12,0.184,0
551,38.4,10378.0,168.2,52.8,0.05,12,0.201,0
552,37.8,9300.0,172.2,54.3,0.12,12,0.188,0
553,42.1,9401.0,180.1,55.9,0.1,12,0.22,0
554,36.8,9506.0,168.8,57.2,0.2,0,0.184,0
555,36.3,9918.0,178.2,58.1,0.15,12,0.166,0
556,35.2,10880.0,171.6,59.1,0.35,12,0.164,0
557,34.5,10623.0,189.8,59.5,0.03,12,0.137,0
558,34.0,10579.0,193.0,59.8,0.07,12,0.13,0
559,34.9,9439.0,173.7,59.8,0.21,12,0.159,0
560,36.9,9824.0,181.5,59.2,0.24,12,0.167,0
561,38.0,10388.0,174.2,58.4,0.0,12,0.187,0
562,37.3,9753.0,178.1,57.1,0.01,12,0.175,0
563,35.2,9993.0,190.8,55.9,0.15,12,0.142,0
564,39.4,10492.0,177.2,54.2,0.31,12,0.197,0
565,39.0,9934.0,178.3,52.4,0.36,12,0.191,0
566,36.8,10332.0,174.3,51.0,0.13,0,0.176,0
567,35.6,11284.0,186.9,49.9,0.15,12,0.149,0
568,38.6,10044.0,160.4,49.0,0.08,0,0.217,0
569,37.7,10985.0,177.3,48.4,0.23,12,0.18,0
570,33.7,10547.0,179.7,48.2,0.32,0,0.141,0
571,37.1,9123.0,176.0,48.5,0.29,0,0.176,0
572,38.0,9375.0,185.2,49.1,0.16,12,0.172,0
573,35.1,9558.0,187.2,50.4,0.08,12,0.144,0
574,37.8,9539.0,171.5,51.6,0.16,12,0.19,0
575,33.7,10070.0,192.6,53.1,0.3,0,0.128,0
576,40.7,10559.0,171.5,54.8,0.12,12,0.22,0
577,40.5,11004.0,187.7,56.2,0.0,12,0.192,0
578,36.8,10337.0,180.9,57.6,0.12,12,0.167,0
579,38.4,9805.0,177.0,59.0,0.13,12,0.187,0
580,31.5,8656.0,177.5,60.0,0.0,0,0.125,0
581,34.6,10159.0,179.8,60.6,0.18,12,0.149,0
582,36.8,10124.0,181.3,60.6,0.2,12,0.166,0
583,34.9,10230.0,174.5,60.5,0.34,12,0.158,0
584,39.4,11573.0,178.6,59.9,0.02,12,0.194,0
585,42.6,10963.0,175.4,59.0,0.22,0,0.233,0
586,34.7,10641.0,172.7,57.8,0.25,0,0.158,0
587,35.6,9414.0,175.1,56.3,0.2,12,0.163,0
588,38.3,9725.0,173.1,54.7,0.05,12,0.192,0
589,41.7,10015.0,177.5,53.1,0.04,12,0.22,0
590,34.7,9535.0,182.6,51.6,0.16,12,0.146,0
591,38.4,10425.0,180.7,50.6,0.16,12,0.182,0
592,42.4,10321.0,191.8,49.7,0.09,0,0.204,0
593,33.7,9307.0,166.7,49.0,0.28,12,0.157,0
594,34.7,10903.0,182.8,49.1,0.11,12,0.146,0
595,36.8,10134.0,180.0,49.2,0.0,12,0.168,0
596,36.6,8849.0,184.9,49.8,0.13,12,0.16,0
597,40.0,10021.0,184.3,50.9,0.2,12,0.192,0
598,38.6,10251.0,179.0,51.9,0.19,12,0.186,0
599,33.6,10733.0,181.0,53.3,0.19,12,0.139,0
600,39.4,9813.0,175.5,54.8,0.31,12,0.199,0
601,36.7,10626.0,183.7,56.4,0.05,12,0.162,0
602,41.3,10175.0,168.7,57.9,0.12,0,0.232,0
603,36.6,9121.0,184.7,59.1,0.31,12,0.16,0
604,36.6,9049.0,179.9,60.0,0.0,12,0.166,0
605,39.6,10823.0,177.1,60.8,0.16,0,0.199,0
606,40.2,10872.0,178.6,61.0,0.29,12,0.203,0
607,39.4,10259.0,179.0,60.8,0.29,12,0.194,0
608,34.2,11078.0,187.8,60.2,0.23,0,0.136,0
609,39.8,10768.0,199.4,59.5,0.24,12,0.17,0
610,35.9,10505.0,187.3,58.3,0.07,0,0.151,0
611,39.1,9387.0,176.6,56.8,0.31,12,0.194,0
612,35.0,11235.0,183.8,55.0,0.05,0,0.147,0
613,39.7,10397.0,184.0,53.2,0.06,12,0.189,0
614,36.6,9750.0,174.4,51.7,0.22,12,0.173,0
615,35.4,9550.0,172.4,50.5,0.13,0,0.165,0
616,40.5,10196.0,179.6,49.5,0.2,12,0.204,0
617,39.3,8845.0,184.8,48.9,0.23,12,0.185,0
618,37.2,10503.0,170.3,48.6,0.37,12,0.186,0
619,42.5,9345.0,175.7,48.7,0.23,12,0.231,0
620,37.8,10271.0,183.4,49.4,0.13,12,0.172,0
621,39.0,9645.0,180.3,50.5,0.26,12,0.188,0
622,39.6,9824.0,188.5,51.6,0.12,12,0.183,0
623,37.5,9478.0,171.5,53.1,0.29,0,0.186,0
624,40.2,9894.0,194.1,54.4,0.21,0,0.181,0
625,37.8,11328.0,170.8,55.8,0.25,0,0.19,0
626,38.1,10975.0,167.8,57.2,0.03,12,0.199,0
627,42.6,10252.0,179.6,58.6,0.0,12,0.226,0
628,36.6,9986.0,173.2,59.4,0.07,12,0.176,0
629,33.3,10594.0,179.8,59.9,0.39,12,0.137,0
630,43.4,10793.0,179.6,60.1,0.11,12,0.234,0
631,45.8,9421.0,178.8,59.9,0.3,0,0.262,0
632,38.4,9947.0,174.9,59.2,0.17,12,0.191,0
633,34.7,8726.0,182.6,58.5,0.21,12,0.146,0
634,38.8,10787.0,178.1,57.3,0.23,12,0.189,0
635,38.9,11446.0,186.6,55.8,0.4,12,0.178,0
636,39.2,10056.0,178.9,54.2,0.3,12,0.192,0
637,36.9,8513.0,174.2,52.7,0.29,12,0.177,0
638,41.2,10426.0,169.9,51.4,0.38,0,0.228,0
639,41.1,9367.0,179.0,50.4,0.19,12,0.211,0
640,36.1,9536.0,172.4,49.3,0.37,12,0.172,0
641,41.7,10439.0,171.9,48.9,0.35,0,0.23,0
642,45.1,10179.0,183.2,48.7,0.36,0,0.246,0
643,40.4,9659.0,169.3,49.0,0.26,0,0.221,0
644,39.2,9546.0,188.5,49.6,0.23,12,0.179,0
645,39.8,10090.0,181.0,50.6,0.19,12,0.195,0
646,41.7,9715.0,179.7,51.9,0.2,12,0.216,0
647,35.9,9226.0,173.8,53.5,0.2,0,0.168,0
648,40.7,9771.0,184.6,55.2,0.33,0,0.198,0
649,39.4,10242.0,180.0,56.8,0.27,12,0.192,0
650,45.0,9880.0,175.9,58.2,0.34,12,0.26,0
651,40.0,9016.0,181.2,59.2,0.35,12,0.197,0
652,44.7,10699.0,169.9,59.9,0.2,12,0.269,0
653,37.8,8090.0,170.2,60.5,0.2,12,0.192,0
654,42.1,9696.0,173.3,60.6,0.29,12,0.232,0
655,41.5,9576.0,182.1,60.5,0.24,12,0.21,0
656,38.6,10115.0,180.0,59.7,0.24,12,0.185,0
657,41.3,10405.0,186.3,58.7,0.5,12,0.201,0
658,43.9,10802.0,174.5,57.4,0.18,12,0.25,0
659,40.1,9516.0,183.4,56.1,0.54,12,0.194,0
660,36.8,10427.0,179.3,54.5,0.37,12,0.169,0
661,41.0,10155.0,174.3,53.0,0.45,12,0.218,0
662,38.9,8821.0,182.3,51.5,0.44,12,0.184,0
663,40.3,11351.0,179.6,50.4,0.42,0,0.202,0
664,41.0,9015.0,176.2,49.6,0.53,12,0.215,0
665,37.0,10318.0,180.3,49.0,0.26,12,0.17,0
666,37.3,10299.0,179.2,48.5,0.36,12,0.174,0
667,42.6,10221.0,179.1,48.7,0.29,12,0.227,0
668,40.2,9684.0,177.5,49.3,0.21,12,0.204,0
669,35.1,10611.0,172.2,50.3,0.32,0,0.163,0
670,43.6,8942.0,180.4,51.5,0.58,12,0.235,0
671,42.4,9990.0,175.2,53.0,0.38,12,0.231,0
672,40.0,9644.0,173.9,54.6,0.6,0,0.208,0
673,38.5,9567.0,178.6,56.0,0.61,12,0.186,0
674,44.0,10344.0,184.4,57.4,0.71,12,0.232,1
675,42.8,10800.0,181.1,58.9,0.6,12,0.225,0
676,48.0,9808.0,176.8,59.9,0.65,12,0.292,0
677,43.1,10597.0,176.6,60.7,0.46,0,0.237,0
678,43.1,10088.0,183.8,60.7,0.45,0,0.224,0
679,41.8,9431.0,165.6,60.5,0.46,12,0.243,0
680,44.3,9879.0,184.8,59.8,0.44,12,0.235,0
681,43.9,9852.0,168.8,58.8,0.46,12,0.262,0
682,45.5,9577.0,171.5,57.6,0.52,12,0.275,0
683,41.2,10368.0,176.9,56.1,0.4,12,0.215,0
684,41.4,10235.0,193.0,54.5,0.32,0,0.193,0
685,41.4,8960.0,190.1,52.8,0.5,12,0.197,0
686,44.6,8921.0,184.2,51.4,0.4,12,0.239,0
687,46.5,10378.0,182.1,50.3,0.41,0,0.263,0
688,41.6,9513.0,168.8,49.1,0.46,0,0.235,0
689,41.8,10298.0,180.9,48.6,0.44,12,0.215,0
690,43.7,10637.0,176.7,48.5,0.59,12,0.243,0
691,42.4,9204.0,175.1,48.7,0.47,0,0.231,1
692,45.4,9109.0,180.9,49.2,0.61,12,0.254,0
693,37.5,11273.0,177.2,50.3,0.52,12,0.178,0
694,41.1,10351.0,185.2,51.4,0.49,12,0.202,0
695,41.3,9815.0,168.4,52.9,0.52,0,0.232,1
696,37.5,9459.0,180.5,54.3,0.38,12,0.174,0
697,41.0,9759.0,174.7,55.6,0.55,12,0.217,0
698,41.2,9287.0,177.5,57.1,0.6,12,0.214,0
699,43.0,10743.0,181.8,58.2,0.62,0,0.226,0
700,46.4,9585.0,173.3,59.1,0.39,12,0.281,0
701,43.1,10898.0,181.0,59.8,0.38,12,0.228,0
702,41.2,9856.0,178.7,60.3,0.48,12,0.212,0
703,43.7,9410.0,176.0,60.1,0.68,12,0.244,0
704,46.5,9847.0,177.2,59.6,0.56,0,0.274,0
705,41.5,8313.0,179.1,58.7,0.47,12,0.215,0
706,41.7,10069.0,175.4,57.4,0.4,0,0.224,0
707,45.5,10039.0,180.0,55.7,0.48,12,0.256,0
708,43.6,10740.0,178.3,54.4,0.48,12,0.239,0
709,45.9,8847.0,176.3,52.7,0.65,12,0.268,0
710,44.3,10986.0,189.5,51.4,0.66,12,0.226,0
711,46.1,10752.0,182.5,50.2,0.46,0,0.259,0
712,41.9,11058.0,177.7,49.2,0.65,0,0.221,1
713,44.5,10150.0,180.9,48.6,0.64,12,0.244,0
714,44.1,10901.0,173.8,48.6,0.46,12,0.253,0
715,41.6,9167.0,177.4,49.0,0.57,0,0.219,1
716,40.8,10701.0,178.1,49.6,0.62,12,0.21,0
717,46.5,9667.0,172.5,50.4,0.6,0,0.285,0
718,44.0,9056.0,182.3,51.7,0.42,12,0.236,0
719,42.4,9430.0,177.0,53.1,0.61,12,0.228,0
720,44.8,10227.0,177.9,54.8,0.66,12,0.253,1
721,47.9,9651.0,176.6,56.5,0.76,12,0.292,0
722,39.4,10497.0,197.8,57.7,0.53,0,0.169,0
723,41.5,8973.0,176.0,59.0,0.55,12,0.22,0
724,43.0,8756.0,167.6,59.9,0.59,12,0.253,0
725,49.0,11211.0,170.4,60.5,0.64,12,0.322,0
726,46.1,10888.0,184.6,60.8,0.62,12,0.255,0
727,47.4,9527.0,188.0,60.7,0.67,0,0.262,0
728,42.7,10265.0,175.9,60.2,0.5,12,0.234,0
729,42.8,10987.0,187.7,59.2,0.66,0,0.215,0
730,46.8,10572.0,184.4,57.9,0.55,12,0.263,0
731,45.9,10389.0,178.9,56.4,0.61,12,0.264,0
732,47.2,11058.0,178.4,54.7,0.8,12,0.28,0
733,45.4,9786.0,181.1,53.1,0.49,12,0.254,0
734,46.7,10325.0,185.3,51.9,0.6,12,0.259,0
735,46.4,10297.0,182.4,50.4,0.5,12,0.262,0
736,48.1,10125.0,175.9,49.5,0.65,12,0.296,0
737,48.2,10049.0,179.0,48.9,0.74,12,0.29,0
738,42.2,10379.0,191.9,48.7,0.65,0,0.202,1
739,40.7,10359.0,181.5,48.8,0.63,0,0.203,0
740,48.9,9607.0,185.2,49.2,0.77,12,0.285,0
741,49.4,10909.0,183.2,50.0,0.67,0,0.295,0
742,44.0,9671.0,181.6,51.4,0.72,0,0.237,1
743,41.9,10208.0,180.7,52.7,0.71,0,0.217,0
744,46.9,10161.0,185.4,54.2,0.36,12,0.262,0
745,49.1,10625.0,184.3,56.0,0.64,12,0.289,0
746,51.3,8898.0,181.6,57.4,0.54,12,0.322,0
747,48.2,11012.0,175.8,58.7,0.56,0,0.297,0
748,46.0,9921.0,182.3,59.8,0.79,12,0.258,0
749,44.8,11256.0,179.6,60.5,0.61,12,0.249,0
750,47.1,10074.0,178.2,60.5,0.84,0,0.279,0
751,46.4,10382.0,196.1,60.2,0.51,0,0.237,0
752,44.7,11763.0,170.8,59.7,0.54,12,0.266,0
753,52.4,10236.0,185.8,59.0,0.73,0,0.326,1
754,51.8,11305.0,174.8,57.6,0.62,0,0.347,0
755,50.2,10472.0,180.8,56.1,0.68,12,0.311,0
756,45.2,10743.0,195.4,54.6,0.64,0,0.226,0
757,49.7,10509.0,174.2,53.1,0.64,12,0.32,0
758,49.2,11061.0,175.7,51.8,0.62,12,0.311,0
759,48.8,9995.0,179.9,50.4,0.67,0,0.295,0
760,50.9,9793.0,174.9,49.4,0.71,12,0.334,0
761,49.4,10043.0,185.3,48.8,0.81,12,0.29,0
762,49.7,10567.0,176.8,48.8,0.63,0,0.314,0
763,49.5,10351.0,183.9,49.0,0.61,12,0.295,0
764,48.8,11010.0,172.0,49.6,0.59,12,0.315,0
765,43.6,11434.0,169.2,50.4,0.79,12,0.257,0
766,48.3,9845.0,178.6,51.9,0.71,12,0.293,0
767,46.8,10023.0,170.6,53.3,0.45,12,0.293,0
768,45.1,9539.0,189.1,55.0,0.45,12,0.235,0
769,52.5,11974.0,170.8,56.6,0.56,0,0.368,0
770,52.7,10774.0,173.8,58.0,0.66,12,0.362,0
771,51.8,10904.0,182.5,59.1,0.64,12,0.327,0
772,49.1,9639.0,176.5,59.8,0.69,12,0.308,0
773,51.9,10584.0,170.9,60.5,0.62,12,0.36,0
774,48.7,10950.0,192.2,60.7,0.78,12,0.268,0
775,49.2,10424.0,174.0,60.6,0.71,12,0.315,0
776,46.0,11363.0,178.8,59.8,0.64,12,0.265,0
777,49.8,12236.0,178.7,58.7,0.75,12,0.311,0
778,49.0,9964.0,184.3,57.6,0.46,12,0.288,0
779,45.7,9920.0,182.8,56.4,0.62,12,0.253,0
780,48.9,10029.0,175.0,54.8,0.64,12,0.308,0
781,48.9,11776.0,178.0,53.3,0.68,12,0.301,0
782,53.6,11390.0,178.6,51.9,0.45,12,0.36,0
783,51.4,10575.0,184.5,50.6,0.59,12,0.317,0
784,49.3,10704.0,173.0,49.9,0.66,0,0.318,1
785,49.9,10115.0,192.1,49.2,0.66,12,0.282,0
786,49.5,11319.0,175.4,49.2,0.73,12,0.314,0
787,48.9,10439.0,179.9,49.4,0.69,12,0.297,0
788,46.8,10531.0,173.0,50.0,0.6,12,0.287,0
789,49.2,11149.0,172.2,51.1,0.67,12,0.319,0
790,47.7,10600.0,174.8,52.4,0.58,12,0.294,0
791,46.5,10576.0,174.2,53.8,0.61,12,0.281,0
792,51.0,10757.0,177.5,55.6,0.67,12,0.329,0
793,50.7,11315.0,174.1,57.3,0.59,12,0.334,0
794,45.3,11920.0,184.2,58.9,0.63,0,0.247,0
795,49.6,11187.0,175.3,59.6,0.68,0,0.316,0
796,52.4,11348.0,174.6,60.6,0.65,12,0.355,0
797,52.6,10655.0,177.6,61.3,0.7,0,0.35,1
798,52.6,10309.0,186.0,61.5,0.81,12,0.328,0
799,50.2,11272.0,181.3,61.3,0.64,12,0.309,0
800,48.0,10943.0,179.4,60.8,0.52,12,0.287,0
801,47.5,9837.0,171.4,59.9,0.62,0,0.299,0
802,51.1,10613.0,173.1,58.6,0.61,12,0.342,0
803,51.2,10794.0,172.3,57.4,0.62,0,0.346,0
804,53.6,10504.0,187.8,55.9,0.71,12,0.335,0
805,53.2,11908.0,183.2,54.4,0.38,12,0.342,0
806,50.1,11216.0,174.8,53.0,0.7,12,0.324,0
807,47.4,11851.0,176.6,51.9,0.73,12,0.286,0
808,49.8,11084.0,175.0,51.1,0.6,0,0.319,1
809,51.2,10967.0,174.7,50.5,0.6,12,0.338,0
810,50.2,10264.0,182.8,50.4,0.51,12,0.305,0
811,49.3,10938.0,178.3,50.6,0.53,12,0.305,0
812,51.4,10948.0,192.5,51.4,0.59,0,0.298,0
813,49.5,9992.0,187.5,52.5,0.58,12,0.287,0
814,49.3,10581.0,187.9,53.7,0.59,12,0.284,0
815,51.7,10743.0,184.0,55.4,0.58,12,0.321,0
816,49.9,11268.0,177.5,56.7,0.6,12,0.315,0
817,51.6,11312.0,183.6,58.3,0.58,12,0.321,0
818,51.7,10592.0,177.9,59.7,0.4,12,0.337,0
819,48.2,11337.0,189.8,61.2,0.58,12,0.268,0
820,49.9,10892.0,182.4,62.2,0.68,12,0.303,0
821,54.8,9021.0,181.6,62.7,0.48,12,0.367,0
822,48.3,10700.0,180.8,62.8,0.63,12,0.288,0
823,46.0,11805.0,190.4,62.6,0.39,12,0.242,0
824,46.6,9883.0,171.4,61.9,0.47,12,0.289,0
825,51.4,11149.0,191.0,60.9,0.41,12,0.302,0
826,51.5,12190.0,178.9,59.6,0.6,12,0.331,0
827,51.1,10558.0,171.6,58.2,0.62,12,0.347,0
828,54.5,11103.0,175.5,56.7,0.45,12,0.382,0
829,44.8,10199.0,170.1,55.0,0.57,12,0.27,0
830,52.5,12261.0,183.9,53.3,0.61,0,0.332,0
831,55.5,11074.0,173.8,52.1,0.44,0,0.401,0
832,48.8,11176.0,181.0,51.3,0.45,0,0.293,0
833,50.7,12102.0,186.8,50.7,0.51,0,0.303,0
834,49.8,11627.0,176.0,50.6,0.34,0,0.318,0
835,49.5,10562.0,178.4,51.0,0.43,12,0.308,0
836,51.0,10732.0,172.2,51.7,0.63,12,0.343,0
837,55.4,11542.0,177.7,53.0,0.36,0,0.387,0
838,56.5,10770.0,195.4,54.6,0.49,12,0.352,0
839,51.1,9735.0,184.7,55.8,0.46,12,0.312,0
840,56.7,11191.0,178.4,57.1,0.38,0,0.403,0
841,52.1,10203.0,176.3,58.7,0.42,12,0.346,0
842,56.4,12381.0,179.7,60.2,0.57,12,0.395,0
843,51.8,11384.0,180.8,61.4,0.44,12,0.331,0
844,52.4,10638.0,177.5,62.5,0.45,12,0.347,0
845,53.0,10793.0,183.2,63.0,0.54,12,0.34,0
846,60.1,9970.0,174.3,63.2,0.34,12,0.468,0
847,54.3,10534.0,174.2,62.9,0.26,12,0.382,0
848,50.4,12026.0,182.2,62.3,0.54,12,0.31,0
849,54.6,12888.0,173.0,61.4,0.37,12,0.391,0
850,51.3,11845.0,184.4,60.1,0.44,12,0.316,0
851,51.1,11283.0,179.9,58.6,0.27,12,0.323,0
852,54.6,11056.0,169.0,57.1,0.38,12,0.403,0
853,52.4,10700.0,180.7,55.6,0.23,12,0.339,0
854,53.1,12823.0,169.9,54.2,0.34,12,0.379,0
855,52.4,11260.0,184.2,52.9,0.27,0,0.33,0
856,53.3,12884.0,178.5,51.8,0.24,12,0.356,0
857,53.5,12389.0,191.1,51.2,0.29,12,0.327,0
858,47.6,10207.0,186.4,51.1,0.09,12,0.268,0
859,54.2,10970.0,173.6,51.2,0.2,12,0.382,0
860,50.1,10979.0,167.9,51.9,0.39,12,0.343,0
861,48.9,11403.0,175.5,53.1,0.34,0,0.308,0
862,52.4,11428.0,172.7,54.3,0.19,12,0.361,0
863,52.8,13578.0,191.0,55.9,0.35,0,0.318,0
864,50.9,10738.0,179.9,57.2,0.2,12,0.321,0
865,54.7,11664.0,185.6,58.9,0.36,0,0.355,0
866,49.3,11946.0,178.3,60.2,0.27,0,0.305,0
867,51.7,11525.0,178.9,61.6,0.25,12,0.334,0
868,51.2,11615.0,179.8,62.4,0.27,12,0.326,0
869,52.6,10817.0,186.6,63.0,0.53,12,0.326,0
870,53.4,11635.0,181.9,63.1,0.19,12,0.349,0
871,50.2,11930.0,173.7,62.9,0.29,12,0.329,0
872,54.6,11812.0,189.7,62.5,0.34,12,0.343,0
873,52.9,11993.0,178.2,61.5,0.16,0,0.352,0
874,48.1,12595.0,177.3,60.5,0.09,12,0.293,0
875,47.9,12273.0,163.0,59.1,0.19,0,0.327,0
876,52.8,11678.0,183.8,57.7,0.32,12,0.336,0
877,52.3,10820.0,180.6,55.9,0.21,12,0.337,0
878,52.6,11231.0,180.6,54.5,0.21,0,0.341,0
879,52.8,11509.0,177.6,53.1,0.32,12,0.352,0
880,53.4,11851.0,176.5,52.4,0.15,0,0.364,0
881,55.3,11351.0,177.8,51.8,0.22,0,0.385,0
882,50.1,11042.0,182.8,51.3,0.07,12,0.305,0
883,50.0,10877.0,183.8,51.4,0.25,12,0.301,0
884,50.2,10565.0,178.6,51.9,0.24,12,0.316,0
885,53.7,11567.0,185.7,52.9,0.29,12,0.342,0
886,56.1,10715.0,179.5,54.3,0.1,0,0.391,0
887,51.9,11055.0,177.0,55.7,0.19,0,0.342,0
888,46.7,11491.0,181.2,57.2,0.08,12,0.268,0
889,48.7,10843.0,171.8,58.8,0.18,12,0.314,0
890,50.9,12055.0,181.4,60.1,0.35,0,0.318,0
891,51.6,12319.0,170.7,61.4,0.16,12,0.355,0
892,52.0,11428.0,173.8,62.4,0.06,12,0.351,0
893,53.1,11518.0,167.9,63.0,0.12,0,0.385,0
894,52.2,12212.0,178.9,63.2,0.03,0,0.341,0
895,55.6,11348.0,189.7,63.0,0.06,12,0.357,0
896,51.3,11311.0,179.3,62.5,0.25,12,0.328,0
897,50.8,12708.0,183.9,61.4,0.04,12,0.311,0
898,54.2,12501.0,194.1,60.2,0.21,12,0.328,0
899,49.2,12315.0,182.4,58.9,0.18,12,0.294,0
900,54.0,12554.0,175.4,57.4,0.12,12,0.374,0
901,53.3,10533.0,176.2,55.9,0.2,0,0.362,0
902,52.6,12877.0,180.0,54.4,0.08,12,0.343,0
903,57.0,12215.0,176.2,53.3,0.25,0,0.415,0
904,51.4,12660.0,176.7,52.4,0.1,12,0.337,0
905,58.1,12235.0,185.9,51.6,0.13,12,0.401,0
906,52.4,12010.0,186.2,51.5,0.11,12,0.325,0
907,49.8,11794.0,170.1,51.5,0.23,12,0.333,0
908,53.2,12256.0,175.1,52.2,0.22,0,0.364,0
909,50.3,11792.0,177.2,53.1,0.0,12,0.32,0
910,51.1,12629.0,183.6,54.3,0.18,12,0.315,0
911,54.0,10923.0,186.9,55.7,0.0,0,0.343,0
912,54.3,11666.0,196.2,57.2,0.12,0,0.325,0
913,51.4,13488.0,177.2,58.8,0.14,12,0.335,0
914,55.4,11630.0,177.5,60.3,0.12,12,0.388,0
915,55.8,11913.0,183.5,61.4,0.2,12,0.376,0
916,56.5,11474.0,175.9,62.5,0.22,12,0.409,0
917,54.2,12338.0,179.2,63.2,0.07,0,0.367,0
918,56.3,11600.0,177.5,63.4,0.07,12,0.401,0
919,48.2,11997.0,164.3,63.4,0.15,12,0.328,0
920,52.1,12732.0,180.7,63.0,0.0,12,0.334,0
921,50.7,11661.0,178.9,62.1,0.1,12,0.321,0
922,53.2,12713.0,187.6,60.8,0.28,12,0.331,0
923,51.4,12749.0,180.0,59.2,0.0,12,0.328,0
924,52.4,12923.0,172.5,57.7,0.12,0,0.362,0
925,57.5,12295.0,178.5,56.3,0.09,0,0.415,0
926,52.4,14477.0,167.5,54.8,0.35,0,0.376,0
927,53.8,12957.0,172.7,53.2,0.1,12,0.38,0
928,52.2,12458.0,183.8,52.3,0.1,12,0.328,0
929,52.9,11629.0,178.5,51.9,0.05,0,0.351,0
930,52.7,12186.0,185.5,51.6,0.15,12,0.331,0
931,53.8,13264.0,168.2,51.9,0.18,12,0.395,0
932,55.6,13474.0,178.5,52.6,0.06,0,0.388,0
933,56.8,13323.0,177.1,53.5,0.25,0,0.409,0
934,53.4,12850.0,185.7,54.9,0.18,0,0.339,0
935,54.1,11433.0,184.0,56.2,0.24,12,0.352,0
936,49.7,12664.0,183.9,57.7,0.12,12,0.298,0
937,52.4,11466.0,189.2,59.3,0.18,12,0.317,0
938,54.9,11305.0,177.8,60.6,0.14,12,0.38,0
939,54.7,12525.0,188.0,61.9,0.31,12,0.349,0
940,53.0,12735.0,173.7,63.0,0.17,0,0.367,0
941,54.7,13013.0,173.5,63.7,0.16,12,0.391,0
942,53.7,12740.0,184.5,64.0,0.12,12,0.345,0
943,55.4,12775.0,171.0,63.6,0.11,0,0.41,1
944,53.1,11725.0,183.4,62.9,0.19,0,0.341,0
945,51.5,12352.0,180.6,61.9,0.25,12,0.327,0
946,53.2,11382.0,186.4,60.7,0.1,12,0.334,0
947,45.0,11046.0,179.6,59.2,0.19,12,0.252,0
948,53.3,12978.0,180.3,57.9,0.19,12,0.351,0
949,43.2,11944.0,183.1,56.3,0.21,12,0.226,0
950,47.9,13093.0,176.0,54.9,0.01,12,0.294,0
951,53.4,13270.0,175.8,53.8,0.09,0,0.365,0
952,53.4,12072.0,182.8,52.9,0.05,0,0.346,0
953,49.3,12930.0,179.8,52.6,0.19,12,0.301,0
954,50.3,12065.0,177.6,52.3,0.1,12,0.32,0
955,55.5,11247.0,179.5,52.4,0.14,12,0.384,0
956,50.9,12636.0,189.6,52.9,0.07,0,0.298,0
957,57.6,12232.0,177.3,54.0,0.16,0,0.421,0
958,52.0,12264.0,177.2,55.4,0.09,0,0.343,0
959,53.0,13966.0,169.8,56.7,0.28,12,0.378,0
960,56.0,11527.0,179.7,58.2,0.25,12,0.389,0
961,52.2,12874.0,183.9,59.9,0.22,12,0.328,0
962,49.4,11920.0,185.0,61.4,0.18,12,0.291,0
963,51.5,13264.0,180.6,62.8,0.01,12,0.328,0
964,51.7,12848.0,185.7,63.7,0.17,12,0.317,0
965,48.3,12915.0,184.4,64.4,0.14,12,0.28,0
966,51.1,11999.0,186.7,64.7,0.25,12,0.307,0
967,49.8,12136.0,185.9,64.4,0.29,0,0.294,0
968,53.9,13332.0,189.4,63.8,0.26,0,0.336,0
969,51.7,13933.0,179.0,62.7,0.36,0,0.334,0
970,50.8,13041.0,172.0,61.5,0.18,12,0.342,0
971,51.2,12087.0,184.0,60.1,0.18,0,0.316,0
972,52.0,12964.0,184.7,58.7,0.35,12,0.324,0
973,53.0,14436.0,189.4,57.2,0.26,12,0.324,0
974,48.9,12820.0,187.7,55.8,0.23,12,0.28,0
975,48.7,13782.0,191.7,54.7,0.44,12,0.27,0
976,54.1,12251.0,183.7,53.8,0.32,0,0.352,0
977,50.2,12751.0,181.4,53.4,0.24,0,0.309,0
978,47.7,13225.0,171.7,53.4,0.2,12,0.301,0
979,52.3,13080.0,181.8,53.6,0.4,12,0.334,0
980,52.3,12276.0,176.7,54.2,0.3,12,0.348,0
981,47.3,12256.0,181.3,55.3,0.28,12,0.274,0
982,51.6,13525.0,180.3,56.4,0.35,12,0.329,0
983,52.8,13678.0,182.8,57.7,0.38,0,0.339,0
984,51.9,13913.0,179.4,59.1,0.35,0,0.335,0
985,52.5,14128.0,185.6,60.6,0.38,12,0.327,0
986,47.3,12970.0,163.7,62.0,0.35,12,0.318,0
987,51.6,12668.0,181.1,63.1,0.36,12,0.328,0
988,50.0,13842.0,187.2,64.1,0.24,12,0.293,0
989,49.5,13406.0,191.2,64.7,0.49,12,0.279,0
990,52.8,12229.0,184.4,65.0,0.19,12,0.335,0
991,54.3,12204.0,190.1,65.0,0.35,12,0.339,0
992,55.0,13282.0,181.0,64.5,0.19,12,0.373,0
993,53.8,12824.0,180.0,63.5,0.32,12,0.359,0
994,50.2,12940.0,183.2,62.3,0.28,12,0.305,0
995,51.3,13719.0,180.0,60.8,0.35,12,0.326,0
996,52.3,13510.0,175.3,59.3,0.38,0,0.351,0
997,50.6,13920.0,176.9,57.6,0.25,0,0.325,0
998,50.6,11647.0,173.3,56.1,0.35,12,0.334,0
999,52.3,13186.0,183.2,54.8,0.5,12,0.33,0
1000,50.0,13505.0,180.1,54.0,0.23,12,0.31,0
1001,48.3,11960.0,177.8,53.4,0.28,0,0.294,0
1002,49.0,12580.0,176.6,53.5,0.46,12,0.306,0
1003,51.6,12460.0,183.0,53.7,0.38,12,0.322,0
1004,49.9,13074.0,184.7,54.4,0.4,0,0.298,0
1005,50.7,14208.0,173.2,55.3,0.49,0,0.337,0
1006,51.5,14494.0,172.3,56.4,0.31,12,0.35,0
1007,48.8,12518.0,185.7,57.8,0.34,12,0.283,0
1008,51.6,13467.0,171.7,59.3,0.34,12,0.352,0
1009,50.6,13499.0,183.3,60.5,0.37,12,0.309,0
1010,46.5,13389.0,189.7,61.9,0.54,12,0.249,0
1011,53.1,13406.0,189.7,63.3,0.24,0,0.325,0
1012,48.2,13349.0,184.4,64.3,0.3,0,0.279,0
1013,45.3,14327.0,184.3,64.8,0.29,12,0.246,0
1014,46.7,13927.0,193.5,65.1,0.57,12,0.245,0
1015,46.7,12423.0,166.0,64.7,0.37,12,0.304,0
1016,49.4,13732.0,177.2,64.1,0.4,12,0.309,0
1017,48.5,13809.0,185.1,63.3,0.28,0,0.28,1
1018,48.3,13414.0,178.0,62.0,0.42,12,0.294,0
1019,50.6,13995.0,187.4,60.4,0.54,12,0.3,0
1020,49.8,13344.0,179.8,58.8,0.48,12,0.309,0
1021,49.7,13361.0,180.8,57.4,0.45,0,0.305,1
1022,49.9,13315.0,178.4,56.0,0.31,12,0.313,0
1023,50.4,11827.0,176.9,54.5,0.44,12,0.322,0
1024,43.5,13192.0,176.7,53.9,0.49,12,0.241,0
1025,47.8,12790.0,181.6,53.1,0.38,0,0.28,0
1026,43.2,12436.0,175.4,52.9,0.55,12,0.24,0
1027,48.7,14279.0,185.7,53.0,0.58,12,0.281,0
1028,48.5,13638.0,183.9,53.4,0.44,0,0.283,1
1029,51.1,13273.0,186.6,54.3,0.57,12,0.307,0
1030,51.4,12907.0,173.2,55.7,0.49,12,0.345,0
1031,48.8,13518.0,169.8,57.3,0.62,12,0.321,0
1032,47.0,14014.0,180.0,58.8,0.71,0,0.274,0
1033,49.4,12750.0,197.4,60.2,0.4,12,0.266,0
1034,46.8,13334.0,187.6,61.7,0.59,0,0.256,0
1035,48.1,13954.0,176.7,63.0,0.65,0,0.294,1
1036,50.5,11999.0,182.5,64.0,0.43,0,0.31,0
1037,46.5,13323.0,184.4,64.6,0.47,12,0.26,0
1038,49.9,13071.0,171.8,64.8,0.47,12,0.329,0
1039,49.5,13286.0,188.2,64.6,0.52,12,0.285,0
1040,45.3,13037.0,179.0,64.0,0.51,12,0.257,0
1041,50.1,13493.0,179.5,63.2,0.52,12,0.313,0
1042,49.4,14752.0,180.1,62.2,0.63,12,0.302,0
1043,47.8,13187.0,186.9,60.8,0.36,12,0.269,0
1044,45.6,13626.0,175.5,59.2,0.46,12,0.267,0
1045,45.3,14826.0,169.8,57.7,0.63,12,0.276,0
1046,46.0,13053.0,181.9,56.2,0.62,12,0.258,0
1047,48.6,14716.0,167.7,55.0,0.46,12,0.324,0
1048,44.8,13458.0,178.2,54.1,0.63,12,0.253,0
1049,48.2,14709.0,187.1,53.5,0.71,12,0.273,0
1050,44.0,13995.0,183.5,53.4,0.57,0,0.233,0
1051,46.5,13693.0,186.3,53.6,0.48,12,0.255,0
1052,47.2,13439.0,183.7,54.1,0.67,12,0.268,0
1053,53.0,13056.0,194.5,55.1,0.76,0,0.313,0
1054,43.4,13554.0,176.5,56.3,0.5,12,0.24,0
1055,50.4,14137.0,182.4,57.9,0.6,12,0.309,0
1056,47.0,13507.0,177.4,59.5,0.7,0,0.28,0
1057,47.6,13302.0,185.7,61.1,0.61,12,0.269,0
1058,46.8,13356.0,179.6,62.5,0.43,12,0.273,0
1059,47.6,14233.0,190.3,63.7,0.65,0,0.26,0
1060,46.0,14404.0,176.8,64.7,0.51,0,0.269,0
1061,50.0,13086.0,188.4,65.4,0.48,12,0.29,0
1062,45.1,13093.0,183.6,65.6,0.44,12,0.245,0
1063,49.0,13834.0,179.8,65.4,0.73,12,0.298,0
1064,44.5,14644.0,183.3,64.9,0.53,0,0.239,0
1065,45.9,14385.0,181.6,63.9,0.65,12,0.258,0
1066,43.3,12713.0,182.1,62.9,0.68,12,0.229,0
1067,47.0,13412.0,178.8,61.6,0.64,12,0.277,0
1068,49.4,12952.0,175.8,59.9,0.65,0,0.313,1
1069,45.6,13423.0,178.0,58.4,0.67,12,0.262,0
1070,45.2,14740.0,169.9,57.0,0.64,0,0.275,1
1071,42.8,12628.0,185.1,55.7,0.55,12,0.219,0
1072,45.0,12498.0,172.6,54.6,0.55,12,0.266,0
1073,41.5,13058.0,178.7,53.9,0.62,12,0.216,0
1074,43.1,13845.0,183.9,53.7,0.62,12,0.224,1
1075,45.9,14085.0,185.0,53.7,0.68,12,0.251,0
1076,48.6,13964.0,169.4,54.1,0.75,12,0.319,0
1077,52.2,14487.0,179.4,55.2,0.67,12,0.34,0
1078,43.7,12436.0,182.8,56.4,0.56,12,0.231,0
1079,48.7,14508.0,180.3,57.7,0.42,0,0.293,0
1080,45.6,13464.0,188.1,59.2,0.57,12,0.243,0
1081,44.6,14201.0,175.1,60.6,0.51,12,0.256,0
1082,45.9,12769.0,167.7,62.1,0.57,12,0.289,0
1083,44.9,13705.0,184.9,63.3,0.67,12,0.241,0
1084,45.0,13873.0,176.8,64.2,0.66,12,0.257,0
1085,43.6,14523.0,169.4,64.8,0.83,0,0.257,0
1086,41.1,12610.0,179.0,65.0,0.7,12,0.211,0
1087,40.7,13747.0,187.4,64.7,0.84,12,0.194,0
1088,46.1,12972.0,172.4,63.8,0.72,0,0.28,0
1089,43.7,14091.0,194.0,62.9,0.76,0,0.213,0
1090,42.8,14287.0,175.0,61.7,0.61,0,0.236,0
1091,44.3,14650.0,180.5,60.2,0.54,12,0.242,0
1092,46.2,13380.0,172.7,58.5,0.61,12,0.28,0
1093,44.5,14409.0,180.2,57.0,0.65,12,0.246,0
1094,42.4,14718.0,179.2,55.6,0.59,12,0.224,0
1095,47.0,12620.0,171.1,54.3,0.55,12,0.294,0
1096,47.8,14205.0,197.0,53.6,0.69,0,0.25,1
1097,45.1,14452.0,177.0,53.1,0.55,12,0.258,0
1098,46.2,13606.0,177.0,52.9,0.5,0,0.271,0
1099,46.8,12944.0,185.8,53.1,0.54,0,0.26,0
1100,46.4,14457.0,190.9,53.8,0.62,12,0.246,0
1101,45.1,12962.0,186.8,54.7,0.55,12,0.239,0
1102,45.0,13682.0,172.8,56.1,0.62,0,0.266,1
1103,44.7,13784.0,181.3,57.4,0.7,12,0.245,0
1104,40.6,14318.0,168.7,59.0,0.7,0,0.224,0
1105,45.0,13383.0,185.4,60.7,0.58,12,0.241,0
1106,39.8,13347.0,170.2,62.2,0.51,12,0.213,0
1107,41.1,13901.0,175.2,63.4,0.58,12,0.218,0
1108,46.3,14540.0,180.0,64.1,0.7,12,0.266,0
1109,45.1,15442.0,182.7,64.5,0.73,0,0.247,0
1110,46.6,12790.0,178.4,64.9,0.67,12,0.273,0
1111,42.2,14070.0,189.1,64.7,0.75,12,0.206,0
1112,39.9,13093.0,184.3,64.1,0.81,12,0.191,0
1113,42.1,14571.0,183.9,63.2,0.58,0,0.214,0
1114,42.9,13206.0,172.6,61.8,0.78,12,0.242,0
1115,42.8,13394.0,190.2,60.3,0.6,0,0.21,0
1116,45.4,13458.0,175.2,58.7,0.73,12,0.265,0
1117,41.6,13822.0,190.4,56.9,0.69,0,0.198,0
1118,43.3,14105.0,192.1,55.2,0.42,0,0.212,0
1119,39.9,14221.0,183.1,53.8,0.52,0,0.192,1
1120,43.4,13883.0,186.2,53.0,0.49,12,0.223,0
1121,42.2,12960.0,161.5,52.2,0.44,0,0.257,0
1122,40.3,14404.0,178.8,52.1,0.7,12,0.203,0
1123,41.5,13861.0,186.6,52.4,0.82,0,0.203,0
1124,41.5,14715.0,185.5,53.0,0.58,0,0.205,0
1125,41.3,13410.0,172.7,53.9,0.69,12,0.224,0
1126,46.3,12787.0,178.2,55.2,0.75,0,0.269,1
1127,41.6,13888.0,164.8,56.6,0.62,0,0.243,0
1128,41.1,14823.0,182.5,58.3,0.59,0,0.206,1
1129,36.4,14032.0,168.7,60.1,0.57,12,0.18,0
1130,39.4,13782.0,186.8,61.7,0.64,0,0.183,0
1131,40.9,13316.0,187.1,62.7,0.67,12,0.196,1
1132,39.8,15159.0,177.2,63.6,0.63,0,0.201,0
1133,44.9,13211.0,183.1,64.2,0.62,12,0.244,0
1134,41.0,13427.0,178.7,64.4,0.57,12,0.21,0
1135,44.5,14336.0,181.5,64.0,0.41,12,0.243,0
1136,41.4,12641.0,173.1,63.2,0.66,0,0.224,0
1137,41.3,14835.0,183.7,62.4,0.44,12,0.205,0
1138,40.9,14383.0,170.2,61.1,0.63,0,0.224,1
1139,41.1,14578.0,169.0,59.5,0.64,0,0.228,0
1140,45.3,14342.0,179.3,57.8,0.44,12,0.256,0
1141,35.1,13841.0,178.7,56.3,0.49,0,0.155,1
1142,35.9,13212.0,181.6,54.8,0.76,12,0.158,0
1143,39.5,13860.0,176.1,53.5,0.54,12,0.199,0
1144,40.8,13278.0,191.3,52.5,0.42,12,0.19,0
1145,42.4,14303.0,181.0,51.7,0.62,12,0.221,0
1146,41.8,14530.0,181.4,51.6,0.46,12,0.215,0
1147,39.6,15001.0,181.2,51.9,0.34,12,0.193,0
1148,43.1,14230.0,186.0,52.4,0.58,12,0.22,0
1149,43.0,14619.0,183.5,53.3,0.43,12,0.224,0
1150,40.9,13765.0,182.7,54.7,0.55,0,0.203,0
1151,42.8,13640.0,184.4,56.3,0.43,12,0.219,0
1152,41.0,14309.0,169.1,58.0,0.58,0,0.227,0
1153,38.8,13708.0,169.3,59.4,0.52,0,0.204,0
1154,41.9,14169.0,179.5,60.9,0.24,0,0.219,0
1155,40.4,13239.0,178.8,62.2,0.53,12,0.204,0
1156,40.1,13366.0,183.5,63.1,0.46,12,0.194,0
1157,43.7,14430.0,180.1,63.7,0.63,0,0.237,0
1158,33.8,14607.0,183.5,63.8,0.52,0,0.138,0
1159,36.4,13298.0,172.5,63.6,0.55,0,0.174,0
1160,36.9,14458.0,179.9,62.9,0.4,12,0.169,0
1161,38.9,13617.0,172.0,62.0,0.39,12,0.2,0
1162,39.1,14003.0,182.3,60.8,0.46,12,0.186,0
1163,35.9,14984.0,168.7,59.3,0.42,12,0.175,0
1164,37.2,14559.0,182.1,57.8,0.59,0,0.169,0
1165,37.4,14551.0,171.2,56.2,0.44,12,0.187,0
1166,45.7,15331.0,177.7,54.7,0.32,12,0.263,0
1167,44.0,13503.0,185.4,53.5,0.36,12,0.23,0
1168,38.4,13306.0,181.4,52.6,0.53,12,0.181,0
1169,38.5,13492.0,170.1,52.0,0.42,12,0.199,0
1170,36.5,13820.0,176.0,51.7,0.41,12,0.17,0
1171,34.5,12350.0,171.0,51.9,0.53,12,0.159,0
1172,39.0,13854.0,169.8,52.4,0.33,12,0.204,0
1173,36.7,13618.0,180.7,53.6,0.19,0,0.166,0
1174,38.9,14548.0,183.4,54.8,0.32,12,0.183,0
1175,35.1,14246.0,182.6,56.3,0.43,12,0.15,0
1176,37.1,13579.0,183.6,57.7,0.38,0,0.166,0
1177,39.4,14413.0,179.9,59.4,0.24,12,0.192,0
1178,39.9,14506.0,178.4,60.7,0.49,12,0.2,0
1179,40.0,13462.0,173.6,61.9,0.4,12,0.208,0
1180,35.6,13655.0,177.4,62.9,0.42,0,0.16,0
1181,41.0,12442.0,172.1,63.6,0.42,12,0.222,0
1182,36.8,13236.0,174.9,63.5,0.24,0,0.175,0
1183,40.3,13479.0,180.5,63.3,0.4,12,0.201,0
1184,38.7,14051.0,179.3,62.7,0.45,12,0.186,0
1185,35.2,13337.0,198.4,61.7,0.47,12,0.134,0
1186,37.8,13638.0,171.9,60.5,0.43,0,0.189,0
1187,39.5,13140.0,179.2,58.8,0.4,12,0.194,0
1188,40.1,14116.0,171.5,56.9,0.17,12,0.213,0
1189,38.1,14294.0,177.7,55.2,0.34,0,0.184,0
1190,42.3,14277.0,177.9,53.8,0.24,12,0.225,0
1191,40.9,14003.0,185.1,52.2,0.46,12,0.2,0
1192,37.7,12915.0,177.3,51.1,0.44,0,0.18,0
1193,40.2,13559.0,178.9,50.3,0.23,12,0.202,0
1194,43.1,13706.0,177.4,50.1,0.31,12,0.235,0
1195,43.2,13708.0,171.6,50.5,0.34,0,0.247,0
1196,35.1,14042.0,176.1,51.1,0.4,12,0.158,0
1197,35.9,14986.0,177.7,52.0,0.14,12,0.162,0
1198,41.9,14555.0,180.4,53.4,0.08,12,0.216,0
1199,35.5,13294.0,183.4,54.8,0.3,12,0.152,0
1200,34.8,14459.0,178.6,56.4,0.04,12,0.151,0
1201,36.8,14431.0,178.5,58.0,0.3,12,0.17,0
1202,39.1,13416.0,169.7,59.5,0.34,12,0.205,0
1203,37.7,14573.0,183.2,60.8,0.4,12,0.172,0
1204,36.3,13865.0,175.8,61.7,0.21,12,0.169,0
1205,36.2,12989.0,184.5,62.3,0.29,12,0.157,0
1206,36.1,14292.0,187.9,62.6,0.33,12,0.152,0
1207,35.6,14124.0,178.9,62.4,0.15,0,0.159,0
1208,43.5,13810.0,173.9,61.9,0.35,12,0.246,0
1209,38.5,13942.0,179.9,60.8,0.28,12,0.184,0
1210,40.0,13462.0,182.1,59.8,0.19,0,0.195,0
1211,36.5,14391.0,178.1,58.4,0.26,12,0.168,0
1212,37.2,13931.0,176.6,56.7,0.23,0,0.176,0
1213,35.9,14075.0,183.4,55.2,0.32,12,0.155,0
1214,31.0,14207.0,183.0,53.7,0.2,12,0.116,0
1215,34.2,13146.0,177.9,52.5,0.26,12,0.147,0
1216,33.1,13326.0,170.1,51.4,0.17,12,0.147,0
1217,31.9,12402.0,182.7,50.8,0.13,0,0.124,0
1218,34.5,14342.0,175.4,50.7,0.24,12,0.153,0
1219,40.8,13095.0,181.3,51.0,0.13,0,0.205,0
1220,37.4,14034.0,180.9,51.5,0.3,0,0.172,0
1221,40.7,14198.0,168.7,52.3,0.27,0,0.225,0
1222,38.5,14357.0,180.5,53.6,0.13,12,0.183,0
1223,39.4,13089.0,183.1,55.1,0.23,0,0.188,0
1224,35.1,13884.0,183.8,56.5,0.13,0,0.149,0
1225,38.7,15095.0,180.7,58.3,0.04,12,0.184,0
1226,39.2,15123.0,168.1,59.8,0.14,0,0.209,0
1227,35.9,14611.0,187.7,61.0,0.19,12,0.151,0
1228,38.7,14153.0,182.5,61.8,0.25,0,0.182,0
1229,38.7,13209.0,172.8,62.4,0.21,12,0.197,0
1230,35.9,14413.0,175.3,62.6,0.28,12,0.166,0
1231,34.4,13795.0,181.4,62.5,0.09,12,0.146,0
1232,34.3,14295.0,184.1,62.0,0.15,12,0.141,0
1233,37.4,13456.0,177.1,61.1,0.35,12,0.178,0
1234,38.0,13774.0,185.0,59.9,0.0,12,0.173,0
1235,35.2,14006.0,169.2,58.6,0.13,0,0.168,0
1236,37.2,14060.0,173.7,57.0,0.07,12,0.181,0
1237,38.6,14229.0,167.6,55.5,0.15,12,0.204,0
1238,38.7,13474.0,174.6,54.2,0.13,12,0.194,0
1239,41.0,12936.0,189.0,53.0,0.23,12,0.195,0
1240,40.3,15009.0,192.3,51.9,0.19,12,0.184,0
1241,34.6,15610.0,181.4,51.3,0.04,12,0.147,0
1242,41.3,14177.0,176.2,51.0,0.11,0,0.218,0
1243,35.8,12932.0,178.7,51.1,0.16,0,0.16,0
1244,39.7,13314.0,182.8,51.6,0.24,0,0.191,0
1245,37.2,14207.0,170.6,52.6,0.4,0,0.185,0
1246,36.0,14785.0,176.6,53.9,0.23,0,0.165,0
1247,32.5,12992.0,188.6,55.2,0.06,0,0.123,0
1248,36.6,13750.0,173.7,56.7,0.15,12,0.175,0
1249,33.1,13969.0,175.5,58.2,0.17,0,0.141,0
1250,39.4,14433.0,180.1,59.7,0.1,12,0.193,0
1251,40.8,13582.0,181.7,60.8,0.2,12,0.204,0
1252,35.0,12723.0,176.2,61.6,0.0,12,0.157,0
1253,37.8,14248.0,180.5,62.2,0.21,12,0.176,0
1254,35.2,14596.0,183.6,62.3,0.1,12,0.149,0
1255,35.4,13745.0,191.8,62.0,0.14,12,0.143,0
1256,38.9,14082.0,179.2,61.4,0.3,12,0.189,0
1257,36.9,13461.0,179.8,60.4,0.02,0,0.169,0
1258,41.4,13196.0,189.2,59.2,0.18,12,0.198,0
1259,35.8,14501.0,176.7,58.0,0.23,12,0.163,0
1260,39.5,14049.0,172.1,56.2,0.17,0,0.206,0
1261,37.2,14115.0,181.5,54.8,0.0,12,0.17,0
1262,39.0,14818.0,186.5,53.0,0.29,0,0.179,0
1263,35.9,13023.0,182.2,51.9,0.13,12,0.157,0
1264,36.9,13369.0,179.4,50.7,0.1,12,0.169,0
1265,36.7,13860.0,171.3,50.4,0.12,0,0.179,0
1266,34.9,13349.0,179.6,50.2,0.11,12,0.152,0
1267,38.7,14287.0,187.4,50.5,0.03,12,0.175,0
1268,38.6,13602.0,172.6,51.3,0.17,12,0.196,0
1269,38.5,13032.0,178.5,52.2,0.09,12,0.186,0
1270,40.9,13767.0,177.7,53.4,0.22,0,0.211,0
1271,40.7,13834.0,175.8,54.7,0.21,12,0.212,0
1272,36.1,14363.0,181.5,56.4,0.32,12,0.16,0
1273,38.0,13978.0,182.7,57.9,0.14,0,0.175,0
1274,35.5,14020.0,182.6,59.2,0.08,12,0.153,0
1275,37.1,13915.0,174.1,60.5,0.01,12,0.179,0
1276,35.6,13553.0,170.1,61.4,0.38,12,0.17,0
1277,41.1,13177.0,181.6,61.9,0.23,12,0.207,0
1278,38.0,13874.0,177.0,62.2,0.09,12,0.183,0
1279,36.6,13432.0,191.0,61.9,0.33,12,0.153,1
1280,40.1,14842.0,191.3,61.2,0.3,12,0.183,0
1281,31.7,14592.0,191.9,60.4,0.03,12,0.114,0
1282,32.1,14089.0,174.4,59.2,0.1,0,0.134,0
1283,39.2,13904.0,183.4,57.7,0.16,12,0.185,0
1284,37.3,13571.0,185.2,56.1,0.07,0,0.166,0
1285,37.8,12743.0,184.6,54.6,0.17,12,0.171,0
1286,33.9,13467.0,177.9,53.0,0.25,12,0.145,0
1287,37.2,13683.0,187.7,51.9,0.04,0,0.162,0
1288,42.2,13766.0,180.0,50.9,0.21,12,0.221,0
1289,39.3,13927.0,180.8,50.1,0.3,12,0.19,0
1290,37.7,14236.0,170.8,50.1,0.23,0,0.19,0
1291,36.2,13099.0,183.9,50.5,0.18,0,0.158,0
1292,36.3,13099.0,178.4,51.0,0.13,12,0.166,0
1293,32.0,14585.0,182.8,51.8,0.28,0,0.124,0
1294,38.0,14102.0,181.4,53.1,0.08,12,0.177,0
1295,39.5,13282.0,181.1,54.4,0.23,0,0.192,0
1296,33.5,13473.0,179.7,56.1,0.21,12,0.139,0
1297,35.8,13468.0,184.7,57.6,0.32,12,0.153,0
1298,34.5,13555.0,178.8,59.2,0.15,12,0.149,0
1299,35.0,13856.0,171.3,60.4,0.16,12,0.163,0
1300,37.6,15292.0,183.4,61.3,0.09,0,0.171,0
1301,32.3,13643.0,175.1,62.1,0.26,12,0.134,0
1302,39.1,13966.0,172.1,62.2,0.18,12,0.202,0
1303,39.4,12314.0,173.9,62.1,0.14,12,0.202,0
1304,37.0,13148.0,181.7,61.6,0.15,12,0.167,0
1305,31.4,14340.0,179.4,60.6,0.29,0,0.123,0
1306,35.1,13753.0,167.2,59.2,0.13,12,0.17,0
1307,40.7,10391.0,177.7,57.6,0.14,12,0.21,0
1308,30.7,13927.0,187.0,56.1,0.33,12,0.111,0
1309,36.9,14790.0,177.3,54.6,0.23,12,0.172,0
1310,34.8,12042.0,179.0,53.2,0.35,12,0.151,0
1311,39.8,14495.0,186.3,52.0,0.22,0,0.187,0
1312,36.1,11483.0,184.8,50.8,0.26,12,0.156,0
1313,38.9,14072.0,186.1,50.0,0.28,0,0.179,0
1314,39.3,13401.0,163.4,50.1,0.41,12,0.219,0
1315,42.5,11754.0,190.4,50.4,0.4,12,0.207,0
1316,37.4,13703.0,183.8,51.0,0.39,12,0.169,0
1317,38.9,14187.0,194.8,52.0,0.22,12,0.168,0
1318,34.3,13628.0,175.3,53.0,0.18,12,0.151,0
1319,41.0,13774.0,169.4,54.4,0.36,12,0.227,0
1320,36.2,13068.0,180.0,56.2,0.43,12,0.162,0
1321,36.7,12045.0,178.3,57.8,0.41,12,0.169,0
1322,38.1,13824.0,183.9,59.1,0.3,12,0.174,0
1323,34.3,14555.0,186.4,60.2,0.38,0,0.139,0
1324,38.8,14113.0,179.5,61.1,0.38,12,0.187,0
1325,40.7,11922.0,178.6,61.7,0.33,12,0.207,0
1326,39.0,12244.0,183.1,62.1,0.34,12,0.184,0
1327,34.4,12703.0,178.5,61.9,0.33,12,0.148,0
1328,38.1,12171.0,178.0,61.2,0.25,12,0.182,0
1329,40.3,13309.0,186.2,60.2,0.26,12,0.192,0
1330,33.8,13544.0,187.6,59.0,0.27,12,0.133,0
1331,35.8,12258.0,186.5,57.4,0.18,12,0.151,0
1332,40.7,13795.0,179.0,55.9,0.36,12,0.207,0
1333,39.2,13662.0,167.2,54.5,0.34,12,0.212,0
1334,39.6,12849.0,179.1,53.1,0.43,0,0.196,0
1335,43.3,13102.0,175.5,51.7,0.48,12,0.241,0
1336,39.9,11849.0,179.2,50.7,0.5,12,0.198,0
1337,40.4,12972.0,176.0,49.9,0.51,12,0.209,0
1338,45.6,13201.0,179.9,49.7,0.3,0,0.258,0
1339,38.3,13304.0,173.8,49.9,0.23,12,0.191,0
1340,36.9,13442.0,172.3,50.4,0.47,0,0.179,0
1341,40.0,13338.0,187.3,51.6,0.52,12,0.187,0
1342,40.1,12973.0,174.2,52.9,0.55,0,0.208,0
1343,37.7,13349.0,180.0,54.2,0.44,12,0.176,0
1344,36.5,13840.0,185.7,55.5,0.2,0,0.158,0
1345,44.9,13062.0,185.5,56.9,0.44,12,0.239,0
1346,40.0,13342.0,184.8,58.6,0.46,0,0.191,0
1347,37.4,12979.0,181.8,59.9,0.54,12,0.171,0
1348,41.5,12647.0,184.3,61.1,0.56,0,0.207,0
1349,39.0,13456.0,188.2,61.7,0.51,0,0.177,0
1350,38.7,12692.0,182.6,61.9,0.37,12,0.182,0
1351,40.8,13341.0,169.0,61.5,0.33,12,0.226,0
1352,36.2,13081.0,176.8,61.0,0.49,12,0.167,0
1353,40.4,12838.0,184.2,60.0,0.36,0,0.196,0
1354,44.3,12811.0,176.2,58.7,0.59,0,0.251,0
1355,40.8,12676.0,189.7,57.5,0.28,12,0.191,0
1356,38.7,11869.0,179.6,55.9,0.51,12,0.186,0
1357,38.4,13279.0,180.5,54.5,0.49,12,0.182,0
1358,38.7,13163.0,186.7,52.9,0.44,12,0.177,0
1359,39.2,13586.0,178.9,51.9,0.38,12,0.192,0
1360,38.9,12609.0,181.1,50.9,0.27,0,0.186,0
1361,42.2,14298.0,185.4,50.4,0.43,12,0.212,0
1362,35.6,12695.0,171.2,50.3,0.43,0,0.169,0
1363,42.2,12338.0,178.3,50.5,0.6,0,0.223,0
1364,39.1,12245.0,185.0,51.2,0.41,12,0.183,0
1365,41.1,11716.0,180.4,52.2,0.54,12,0.208,0
1366,37.4,13992.0,188.8,53.4,0.37,12,0.162,0
1367,43.6,13869.0,170.5,54.7,0.55,12,0.254,0
1368,43.4,13319.0,169.9,56.3,0.28,0,0.253,0
1369,42.8,12261.0,184.6,57.8,0.72,12,0.219,0
1370,36.6,14146.0,185.2,59.5,0.5,12,0.16,0
1371,42.5,12621.0,178.8,60.8,0.24,0,0.226,0
1372,41.5,12669.0,182.4,61.7,0.45,12,0.21,0
1373,36.6,13853.0,184.5,62.4,0.44,12,0.16,0
1374,40.6,13297.0,175.1,62.4,0.47,0,0.212,0
1375,41.6,14366.0,175.8,62.1,0.5,12,0.222,0
1376,42.2,12989.0,181.1,61.5,0.47,12,0.218,0
1377,41.3,12526.0,185.4,60.7,0.46,12,0.202,0
1378,41.6,12365.0,173.0,59.5,0.43,12,0.227,0
1379,44.6,11490.0,178.8,58.2,0.63,12,0.249,0
1380,44.1,12577.0,178.5,56.8,0.68,12,0.243,0
1381,33.9,13562.0,182.5,55.1,0.53,12,0.14,0
1382,40.3,13170.0,179.9,53.7,0.56,12,0.202,0
1383,40.8,12754.0,176.7,52.5,0.45,12,0.211,0
1384,36.9,12032.0,187.5,51.5,0.58,12,0.159,0
1385,41.5,12877.0,176.8,51.1,0.6,0,0.219,0
1386,44.5,13416.0,178.2,50.7,0.55,0,0.249,0
1387,38.7,12998.0,170.5,51.0,0.62,0,0.201,0
1388,42.3,12802.0,175.7,51.7,0.61,12,0.23,0
1389,39.3,12116.0,183.1,52.6,0.48,12,0.187,0
1390,39.9,13270.0,181.9,53.7,0.71,0,0.195,1
1391,45.4,10460.0,183.6,55.2,0.57,0,0.248,0
1392,40.4,12909.0,183.3,56.8,0.76,0,0.197,0
1393,43.0,14430.0,192.5,58.3,0.64,12,0.208,0
1394,37.2,11563.0,175.5,59.6,0.8,12,0.178,0
1395,46.6,12439.0,170.3,61.0,0.72,12,0.291,0
1396,43.5,12592.0,173.7,62.0,0.63,12,0.247,0
1397,41.6,12262.0,175.8,62.7,0.54,12,0.222,0
1398,43.6,13300.0,174.2,63.0,0.54,12,0.247,0
1399,38.7,12894.0,180.6,63.1,0.67,12,0.185,0
1400,45.2,12659.0,187.5,62.6,0.63,12,0.239,0
1401,41.5,13099.0,189.2,61.6,0.56,12,0.199,0
1402,41.9,12542.0,183.0,60.4,0.7,12,0.212,0
1403,41.2,14745.0,192.8,58.9,0.63,12,0.191,0
1404,41.1,12614.0,177.9,57.3,0.71,12,0.213,0
1405,44.3,12633.0,170.2,55.6,0.53,0,0.264,1
1406,43.3,11288.0,186.3,54.1,0.73,12,0.222,0
1407,44.4,12093.0,169.0,52.9,0.68,0,0.267,0
1408,42.8,13266.0,175.5,51.9,0.75,12,0.235,0
1409,44.1,11516.0,183.1,51.2,0.73,12,0.236,0
1410,41.9,10930.0,179.4,50.8,0.63,12,0.218,0
1411,48.6,12451.0,178.9,51.3,0.62,12,0.295,0
1412,39.1,13377.0,172.9,51.9,0.82,0,0.201,0
1413,46.3,12435.0,179.9,52.8,0.61,12,0.266,0
1414,46.6,12159.0,186.0,54.1,0.72,0,0.257,0
1415,41.1,11082.0,180.1,55.8,0.6,0,0.21,0
1416,48.9,12688.0,175.0,57.4,0.46,0,0.308,0
1417,45.9,12823.0,172.5,58.6,0.52,12,0.277,0
1418,45.9,11101.0,175.1,60.4,0.69,12,0.271,0
1419,43.6,13131.0,182.4,61.4,0.72,0,0.232,0
1420,43.1,12862.0,182.1,62.3,0.69,0,0.226,0
1421,43.2,13107.0,175.2,62.8,0.76,0,0.24,0
1422,44.7,12711.0,166.7,62.9,0.69,12,0.276,0
1423,47.3,12749.0,182.5,62.8,0.57,0,0.272,0
1424,44.3,12644.0,174.6,61.9,0.71,0,0.254,1
1425,41.7,12876.0,184.1,60.9,0.67,0,0.209,0
1426,46.1,10983.0,175.5,59.8,0.59,12,0.273,0
1427,46.4,11194.0,174.1,58.3,0.7,12,0.28,0
1428,45.8,11718.0,180.9,56.6,0.66,12,0.258,0
1429,46.1,12131.0,194.1,55.0,0.59,12,0.237,0
1430,43.6,12482.0,184.5,53.5,0.63,12,0.228,0
1431,42.0,12426.0,180.8,52.2,0.79,12,0.218,0
1432,42.3,12969.0,182.2,51.1,0.79,0,0.218,1
1433,40.4,12980.0,169.5,50.6,0.67,12,0.22,0
1434,45.2,11553.0,173.3,50.4,0.65,12,0.267,0
1435,44.4,12319.0,164.9,50.5,0.5,12,0.277,0
1436,43.6,11547.0,190.4,51.0,0.82,0,0.218,1
1437,37.4,11997.0,189.2,52.0,0.75,12,0.162,0
1438,41.7,12343.0,182.4,53.1,0.72,12,0.212,0
1439,47.7,9720.0,180.8,54.6,0.42,12,0.281,0
1440,43.3,13782.0,170.7,56.3,0.65,12,0.251,0
1441,46.0,12479.0,178.7,57.8,0.63,12,0.265,0
1442,41.7,11654.0,190.8,59.1,0.71,0,0.198,0
1443,48.8,13409.0,180.8,60.4,0.6,12,0.293,0
1444,44.9,11805.0,176.6,61.4,0.62,12,0.257,0
1445,46.1,12129.0,169.5,61.9,0.7,0,0.287,0
1446,51.2,11684.0,188.3,62.2,0.56,12,0.306,0
1447,49.3,13169.0,179.6,62.1,0.58,12,0.302,0
1448,44.8,11928.0,169.5,61.5,0.65,12,0.271,0
1449,44.1,12094.0,174.5,60.5,0.76,12,0.252,0
1450,44.9,12821.0,172.3,59.5,0.71,12,0.265,0
1451,47.0,12376.0,179.2,58.2,0.73,0,0.276,1
1452,45.6,11917.0,181.2,56.8,0.63,0,0.255,0
1453,44.9,12720.0,177.0,55.2,0.77,0,0.256,0
1454,49.6,13708.0,184.7,53.7,0.45,12,0.295,0
1455,45.8,12142.0,180.5,52.6,0.82,12,0.259,0
1456,51.9,11990.0,186.4,51.6,0.83,0,0.318,1
1457,46.4,12016.0,177.9,51.0,0.66,12,0.272,0
1458,50.7,12802.0,198.3,50.7,0.69,12,0.279,0
1459,47.2,11454.0,176.6,50.8,0.61,12,0.284,1
1460,48.8,11667.0,174.6,51.5,0.59,12,0.308,0
1461,44.6,10774.0,173.8,52.6,0.54,12,0.259,0
1462,44.4,11010.0,178.7,53.8,0.6,12,0.247,0
1463,47.7,11465.0,169.7,55.3,0.65,12,0.307,0
1464,49.1,11776.0,181.8,56.8,0.64,12,0.295,0
1465,46.8,13042.0,168.6,58.0,0.79,12,0.298,0
1466,43.6,12167.0,181.0,59.3,0.6,12,0.234,0
1467,43.5,11142.0,171.9,60.5,0.44,12,0.25,0
1468,43.4,11260.0,177.7,61.3,0.75,12,0.237,0
1469,42.6,12720.0,183.6,62.0,0.46,12,0.219,0
1470,47.3,12535.0,193.8,62.3,0.52,12,0.251,0
1471,50.0,11754.0,173.5,62.0,0.6,12,0.326,0
1472,47.2,11413.0,179.1,61.6,0.61,12,0.278,0
1473,41.6,12499.0,175.7,60.6,0.42,12,0.222,0
1474,46.9,11005.0,174.8,59.3,0.49,12,0.284,0
1475,47.0,11963.0,175.7,57.9,0.41,0,0.283,0
1476,52.7,13268.0,184.9,56.4,0.62,12,0.332,0
1477,43.9,11809.0,177.1,54.9,0.67,12,0.244,0
1478,46.6,11111.0,193.5,53.5,0.43,12,0.244,0
1479,51.9,11930.0,182.5,52.0,0.64,0,0.328,0
1480,48.9,11302.0,173.9,51.0,0.63,12,0.311,0
1481,49.2,10644.0,177.8,50.5,0.47,0,0.305,0
1482,48.2,12099.0,175.2,50.0,0.33,12,0.299,0
1483,48.8,12379.0,184.8,50.4,0.42,12,0.284,0
1484,49.9,11368.0,170.2,51.1,0.47,12,0.335,0
1485,46.0,11310.0,172.0,51.9,0.68,12,0.28,0
1486,50.3,10890.0,176.5,53.1,0.5,12,0.323,0
1487,44.8,11446.0,184.1,54.7,0.41,12,0.241,0
1488,49.1,11146.0,187.4,56.5,0.52,12,0.282,0
1489,48.8,10821.0,188.3,58.0,0.37,12,0.277,0
1490,46.8,12842.0,183.2,59.5,0.55,0,0.265,0
1491,48.4,11833.0,179.5,60.6,0.4,0,0.291,0
1492,47.0,11896.0,184.8,61.6,0.41,12,0.263,0
1493,45.9,12102.0,173.1,62.1,0.52,0,0.276,0
1494,47.7,12012.0,168.9,62.3,0.66,0,0.309,0
1495,45.9,11172.0,182.6,62.3,0.7,0,0.256,0
1496,49.6,11641.0,174.0,61.7,0.37,0,0.319,0
1497,45.9,11250.0,179.6,60.6,0.41,12,0.262,0
1498,50.7,11735.0,180.7,59.2,0.52,0,0.316,1
1499,46.0,11656.0,181.5,57.8,0.58,12,0.259,0
1500,47.6,11138.0,185.6,56.2,0.24,0,0.269,0
1501,47.5,10464.0,185.0,54.6,0.46,12,0.269,0
1502,52.4,11486.0,181.2,53.0,0.4,12,0.338,0
1503,50.0,11229.0,177.3,51.8,0.25,12,0.317,0
1504,48.7,10038.0,180.6,50.7,0.3,12,0.293,0
1505,50.5,11705.0,176.4,50.2,0.38,12,0.326,0
1506,44.1,12015.0,178.8,49.9,0.43,0,0.243,0
1507,49.3,13098.0,195.7,50.3,0.52,12,0.268,0
1508,54.5,11043.0,181.1,50.9,0.45,12,0.365,0
1509,49.9,10929.0,182.7,52.1,0.51,12,0.302,0
1510,49.8,10519.0,175.8,53.4,0.41,12,0.317,0
1511,51.0,11431.0,186.1,55.1,0.33,12,0.308,0
1512,51.9,11415.0,184.6,56.6,0.38,0,0.323,0
1513,44.8,10695.0,184.6,58.2,0.46,0,0.24,0
1514,45.6,11130.0,181.3,59.8,0.49,12,0.255,0
1515,50.4,9856.0,186.2,61.1,0.37,12,0.3,0
1516,48.1,11879.0,187.6,62.1,0.29,0,0.271,0
1517,53.3,10680.0,181.7,62.7,0.41,12,0.347,0
1518,49.2,11185.0,179.3,62.9,0.42,0,0.302,0
1519,45.3,10200.0,185.4,62.8,0.49,12,0.244,0
1520,47.0,10780.0,174.6,62.4,0.29,0,0.286,0
1521,43.3,10981.0,175.7,61.4,0.29,12,0.241,0
1522,49.7,11159.0,179.7,60.0,0.43,0,0.307,0
1523,49.8,11492.0,169.6,58.5,0.31,0,0.335,0
1524,49.3,12153.0,185.0,57.0,0.3,12,0.29,0
1525,53.1,11648.0,174.2,55.3,0.47,12,0.366,0
1526,53.5,11798.0,177.2,54.0,0.2,12,0.362,0
1527,50.1,12126.0,178.7,52.8,0.54,12,0.314,0
1528,45.2,11502.0,180.2,51.8,0.27,0,0.253,0
1529,52.2,11067.0,177.9,51.4,0.41,12,0.343,0
1530,52.0,11789.0,179.6,51.0,0.31,12,0.337,0
1531,51.5,11824.0,179.6,51.4,0.34,12,0.329,0
1532,53.2,11516.0,177.3,52.1,0.28,12,0.358,0
1533,47.9,10034.0,175.4,52.8,0.39,0,0.295,0
1534,55.9,10453.0,186.5,54.2,0.27,12,0.368,0
1535,48.5,10839.0,167.4,55.8,0.24,12,0.323,0
1536,52.8,11567.0,178.8,57.3,0.47,12,0.349,0
1537,46.8,10996.0,177.2,58.7,0.29,0,0.277,0
1538,48.7,11797.0,182.5,60.0,0.22,12,0.289,0
1539,54.9,11912.0,171.3,61.5,0.13,12,0.4,0
1540,50.5,11820.0,177.0,62.3,0.46,12,0.323,0
1541,53.3,11815.0,179.4,62.8,0.22,0,0.354,0
1542,51.8,10235.0,186.4,63.0,0.47,0,0.317,1
1543,51.0,11289.0,182.0,62.6,0.3,12,0.317,0
1544,54.7,10516.0,172.9,61.9,0.27,12,0.393,0
1545,50.8,9777.0,177.1,61.1,0.27,12,0.327,0
1546,46.9,10720.0,185.3,59.9,0.47,12,0.262,0
1547,49.4,11839.0,172.8,58.4,0.03,12,0.321,0
1548,52.9,11225.0,179.5,56.8,0.27,0,0.348,0
1549,52.5,12305.0,179.9,55.2,0.21,12,0.342,0
1550,47.6,11007.0,177.7,53.8,0.22,12,0.286,0
1551,49.8,12587.0,196.2,52.4,0.25,12,0.273,0
1552,50.2,10988.0,177.5,51.4,0.2,12,0.318,0
1553,50.8,10870.0,182.7,50.7,0.25,0,0.313,0
1554,48.3,9949.0,175.4,50.4,0.22,0,0.3,0
1555,50.2,11612.0,183.2,50.8,0.09,12,0.305,0
1556,50.0,10474.0,185.2,51.5,0.25,12,0.297,0
1557,53.7,10363.0,176.5,52.3,0.29,12,0.368,0
1558,53.9,11704.0,179.7,53.4,0.16,12,0.361,0
1559,51.5,11608.0,174.6,54.8,0.39,12,0.343,0
1560,50.9,11581.0,173.1,56.6,0.34,12,0.34,0
1561,52.3,10525.0,186.2,58.1,0.29,0,0.324,0
1562,50.0,10734.0,176.7,59.5,0.28,12,0.318,0
1563,49.2,10719.0,165.5,60.8,0.2,12,0.337,0
1564,49.7,11299.0,190.6,61.7,0.31,12,0.283,0
1565,50.5,11830.0,175.2,62.2,0.35,12,0.329,0
1566,49.2,10991.0,178.5,62.6,0.27,12,0.304,0
1567,52.6,12107.0,189.8,62.4,0.13,0,0.318,0
1568,54.0,11343.0,179.1,61.9,0.18,12,0.364,0
1569,48.3,10542.0,179.0,61.1,0.24,0,0.291,0
1570,52.3,11278.0,172.6,59.9,0.26,12,0.36,0
1571,51.7,11883.0,170.2,58.7,0.17,12,0.359,0
1572,53.2,12079.0,179.0,57.3,0.12,0,0.353,0
1573,52.3,11502.0,182.2,56.0,0.33,12,0.333,0
1574,48.7,10681.0,181.8,54.7,0.06,12,0.29,0
1575,49.2,10502.0,177.1,53.4,0.07,0,0.307,0
1576,52.5,11049.0,180.1,52.5,0.03,12,0.341,0
1577,55.0,11809.0,169.0,52.0,0.07,12,0.41,0
1578,46.9,10932.0,182.8,52.0,0.29,0,0.267,0
1579,53.4,10938.0,181.0,52.1,0.29,12,0.35,0
1580,55.5,10648.0,191.8,52.8,0.15,12,0.349,0
1581,52.2,10374.0,180.0,53.7,0.21,12,0.337,0
1582,53.9,10481.0,174.3,55.0,0.16,12,0.377,0
1583,50.8,10682.0,179.7,56.4,0.04,12,0.321,0
1584,52.3,11781.0,178.0,58.0,0.38,12,0.344,0
1585,48.6,10403.0,182.6,59.4,0.29,12,0.287,0
1586,46.8,10599.0,180.2,60.9,0.19,0,0.271,0
1587,55.0,9948.0,172.4,62.2,0.07,12,0.399,0
1588,50.2,11048.0,170.2,63.2,0.13,12,0.338,0
1589,51.6,11495.0,181.6,64.0,0.08,0,0.326,0
1590,49.3,11667.0,188.3,64.2,0.16,0,0.283,0
1591,49.2,10665.0,180.5,64.0,0.18,0,0.299,0
1592,52.3,10917.0,184.9,63.4,0.12,12,0.327,0
1593,51.0,10399.0,186.1,62.5,0.0,12,0.307,0
1594,53.7,10869.0,181.6,61.5,0.36,0,0.354,0
1595,53.9,10711.0,175.1,60.1,0.17,12,0.375,0
1596,53.6,10525.0,181.2,58.4,0.2,12,0.353,0
1597,53.4,10573.0,187.2,57.1,0.11,12,0.335,0
1598,56.8,10785.0,183.2,55.6,0.0,0,0.39,0
1599,50.2,10255.0,184.5,54.2,0.14,12,0.302,0
1600,52.7,10284.0,177.2,53.1,0.12,12,0.352,0
1601,55.7,11642.0,178.8,52.4,0.22,12,0.389,0
1602,56.1,12337.0,179.3,52.0,0.24,0,0.392,0
1603,49.4,9589.0,179.7,52.1,0.23,12,0.303,0
1604,52.1,9543.0,187.0,52.7,0.25,12,0.32,0
1605,56.3,9748.0,165.9,53.8,0.33,0,0.441,0
1606,54.2,10338.0,180.2,55.1,0.19,12,0.364,0
1607,53.4,11031.0,179.5,56.7,0.27,12,0.355,0
1608,52.4,10810.0,171.8,58.1,0.21,12,0.364,0
1609,52.0,10510.0,184.0,59.8,0.0,12,0.325,0
1610,53.7,10753.0,175.7,61.4,0.14,12,0.37,0
1611,52.3,9891.0,177.9,62.7,0.07,12,0.345,0
1612,52.9,10198.0,191.1,63.7,0.18,12,0.319,0
1613,53.2,10348.0,186.1,64.1,0.08,0,0.335,0
1614,51.3,9247.0,183.4,64.5,0.22,12,0.318,0
1615,54.3,9536.0,182.3,64.5,0.26,12,0.359,0
1616,60.3,9558.0,179.0,63.9,0.29,12,0.454,1
1617,48.6,10871.0,192.0,62.9,0.33,0,0.267,0
1618,53.8,10501.0,184.8,61.6,0.0,12,0.346,0
1619,51.1,10751.0,175.5,60.1,0.05,12,0.335,0
1620,54.4,9029.0,171.6,58.5,0.47,12,0.393,1
1621,53.1,9272.0,183.4,57.0,0.28,0,0.341,0
1622,54.9,10769.0,179.7,55.6,0.2,0,0.375,0
1623,55.9,8353.0,171.4,54.5,0.18,12,0.415,0
1624,53.5,11150.0,182.6,53.6,0.18,12,0.348,0
1625,55.8,9010.0,178.4,52.9,0.0,12,0.391,0
1626,47.1,10871.0,183.2,52.6,0.11,12,0.269,0
1627,57.0,9652.0,182.7,52.8,0.18,12,0.394,0
1628,53.9,11003.0,176.4,53.3,0.12,12,0.371,0
1629,55.7,12509.0,183.8,54.5,0.14,12,0.373,0
1630,49.9,8666.0,177.0,56.0,0.45,12,0.316,0
1631,50.9,10738.0,177.4,57.5,0.18,0,0.328,0
1632,53.3,8980.0,176.8,59.1,0.23,12,0.361,0
1633,52.9,10539.0,186.8,60.5,0.23,0,0.33,0
1634,53.6,10090.0,178.3,62.0,0.27,12,0.362,0
1635,55.6,10320.0,188.2,63.1,0.17,12,0.361,0
1636,48.5,9586.0,190.7,64.3,0.34,0,0.269,0
1637,55.3,10765.0,175.6,64.7,0.26,12,0.393,0
1638,52.9,9199.0,162.5,64.9,0.09,12,0.401,0
1639,52.4,11077.0,186.3,64.6,0.22,12,0.324,0
1640,49.2,9917.0,177.9,64.0,0.21,0,0.305,0
1641,54.1,9216.0,174.8,63.1,0.21,12,0.378,0
1642,46.8,11309.0,176.5,62.0,0.29,12,0.279,0
1643,54.5,10141.0,177.5,60.6,0.3,12,0.375,0
1644,49.1,11518.0,187.8,59.1,0.3,12,0.282,0
1645,52.9,11033.0,181.0,57.5,0.28,12,0.345,0
1646,52.5,9615.0,187.7,56.1,0.26,0,0.322,0
1647,55.7,10109.0,183.0,54.9,0.04,12,0.376,0
1648,52.3,10249.0,178.1,54.0,0.34,12,0.344,0
1649,51.0,11228.0,177.7,53.4,0.31,12,0.329,0
1650,51.5,10461.0,183.4,53.1,0.17,0,0.32,1
1651,55.9,10274.0,184.9,53.4,0.3,12,0.373,0
1652,54.0,10006.0,186.0,53.9,0.34,12,0.346,0
1653,51.7,10106.0,178.4,54.8,0.4,12,0.336,0
1654,52.1,11051.0,181.1,56.1,0.33,12,0.333,0
1655,48.7,10136.0,183.5,57.5,0.32,12,0.286,0
1656,53.6,9853.0,177.7,58.8,0.39,12,0.362,0
1657,48.2,9730.0,173.2,60.6,0.27,12,0.304,0
1658,54.4,9733.0,175.2,61.9,0.34,12,0.382,0
1659,52.9,9136.0,178.6,63.1,0.24,12,0.35,0
1660,58.5,9588.0,184.0,64.0,0.42,12,0.411,1
1661,49.7,11158.0,187.6,64.5,0.15,0,0.29,0
1662,52.2,9961.0,171.9,64.6,0.4,12,0.361,0
1663,56.9,10595.0,176.4,64.5,0.32,12,0.413,0
1664,55.4,8363.0,177.9,63.9,0.42,0,0.387,0
1665,50.7,10493.0,184.8,63.1,0.25,12,0.307,0
1666,52.9,9978.0,176.8,61.8,0.34,12,0.356,0
1667,52.3,9751.0,177.4,60.6,0.35,12,0.347,0
1668,53.0,10211.0,171.5,58.8,0.39,0,0.373,0
1669,50.5,9734.0,182.9,57.1,0.24,12,0.31,0
1670,52.0,8591.0,179.0,55.8,0.42,12,0.338,0
1671,48.2,10720.0,176.1,54.6,0.17,0,0.297,0
1672,52.5,10242.0,178.4,53.7,0.3,12,0.346,0
1673,53.3,9849.0,186.8,53.2,0.21,12,0.334,0
1674,51.6,9389.0,174.0,53.0,0.45,12,0.346,0
1675,48.1,9034.0,175.0,53.3,0.42,12,0.298,0
1676,54.5,10216.0,187.5,53.8,0.43,12,0.348,0
1677,52.9,11186.0,180.5,54.8,0.53,12,0.346,0
1678,50.2,10196.0,184.0,56.1,0.36,12,0.303,0
1679,51.3,9084.0,182.4,57.8,0.46,12,0.32,0
1680,48.2,10207.0,179.8,59.5,0.41,12,0.288,0
1681,49.3,10009.0,177.9,61.1,0.4,0,0.307,0
1682,50.5,10649.0,185.0,62.4,0.54,12,0.304,0
1683,54.9,10466.0,187.0,63.9,0.62,12,0.354,0
1684,50.2,7949.0,186.5,64.7,0.38,12,0.297,0
1685,53.3,10419.0,172.9,65.3,0.51,12,0.373,0
1686,50.4,9332.0,187.8,65.5,0.46,12,0.296,0
1687,52.3,9037.0,177.9,65.3,0.47,0,0.345,0
1688,51.3,9899.0,175.5,64.7,0.46,12,0.338,0
1689,53.8,10316.0,179.0,63.8,0.41,12,0.361,0
1690,50.2,8878.0,185.0,62.6,0.09,0,0.301,0
1691,47.6,10518.0,183.2,61.1,0.6,12,0.274,0
1692,48.0,10557.0,178.5,59.5,0.39,0,0.289,1
1693,50.1,10054.0,185.0,57.9,0.44,12,0.299,0
1694,48.3,9412.0,180.8,56.4,0.44,12,0.287,0
1695,52.4,9332.0,176.6,55.2,0.39,12,0.349,0
1696,50.1,10735.0,175.8,54.4,0.5,12,0.322,0
1697,57.2,8957.0,182.5,53.8,0.47,0,0.398,0
1698,46.9,10759.0,179.5,53.3,0.41,12,0.273,0
1699,51.7,9897.0,171.7,53.7,0.5,12,0.354,1
1700,48.3,9944.0,185.1,54.4,0.49,0,0.278,0
1701,49.8,8814.0,177.1,55.3,0.59,12,0.315,0
1702,51.4,9906.0,189.6,56.5,0.37,12,0.305,0
1703,45.2,10437.0,171.6,57.8,0.42,12,0.271,0
1704,51.5,9071.0,178.9,59.6,0.58,12,0.332,0
1705,55.7,10355.0,175.8,61.2,0.45,0,0.397,0
1706,49.7,10067.0,174.1,62.4,0.43,12,0.321,0
1707,51.5,9554.0,177.1,63.7,0.46,12,0.336,0
1708,53.3,10602.0,190.6,64.8,0.51,12,0.325,0
1709,50.3,8461.0,180.9,65.4,0.52,12,0.312,0
1710,49.2,10245.0,175.2,65.5,0.51,12,0.312,0
1711,44.9,11135.0,169.0,65.2,0.43,12,0.273,0
1712,52.2,11009.0,169.7,64.5,0.62,12,0.367,0
1713,50.2,10274.0,176.8,63.7,0.68,12,0.321,0
1714,47.9,9789.0,176.2,62.4,0.36,12,0.293,0
1715,50.7,9555.0,178.7,60.8,0.4,12,0.322,0
1716,48.9,9788.0,166.4,59.3,0.66,12,0.331,0
1717,49.0,10381.0,179.4,57.7,0.72,12,0.299,0
1718,51.8,9435.0,186.2,56.2,0.35,0,0.317,0
1719,46.8,10530.0,189.7,54.9,0.65,12,0.253,0
1720,52.8,11493.0,168.6,53.8,0.73,12,0.378,0
1721,46.6,9957.0,175.2,53.3,0.49,0,0.28,0
1722,48.4,9059.0,174.9,53.2,0.73,12,0.302,0
1723,54.8,9059.0,180.9,53.4,0.56,12,0.37,0
1724,52.7,10545.0,172.7,54.0,0.61,0,0.366,0
1725,50.1,9960.0,190.1,55.0,0.51,12,0.289,0
1726,47.5,10616.0,180.3,56.2,0.69,12,0.279,0
1727,48.4,9629.0,179.3,57.6,0.68,12,0.293,0
1728,49.9,10585.0,189.6,59.3,0.77,12,0.287,0
1729,49.7,9893.0,179.9,61.1,0.74,12,0.307,0
1730,49.4,9492.0,182.4,62.4,0.6,12,0.297,0
1731,49.5,9725.0,175.5,63.6,0.91,12,0.314,0
1732,48.9,9169.0,171.8,64.6,0.74,12,0.317,0
1733,45.8,11400.0,176.3,65.5,0.66,12,0.268,0
1734,48.1,9941.0,193.1,65.9,0.51,12,0.26,0
1735,51.6,10461.0,183.8,65.6,0.46,12,0.32,0
1736,45.8,9635.0,181.6,65.1,0.47,12,0.257,0
1737,48.7,9276.0,174.1,64.2,0.53,12,0.308,0
1738,47.1,9850.0,185.5,63.1,0.76,12,0.263,0
1739,49.3,10786.0,171.9,61.7,0.67,0,0.322,0
1740,48.0,9652.0,170.6,60.0,0.56,0,0.308,0
1741,52.6,9408.0,176.6,58.5,0.61,12,0.353,0
1742,50.1,10128.0,191.7,57.2,0.6,12,0.285,0
1743,45.5,10370.0,191.4,56.0,0.71,0,0.236,0
1744,50.4,11173.0,177.3,55.0,0.54,12,0.322,0
1745,46.8,10272.0,176.0,54.2,0.67,0,0.28,0
1746,47.2,10477.0,170.2,54.1,0.67,0,0.299,0
1747,49.4,10532.0,180.5,54.3,0.55,0,0.301,0
1748,47.3,9223.0,181.0,54.8,0.8,12,0.275,0
1749,50.7,9358.0,184.7,55.7,0.61,12,0.307,0
1750,46.4,9276.0,185.5,57.0,0.54,12,0.256,0
1751,46.8,9104.0,178.8,58.3,0.73,12,0.274,0
1752,46.6,10596.0,183.3,59.9,0.65,0,0.263,0
1753,46.8,10244.0,175.8,61.2,0.69,0,0.28,0
1754,50.9,10099.0,183.2,62.8,0.53,12,0.313,0
1755,49.6,8231.0,177.0,64.1,0.73,12,0.313,0
1756,52.3,11487.0,182.8,64.9,0.86,0,0.332,0
1757,53.6,9425.0,182.3,65.2,0.52,0,0.35,0
1758,45.3,11490.0,180.4,65.5,0.68,0,0.253,1
1759,48.0,9042.0,184.8,65.4,0.57,12,0.275,0
1760,44.8,9490.0,170.6,64.8,0.92,0,0.268,1
1761,45.7,8520.0,173.6,64.0,0.77,12,0.273,0
1762,46.0,10318.0,178.4,62.8,0.68,12,0.266,0
1763,44.9,9297.0,171.3,61.4,0.53,12,0.268,0
1764,44.8,9320.0,177.6,59.8,0.55,12,0.254,0
1765,47.0,9113.0,177.8,58.2,0.72,0,0.279,1
1766,44.3,10621.0,187.9,56.8,0.51,12,0.229,0
1767,49.4,10578.0,180.9,55.8,0.52,12,0.3,0
1768,44.9,11352.0,186.2,54.8,0.65,12,0.239,0
1769,54.2,9607.0,181.8,54.4,0.66,0,0.359,0
1770,45.9,10244.0,176.8,54.2,0.69,12,0.268,0
1771,47.2,9191.0,180.8,54.5,0.6,12,0.274,0
1772,43.7,9863.0,184.4,55.3,0.74,12,0.229,0
1773,51.1,9738.0,187.2,56.5,0.56,12,0.307,0
1774,49.6,10430.0,179.2,57.9,0.71,12,0.307,0
1775,47.5,10820.0,170.1,59.3,0.67,12,0.302,0
1776,43.3,10806.0,169.7,61.1,0.7,12,0.252,0
1777,47.1,9526.0,178.0,62.7,0.76,0,0.28,1
1778,43.7,10819.0,166.0,64.1,0.6,0,0.266,0
1779,50.1,10093.0,190.8,65.1,0.57,12,0.287,0
1780,48.4,9901.0,183.6,66.0,0.47,12,0.283,0
1781,46.6,9636.0,176.2,66.5,0.44,12,0.277,0
1782,40.2,9745.0,173.3,66.8,0.62,12,0.211,0
1783,43.7,11360.0,186.2,66.4,0.62,12,0.226,0
1784,47.8,10360.0,173.3,66.0,0.52,0,0.299,0
1785,49.1,10272.0,173.9,65.2,0.54,0,0.313,0
1786,48.7,9970.0,175.4,64.2,0.78,12,0.305,0
1787,41.9,11871.0,180.7,62.6,0.71,0,0.217,0
1788,46.6,11077.0,183.7,61.3,0.5,0,0.261,0
1789,48.3,9663.0,187.2,59.5,0.58,12,0.274,0
1790,41.6,9981.0,186.3,58.1,0.66,0,0.204,0
1791,45.6,10027.0,180.0,56.7,0.56,0,0.258,0
1792,46.2,10284.0,186.1,55.7,0.54,0,0.253,0
1793,44.7,9696.0,176.0,55.1,0.58,0,0.256,0
1794,40.8,10499.0,169.1,54.8,0.72,12,0.225,0
1795,44.5,11213.0,176.0,54.8,0.73,12,0.254,0
1796,44.5,9282.0,175.2,55.4,0.53,0,0.255,0
1797,44.8,9417.0,176.2,56.3,0.65,12,0.257,0
1798,43.7,9874.0,174.2,57.7,0.6,12,0.248,0
1799,44.0,9912.0,177.2,59.2,0.5,12,0.245,0
1800,44.9,11622.0,183.7,60.9,0.57,12,0.243,0
1801,46.0,10929.0,190.3,62.3,0.47,12,0.243,0
1802,44.1,10895.0,169.6,63.7,0.71,0,0.262,1
1803,43.8,10054.0,172.3,65.0,0.74,12,0.253,0
1804,45.0,10044.0,175.3,66.0,0.54,12,0.26,0
1805,39.8,9234.0,184.6,66.5,0.52,12,0.19,0
1806,45.8,10803.0,178.8,66.8,0.68,12,0.262,0
1807,44.5,10605.0,175.7,66.5,0.7,0,0.254,0
1808,44.5,11167.0,184.3,65.8,0.46,0,0.238,0
1809,46.8,10126.0,185.7,64.9,0.55,0,0.26,0
1810,39.4,10180.0,179.9,63.7,0.56,12,0.193,0
1811,39.3,10404.0,175.1,62.2,0.48,0,0.199,0
1812,44.8,10915.0,181.6,60.6,0.59,12,0.246,0
1813,44.1,9268.0,178.6,58.9,0.48,12,0.243,0
1814,44.5,10818.0,178.6,57.4,0.49,12,0.248,0
1815,42.8,10295.0,176.9,56.3,0.53,12,0.233,0
1816,45.5,9575.0,185.5,55.4,0.39,12,0.247,0
1817,46.1,8863.0,181.5,54.9,0.33,12,0.261,0
1818,45.0,10233.0,186.2,54.7,0.62,12,0.239,0
1819,43.0,11348.0,188.0,54.9,0.45,0,0.216,0
1820,38.3,11513.0,182.8,55.3,0.74,12,0.178,0
1821,45.5,10596.0,177.0,56.1,0.72,12,0.262,0
1822,46.5,11728.0,186.2,57.3,0.47,0,0.256,0
1823,45.0,10331.0,182.8,58.6,0.75,12,0.246,0
1824,41.1,11035.0,195.6,60.3,0.6,12,0.187,0
1825,45.0,10059.0,181.9,62.0,0.44,12,0.247,0
1826,45.4,10021.0,184.2,63.7,0.24,12,0.247,0
1827,47.0,9914.0,181.7,64.8,0.56,12,0.271,0
1828,40.9,8953.0,179.4,66.0,0.49,0,0.208,1
1829,42.4,11303.0,178.4,66.8,0.53,12,0.226,0
1830,44.8,9960.0,181.8,66.9,0.46,12,0.245,0
1831,43.0,9855.0,183.1,66.8,0.36,12,0.224,0
1832,40.0,9597.0,186.9,66.3,0.43,12,0.188,0
1833,43.8,10287.0,181.9,65.4,0.54,12,0.234,0
1834,44.1,11672.0,177.2,64.1,0.43,0,0.246,0
1835,42.8,11911.0,178.0,62.6,0.42,12,0.231,0
1836,43.1,9290.0,172.1,60.8,0.3,12,0.245,0
1837,41.8,10212.0,190.0,59.2,0.46,12,0.201,0
1838,46.1,9743.0,176.8,57.7,0.34,12,0.27,0
1839,40.1,11166.0,185.8,56.3,0.53,12,0.19,0
1840,40.8,10683.0,181.7,55.4,0.36,12,0.204,0
1841,42.2,10044.0,181.8,54.6,0.4,12,0.218,0
1842,44.3,10548.0,179.3,54.5,0.64,12,0.245,0
1843,38.3,10171.0,175.3,54.8,0.39,12,0.189,0
1844,38.7,11643.0,174.2,55.3,0.37,0,0.195,0
1845,36.8,10904.0,190.4,56.3,0.47,12,0.156,0
1846,42.0,10997.0,180.7,57.4,0.23,12,0.217,0
1847,39.0,8670.0,186.8,58.9,0.53,12,0.179,0
1848,40.8,10498.0,188.3,60.5,0.5,12,0.194,0
1849,43.3,12011.0,177.5,62.1,0.45,12,0.237,0
1850,40.0,11489.0,182.5,63.6,0.05,12,0.195,0
1851,42.1,9276.0,180.3,64.8,0.36,0,0.22,0
1852,40.7,10357.0,173.1,65.5,0.25,12,0.217,0
1853,43.1,9744.0,178.9,66.2,0.49,12,0.232,0
1854,42.6,11791.0,183.5,66.5,0.48,12,0.219,0
1855,39.6,10772.0,177.0,66.3,0.41,0,0.199,0
1856,40.8,10072.0,178.1,65.7,0.24,12,0.21,0
1857,43.8,10642.0,179.0,64.9,0.51,0,0.24,0
1858,42.1,8801.0,192.7,63.8,0.33,12,0.2,0
1859,37.6,9876.0,169.0,62.3,0.53,12,0.191,0
1860,42.6,10669.0,183.0,60.6,0.37,0,0.22,0
1861,38.2,11244.0,178.5,58.8,0.39,12,0.183,0
1862,44.4,9302.0,176.2,57.4,0.29,12,0.252,0
1863,43.4,10403.0,178.3,56.3,0.47,12,0.236,0
1864,41.5,11385.0,184.0,55.2,0.39,0,0.207,0
1865,41.1,9671.0,184.3,54.6,0.47,0,0.202,0
1866,40.1,10856.0,181.1,54.3,0.34,12,0.198,0
1867,42.3,10751.0,186.6,54.4,0.31,0,0.211,0
1868,39.6,11913.0,187.6,55.0,0.37,12,0.183,0
1869,41.1,10561.0,184.9,55.8,0.45,12,0.201,0
1870,42.6,10611.0,176.7,57.2,0.4,0,0.231,0
1871,38.9,11339.0,183.0,58.6,0.31,0,0.184,0
1872,38.8,9821.0,183.0,60.5,0.11,12,0.182,0
1873,37.3,10604.0,175.1,61.9,0.37,0,0.179,0
1874,37.5,10449.0,170.6,63.5,0.14,12,0.188,0
1875,35.6,10680.0,167.9,65.0,0.28,0,0.173,0
1876,41.9,11380.0,180.4,65.9,0.26,12,0.217,0
1877,44.5,11183.0,181.8,66.4,0.13,12,0.243,0
1878,43.5,10281.0,172.9,66.5,0.3,0,0.249,0
1879,35.8,10910.0,186.3,66.2,0.48,12,0.152,0
1880,41.7,11867.0,180.9,65.6,0.23,12,0.214,0
1881,43.4,10251.0,188.1,64.6,0.33,0,0.219,0
1882,38.6,10944.0,182.2,63.2,0.49,12,0.182,0
1883,40.0,10717.0,173.6,62.0,0.33,12,0.208,0
1884,34.6,10817.0,182.7,60.4,0.18,12,0.146,0
1885,40.3,9729.0,184.0,58.9,0.26,12,0.195,0
1886,36.9,11868.0,176.7,57.4,0.29,12,0.173,0
1887,40.0,10348.0,171.3,56.1,0.38,12,0.212,0
1888,35.5,11618.0,180.6,55.1,0.35,0,0.156,0
1889,40.7,10475.0,174.0,54.5,0.0,12,0.216,0
1890,41.9,10482.0,186.7,54.3,0.14,0,0.207,0
1891,37.3,11778.0,177.6,54.6,0.21,0,0.176,0
1892,36.4,11635.0,190.3,55.2,0.12,12,0.152,0
1893,33.8,11095.0,167.3,56.3,0.0,0,0.157,0
1894,38.5,11492.0,180.8,57.5,0.14,12,0.182,0
1895,37.6,10767.0,188.6,59.0,0.21,12,0.165,0
1896,35.2,10973.0,174.7,60.5,0.15,0,0.16,0
1897,40.1,10526.0,179.0,62.2,0.1,0,0.201,0
1898,37.8,11632.0,177.6,63.7,0.2,12,0.181,0
1899,36.2,10524.0,175.9,64.9,0.23,12,0.168,0
1900,37.5,12059.0,181.5,65.8,0.15,12,0.172,0
1901,41.5,10808.0,172.2,66.4,0.33,0,0.227,0
1902,40.3,11054.0,179.3,66.6,0.19,12,0.202,0
1903,38.4,11581.0,183.1,66.4,0.1,12,0.179,0
1904,40.2,11077.0,178.7,65.7,0.07,12,0.203,0
1905,35.8,10862.0,174.0,64.9,0.16,12,0.166,0
1906,38.7,11059.0,186.2,63.7,0.29,12,0.177,0
1907,38.9,11717.0,184.4,62.5,0.09,12,0.182,0
1908,37.4,10637.0,173.8,60.9,0.23,12,0.182,0
1909,39.6,11023.0,172.2,59.4,0.18,12,0.207,0
1910,36.5,11129.0,174.3,57.7,0.37,12,0.173,0
1911,39.7,11738.0,183.3,56.6,0.21,12,0.19,0
1912,39.7,11073.0,181.7,55.5,0.1,12,0.193,0
1913,31.0,12419.0,184.7,54.7,0.24,0,0.115,0
1914,41.3,11055.0,178.0,54.6,0.24,12,0.214,0
1915,30.6,11008.0,174.5,54.7,0.12,12,0.122,0
1916,36.7,11066.0,185.5,55.2,0.04,12,0.16,0
1917,40.7,10274.0,176.7,56.1,0.21,12,0.211,0
1918,37.3,10481.0,181.1,57.4,0.16,0,0.171,0
1919,34.4,10846.0,170.7,58.8,0.01,0,0.158,0
1920,35.3,12023.0,176.6,60.3,0.18,12,0.159,0
1921,40.6,11216.0,186.1,61.8,0.09,12,0.195,0
1922,33.2,10910.0,175.7,63.4,0.0,12,0.141,0
1923,40.8,12119.0,184.9,64.7,0.12,12,0.199,0
1924,37.8,12357.0,166.0,65.4,0.28,12,0.199,0
1925,34.9,12161.0,176.6,66.2,0.27,0,0.155,0
1926,36.4,10696.0,179.0,66.3,0.25,12,0.166,0
1927,35.3,10957.0,190.5,66.1,0.18,0,0.143,0
1928,40.0,12584.0,173.0,65.4,0.21,12,0.209,0
1929,39.6,11494.0,184.0,64.5,0.16,12,0.189,0
1930,33.5,11149.0,186.3,63.6,0.04,12,0.132,0
1931,36.7,11850.0,175.7,62.1,0.06,12,0.173,0
1932,35.5,12064.0,177.8,60.5,0.09,0,0.159,0
1933,40.9,10970.0,180.8,58.9,0.29,12,0.206,0
1934,34.3,11534.0,171.1,57.3,0.26,12,0.156,0
1935,41.6,12040.0,177.3,56.3,0.04,0,0.219,0
1936,37.5,10591.0,187.7,55.3,0.16,12,0.164,0
1937,34.7,11423.0,183.1,54.6,0.11,12,0.145,0
1938,35.8,10645.0,179.1,54.3,0.14,12,0.16,0
1939,35.5,10748.0,180.7,54.5,0.1,12,0.155,0
1940,34.3,11053.0,183.5,55.2,0.29,0,0.142,0
1941,37.7,11793.0,184.6,56.0,0.15,12,0.17,0
1942,34.4,11244.0,176.7,57.4,0.18,0,0.15,0
1943,32.0,11027.0,189.2,58.8,0.18,12,0.118,0
1944,36.4,11528.0,187.9,60.3,0.05,12,0.155,0
1945,32.9,10701.0,184.1,61.8,0.17,0,0.13,0
1946,35.5,11815.0,174.9,63.4,0.26,0,0.162,0
1947,35.1,12318.0,173.9,64.5,0.31,12,0.16,0
1948,35.1,11482.0,178.0,65.4,0.05,12,0.155,0
1949,42.3,11407.0,180.4,66.1,0.01,12,0.221,0
1950,37.4,11822.0,169.4,66.3,0.17,0,0.189,0
1951,37.9,10152.0,183.0,66.0,0.28,12,0.174,0
1952,32.8,11959.0,187.7,65.5,0.2,12,0.126,0
1953,35.6,13766.0,183.5,64.7,0.24,12,0.153,0
1954,37.7,11520.0,175.9,63.5,0.03,0,0.182,0
1955,34.6,11534.0,175.2,62.0,0.12,12,0.154,0
1956,39.4,12149.0,181.8,60.4,0.0,12,0.19,0
1957,34.2,12792.0,179.1,58.9,0.16,12,0.146,0
1958,36.4,12334.0,182.7,57.2,0.0,12,0.161,0
1959,35.7,10154.0,183.6,56.2,0.31,12,0.153,0
1960,37.5,12069.0,186.6,55.4,0.34,12,0.166,0
1961,35.5,13486.0,173.2,54.8,0.2,12,0.165,0
1962,36.4,12133.0,181.3,54.6,0.04,0,0.163,0
1963,36.5,10901.0,177.8,55.0,0.23,12,0.168,0
1964,35.2,11918.0,179.4,55.8,0.38,12,0.155,0
1965,38.3,10835.0,185.2,56.9,0.24,12,0.175,0
1966,37.7,12606.0,185.8,58.0,0.32,12,0.168,0
1967,36.8,11086.0,188.4,59.4,0.15,12,0.158,0
1968,36.0,11818.0,182.6,61.0,0.12,0,0.157,0
1969,39.0,11178.0,179.3,62.5,0.2,12,0.19,0
1970,36.4,11407.0,178.5,64.2,0.02,12,0.167,0
1971,36.3,12842.0,169.6,65.6,0.44,12,0.177,0
1972,37.3,11885.0,188.0,66.4,0.23,0,0.162,0
1973,41.3,11433.0,178.1,67.0,0.31,12,0.214,0
1974,33.7,11034.0,183.0,67.1,0.18,12,0.137,0
1975,38.9,10537.0,184.1,66.9,0.07,12,0.182,0
1976,32.3,10983.0,172.5,66.3,0.37,0,0.137,0
1977,37.5,11949.0,174.5,65.5,0.12,0,0.183,0
1978,40.9,12569.0,189.3,64.1,0.27,12,0.194,0
1979,38.2,11502.0,181.7,62.3,0.28,0,0.179,0
1980,37.4,13005.0,176.5,60.6,0.25,0,0.178,0
1981,35.6,11415.0,179.2,58.9,0.17,12,0.158,0
1982,37.1,11762.0,186.5,57.4,0.24,12,0.162,0
1983,36.4,11185.0,185.6,56.2,0.16,12,0.157,0
1984,35.0,12646.0,171.2,55.1,0.34,12,0.163,0
1985,36.3,13432.0,189.8,54.3,0.32,0,0.152,0
1986,37.5,10742.0,185.8,54.0,0.26,12,0.167,0
1987,35.1,11745.0,179.1,54.1,0.21,12,0.154,0
1988,35.0,12884.0,172.8,54.6,0.49,12,0.161,0
1989,33.6,10997.0,186.3,55.5,0.15,12,0.134,0
1990,38.0,12419.0,182.9,56.8,0.13,12,0.175,0
1991,38.4,12889.0,171.3,58.2,0.28,12,0.196,0
1992,37.6,12100.0,178.6,59.7,0.27,12,0.177,0
1993,39.5,12442.0,198.8,61.2,0.41,0,0.168,0
1994,37.3,13301.0,180.1,62.7,0.36,12,0.172,0
1995,38.0,13444.0,175.5,63.9,0.31,12,0.186,0
1996,37.8,12048.0,173.9,65.0,0.36,0,0.186,0
1997,36.9,11731.0,190.6,65.5,0.36,12,0.155,0
1998,35.8,11471.0,185.1,65.7,0.53,12,0.153,0
1999,42.6,12810.0,188.4,65.4,0.35,12,0.211,0
2000,36.0,11178.0,181.5,64.7,0.26,0,0.159,0
2001,35.5,11973.0,187.5,63.7,0.35,12,0.147,0
2002,38.2,12233.0,174.9,62.7,0.07,12,0.189,0
2003,37.8,11821.0,181.0,61.1,0.34,12,0.176,0
2004,33.7,12380.0,181.7,59.5,0.45,0,0.139,0
2005,40.0,13991.0,188.3,57.8,0.41,0,0.186,0
2006,37.0,12123.0,181.9,56.2,0.38,12,0.167,0
2007,34.4,11915.0,176.2,54.9,0.42,12,0.151,0
2008,40.2,12942.0,180.4,53.9,0.47,12,0.2,0
2009,38.8,12410.0,169.9,53.2,0.51,12,0.203,0
2010,34.1,13262.0,166.1,53.0,0.42,12,0.162,0
2011,41.7,12381.0,185.0,53.0,0.35,0,0.208,0
2012,39.0,12103.0,177.8,53.5,0.15,12,0.191,0
2013,37.3,11040.0,178.4,54.5,0.48,0,0.175,0
2014,41.3,11166.0,185.0,55.6,0.44,12,0.204,0
2015,37.8,11027.0,188.4,57.0,0.41,0,0.166,0
2016,37.3,12589.0,183.2,58.6,0.33,12,0.168,0
2017,35.8,11381.0,191.6,60.1,0.5,12,0.145,0
2018,38.9,13225.0,183.0,61.5,0.38,0,0.183,0
2019,38.7,12379.0,181.8,62.6,0.41,12,0.183,0
2020,37.5,12198.0,181.4,63.7,0.41,0,0.173,0
2021,35.5,11790.0,172.3,64.3,0.47,0,0.166,0
2022,37.9,12827.0,185.7,64.5,0.31,0,0.17,0
2023,37.4,11840.0,165.3,64.5,0.49,0,0.195,0
2024,34.2,11725.0,176.5,63.8,0.37,12,0.149,0
2025,33.9,13258.0,180.1,62.8,0.37,12,0.143,0
2026,39.0,12686.0,175.3,61.7,0.54,12,0.196,0
2027,31.2,12284.0,177.3,60.5,0.35,12,0.123,0
2028,38.2,12909.0,191.0,58.8,0.54,12,0.167,0
2029,36.5,12478.0,186.6,57.3,0.47,12,0.157,0
2030,41.0,12751.0,175.9,56.0,0.3,12,0.215,0
2031,36.5,11922.0,177.2,54.7,0.61,12,0.169,0
2032,39.5,13954.0,172.3,53.8,0.5,12,0.205,0
2033,36.8,12111.0,184.2,53.3,0.52,0,0.163,0
2034,38.2,13617.0,178.5,53.0,0.58,0,0.183,1
2035,39.7,12407.0,168.2,53.3,0.64,12,0.215,0
2036,36.8,13115.0,180.6,53.9,0.51,12,0.167,0
2037,40.5,13075.0,182.6,54.7,0.56,0,0.199,0
2038,35.5,13375.0,185.8,55.8,0.54,12,0.15,0
2039,38.8,11995.0,179.6,57.2,0.47,12,0.187,0
2040,40.4,13348.0,177.8,58.9,0.35,0,0.206,0
2041,39.8,13898.0,191.9,60.5,0.53,12,0.179,0
2042,42.9,12436.0,180.0,62.1,0.65,12,0.228,0
2043,36.3,12652.0,184.3,63.4,0.58,12,0.158,0
2044,34.8,12272.0,176.8,64.4,0.42,12,0.154,0
2045,35.8,12407.0,184.1,65.0,0.64,12,0.154,0
2046,39.9,13859.0,171.3,65.3,0.5,12,0.212,0
2047,39.6,11969.0,177.2,65.1,0.33,0,0.198,0
2048,38.6,12023.0,172.8,64.3,0.64,0,0.196,0
2049,35.6,13821.0,176.4,63.3,0.45,12,0.162,0
2050,40.4,13142.0,187.5,61.9,0.73,12,0.191,0
2051,35.4,14200.0,176.3,60.6,0.67,12,0.16,0
2052,41.4,12411.0,184.3,59.3,0.53,12,0.206,0
2053,45.7,12826.0,189.1,57.4,0.61,12,0.242,0
2054,39.5,12286.0,179.8,56.2,0.81,12,0.194,0
2055,40.1,12859.0,186.0,54.9,0.67,12,0.191,0
2056,37.5,11528.0,183.2,54.1,0.59,12,0.17,0
2057,34.2,13260.0,180.7,53.6,0.86,12,0.144,0
2058,37.3,13017.0,184.5,53.5,0.59,12,0.166,0
2059,36.1,12761.0,191.0,53.8,0.64,0,0.149,0
2060,35.3,12539.0,176.2,54.2,0.49,12,0.159,0
2061,43.2,12197.0,174.2,55.2,0.42,0,0.242,0
2062,39.6,13343.0,173.9,56.5,0.56,12,0.205,0
2063,40.0,12024.0,186.0,57.9,0.6,12,0.189,0
2064,38.3,13213.0,186.8,59.5,0.63,0,0.173,1
2065,38.7,14317.0,176.8,61.1,0.46,12,0.19,0
2066,41.6,13915.0,167.2,62.4,0.67,12,0.238,0
2067,39.1,11832.0,176.0,63.5,0.52,0,0.196,0
2068,40.6,12521.0,183.3,64.5,0.67,12,0.199,0
2069,38.8,13202.0,179.6,65.1,0.7,0,0.187,1
2070,38.5,12868.0,181.1,65.0,0.57,12,0.182,0
2071,35.9,11948.0,176.9,64.7,0.52,0,0.164,0
2072,34.5,13208.0,186.1,63.9,0.77,12,0.141,0
2073,38.8,12941.0,182.1,62.9,0.71,12,0.184,0
2074,39.7,14298.0,183.5,61.8,0.64,0,0.19,0
2075,36.4,12791.0,181.0,60.2,0.77,12,0.163,0
2076,39.6,13796.0,183.1,58.7,0.63,12,0.189,0
2077,39.8,12102.0,182.8,57.5,0.57,0,0.193,0
2078,34.4,12279.0,174.4,56.2,0.53,0,0.153,0
2079,37.5,13514.0,182.2,55.0,0.62,12,0.171,0
2080,40.9,13778.0,184.7,54.2,0.71,12,0.2,0
2081,40.9,12359.0,186.9,53.4,0.77,0,0.197,1
2082,37.1,13056.0,182.5,53.0,0.64,12,0.167,0
2083,40.4,12082.0,174.2,53.2,0.76,12,0.212,0
2084,42.6,12932.0,175.1,53.9,0.62,12,0.234,0
2085,42.1,13654.0,177.4,54.9,0.56,12,0.224,0
2086,39.9,12774.0,181.1,56.1,0.51,0,0.196,0
2087,39.1,12914.0,179.3,57.6,0.59,12,0.19,0
2088,38.7,12307.0,173.3,59.2,0.52,0,0.196,0
2089,41.5,12654.0,173.2,60.7,0.85,12,0.226,0
2090,40.9,14348.0,167.4,62.1,0.69,12,0.23,0
2091,42.0,13178.0,161.3,63.3,0.64,12,0.256,0
2092,40.9,12435.0,179.2,64.3,0.82,0,0.208,0
2093,42.6,12926.0,193.9,64.9,0.52,12,0.203,0
2094,40.9,12037.0,190.8,65.0,0.63,12,0.191,0
2095,42.7,12455.0,174.1,64.9,0.85,12,0.236,0
2096,42.9,14127.0,180.9,64.4,0.63,12,0.227,0
2097,38.8,13084.0,171.2,63.6,0.89,12,0.2,0
2098,36.4,14517.0,172.1,62.2,0.73,12,0.175,0
2099,44.8,13136.0,172.8,60.8,0.78,12,0.263,0
2100,41.6,13187.0,178.6,59.1,0.78,12,0.217,0
2101,36.8,13670.0,178.9,57.6,0.65,12,0.169,0
2102,39.3,11359.0,181.5,56.0,0.6,0,0.19,0
2103,43.1,13383.0,184.0,54.9,0.64,0,0.223,0
2104,40.5,13214.0,178.0,54.1,0.55,0,0.207,0
2105,40.0,14298.0,180.2,53.6,0.64,12,0.198,0
2106,44.9,13942.0,173.4,53.5,0.65,12,0.263,0
2107,38.8,12482.0,171.9,53.7,0.82,12,0.199,0
2108,39.5,14154.0,171.0,54.2,0.71,12,0.208,0
2109,42.1,13110.0,183.9,55.4,0.88,12,0.213,0
2110,42.6,12669.0,178.0,56.6,0.43,0,0.229,0
2111,42.9,13449.0,168.8,57.9,0.52,12,0.25,0
2112,44.0,13178.0,179.6,59.6,0.61,12,0.241,0
2113,42.3,14406.0,172.5,61.1,0.79,12,0.236,0
2114,43.1,13576.0,190.0,62.8,0.63,12,0.214,0
2115,41.3,13490.0,176.5,64.0,0.49,12,0.217,0
2116,42.2,13985.0,184.1,65.0,0.61,12,0.214,0
2117,42.3,14128.0,186.5,65.8,0.52,12,0.211,0
2118,42.7,13920.0,174.3,65.8,0.5,0,0.236,0
2119,44.1,14374.0,180.5,65.5,0.83,12,0.241,0
2120,43.7,13814.0,183.3,64.8,0.6,12,0.23,0
2121,42.4,13514.0,180.7,63.6,0.65,0,0.222,0
2122,40.4,14272.0,182.2,62.5,0.62,12,0.199,0
2123,42.6,13350.0,172.0,61.0,0.6,12,0.24,0
2124,42.5,13445.0,183.3,59.5,0.54,12,0.218,0
2125,43.1,14635.0,177.1,58.0,0.59,12,0.235,0
2126,48.2,14573.0,182.1,56.6,0.65,12,0.283,0
2127,41.4,13440.0,185.5,55.3,0.76,12,0.204,0
2128,43.9,13136.0,184.0,54.3,0.71,0,0.231,0
2129,45.5,14486.0,182.1,53.7,0.49,12,0.253,0
2130,43.2,14030.0,183.9,53.6,0.71,12,0.224,0
2131,48.8,13699.0,184.1,53.8,0.66,12,0.286,0
2132,42.1,13260.0,189.0,54.3,0.54,0,0.206,0
2133,43.9,13725.0,179.8,55.1,0.62,12,0.24,0
2134,41.2,13486.0,181.0,56.4,0.66,12,0.209,0
2135,42.4,13044.0,185.6,57.8,0.6,12,0.213,0
2136,44.0,13607.0,177.1,59.3,0.64,12,0.245,0
2137,45.5,13710.0,172.0,60.8,0.51,12,0.274,0
2138,44.3,13268.0,183.0,62.2,0.79,0,0.237,1
2139,46.7,14171.0,178.8,63.5,0.39,12,0.273,0
2140,43.4,14448.0,172.8,64.5,0.64,12,0.247,0
2141,42.8,14232.0,183.0,65.4,0.62,0,0.222,0
2142,50.5,13367.0,188.6,65.7,0.64,0,0.296,0
2143,44.8,14097.0,170.2,65.7,0.5,12,0.269,0
2144,42.1,13630.0,186.1,65.0,0.69,12,0.21,0
2145,42.2,12717.0,164.8,63.8,0.56,0,0.25,0
2146,41.7,14060.0,177.6,62.6,0.44,12,0.219,0
2147,46.4,13699.0,191.0,61.2,0.45,12,0.246,0
2148,43.3,15419.0,178.0,59.8,0.57,12,0.236,0
2149,44.6,14630.0,180.5,58.3,0.39,12,0.245,0
2150,44.1,14115.0,184.6,56.6,0.73,12,0.233,0
2151,46.2,13799.0,169.7,55.5,0.65,0,0.287,0
2152,42.3,13745.0,180.4,54.6,0.72,12,0.221,0
2153,41.8,12935.0,180.4,53.8,0.71,12,0.216,0
2154,45.1,12427.0,191.2,53.7,0.5,12,0.232,0
2155,46.2,13040.0,172.6,53.9,0.44,12,0.28,0
2156,45.6,13624.0,177.7,54.6,0.26,0,0.262,0
2157,42.8,12190.0,174.4,55.6,0.48,0,0.237,1
2158,46.6,13289.0,173.8,56.9,0.69,12,0.282,0
2159,43.1,13503.0,186.8,58.2,0.43,0,0.218,0
2160,43.7,13532.0,180.2,59.7,0.49,12,0.236,0
2161,42.7,13226.0,176.7,61.1,0.45,12,0.232,0
2162,48.4,13456.0,176.9,62.6,0.54,12,0.297,0
2163,46.8,14908.0,176.6,64.0,0.62,0,0.279,1
2164,46.8,14171.0,177.2,64.8,0.34,12,0.278,0
2165,48.5,13321.0,172.4,65.3,0.35,12,0.309,0
2166,52.5,13672.0,178.4,65.4,0.63,12,0.345,0
2167,41.2,13706.0,177.8,65.2,0.55,12,0.214,0
2168,43.7,13194.0,175.5,64.6,0.45,12,0.246,0
2169,44.1,13199.0,180.9,63.6,0.64,0,0.239,0
2170,43.6,14450.0,181.4,62.5,0.33,12,0.233,0
2171,43.1,13455.0,176.7,61.1,0.55,12,0.236,0
2172,45.1,12988.0,179.1,59.7,0.45,12,0.254,0
2173,42.9,13730.0,193.0,58.0,0.51,12,0.207,0
2174,46.8,13848.0,192.7,56.8,0.21,12,0.247,0
2175,46.2,12390.0,173.7,55.7,0.42,12,0.278,0
2176,47.3,13748.0,174.5,54.9,0.51,12,0.29,0
2177,47.5,14389.0,173.6,54.3,0.43,12,0.294,0
2178,47.8,14103.0,186.3,54.0,0.55,0,0.269,0
2179,45.4,15353.0,177.6,54.1,0.55,12,0.26,0
2180,51.7,14673.0,181.4,54.6,0.32,0,0.328,0
2181,47.0,14816.0,192.0,55.5,0.5,12,0.251,0
2182,41.9,15767.0,179.9,56.9,0.31,12,0.217,0
2183,44.1,14343.0,184.2,58.5,0.41,12,0.233,0
2184,42.3,13931.0,183.1,60.0,0.47,12,0.217,0
2185,46.8,14503.0,176.5,61.5,0.31,12,0.279,0
2186,46.5,13435.0,186.4,62.9,0.47,12,0.255,0
2187,45.7,13907.0,174.9,64.1,0.34,12,0.27,0
2188,52.0,13383.0,188.0,65.2,0.32,0,0.315,0
2189,48.4,14119.0,176.5,65.8,0.45,0,0.298,0
2190,48.9,13389.0,177.1,66.0,0.29,12,0.303,0
2191,44.8,13369.0,173.5,65.9,0.28,0,0.262,0
2192,44.7,14143.0,174.5,65.3,0.47,0,0.259,1
2193,47.4,13762.0,177.4,64.4,0.37,12,0.284,0
2194,47.8,12513.0,165.4,63.1,0.21,12,0.319,0
2195,42.8,12848.0,178.6,61.8,0.43,12,0.229,0
2196,47.0,13068.0,177.0,60.2,0.3,0,0.281,0
2197,47.6,13257.0,184.7,58.6,0.2,0,0.271,0
2198,47.1,14169.0,182.5,57.2,0.08,12,0.269,0
2199,45.6,14036.0,175.8,56.0,0.42,0,0.267,0
2200,46.4,14632.0,177.2,55.2,0.24,12,0.273,0
2201,47.4,14418.0,178.6,54.5,0.2,12,0.281,0
2202,48.1,14645.0,188.9,54.4,0.38,12,0.268,0
2203,49.4,14324.0,175.1,54.6,0.39,12,0.315,0
2204,50.7,14048.0,175.7,55.2,0.23,12,0.33,0
2205,47.3,14675.0,173.2,56.1,0.4,12,0.293,0
2206,47.0,14552.0,171.1,57.2,0.51,0,0.294,0
2207,49.3,14175.0,181.8,58.4,0.43,12,0.297,0
2208,49.8,14805.0,181.2,60.1,0.41,0,0.304,0
2209,47.2,12277.0,187.7,61.8,0.32,12,0.261,0
2210,50.4,13719.0,186.2,63.1,0.24,12,0.3,0
2211,50.9,13711.0,194.4,64.2,0.27,12,0.289,0
2212,51.7,14735.0,179.6,65.3,0.32,0,0.333,0
2213,53.0,15031.0,178.4,65.9,0.15,0,0.353,0
2214,46.5,12919.0,172.2,66.2,0.19,12,0.285,0
2215,48.7,14925.0,184.2,66.0,0.12,12,0.285,0
2216,48.8,13120.0,180.7,65.3,0.28,0,0.293,0
2217,48.6,13144.0,183.9,64.3,0.26,12,0.284,0
2218,47.3,13782.0,173.2,62.8,0.19,12,0.292,0
2219,45.2,13726.0,182.1,61.2,0.33,0,0.249,0
2220,49.2,12860.0,181.2,59.7,0.14,12,0.298,0
2221,47.1,14408.0,180.8,58.3,0.17,0,0.274,0
2222,49.3,14432.0,175.9,57.1,0.31,12,0.312,0
2223,47.2,14696.0,187.1,55.9,0.33,0,0.262,0
2224,46.5,13657.0,192.3,54.6,0.15,0,0.244,0
2225,49.9,13935.0,173.3,54.0,0.25,12,0.325,0
2226,49.7,13944.0,184.3,53.9,0.15,12,0.297,0
2227,50.9,15149.0,162.7,54.3,0.2,12,0.37,0
2228,54.9,11985.0,184.0,55.1,0.23,0,0.363,0
2229,50.2,13302.0,168.8,56.0,0.27,12,0.342,0
2230,50.8,13977.0,176.9,57.1,0.24,12,0.328,0
2231,47.0,13215.0,172.1,58.5,0.23,0,0.291,0
2232,46.5,13796.0,178.7,60.1,0.1,12,0.271,0
2233,53.7,13890.0,185.0,61.8,0.24,12,0.344,0
2234,47.5,13520.0,168.9,63.3,0.25,12,0.306,0
2235,47.3,14027.0,177.8,64.6,0.27,0,0.282,0
2236,49.8,14423.0,176.9,65.5,0.12,12,0.315,0
2237,49.8,13820.0,189.5,66.2,0.28,0,0.286,0
2238,47.8,13669.0,182.6,66.4,0.06,12,0.277,0
2239,49.3,13872.0,172.9,66.2,0.14,0,0.319,0
2240,53.2,13984.0,177.2,65.4,0.16,12,0.359,0
2241,48.2,12772.0,189.3,64.6,0.05,12,0.268,0
2242,46.8,14314.0,184.3,63.2,0.15,0,0.262,0
2243,52.7,13677.0,174.5,61.9,0.2,0,0.359,0
2244,51.6,14876.0,178.4,60.2,0.0,12,0.334,0
2245,48.9,14408.0,178.6,58.5,0.13,12,0.299,0
2246,46.5,14814.0,176.8,57.2,0.0,12,0.275,0
2247,48.6,13288.0,169.7,56.0,0.37,12,0.319,0
2248,50.4,13737.0,175.9,54.9,0.19,0,0.325,0
2249,53.5,13127.0,188.3,54.3,0.18,0,0.333,0
2250,48.1,13504.0,177.7,54.1,0.19,12,0.292,0
2251,50.5,14875.0,179.4,54.3,0.22,12,0.318,0
2252,52.4,15040.0,180.8,54.8,0.26,12,0.339,0
2253,44.8,13195.0,193.3,55.8,0.0,12,0.226,0
2254,53.4,13679.0,180.1,56.9,0.29,12,0.354,0
2255,47.9,13946.0,186.6,58.7,0.28,0,0.271,0
2256,51.8,14410.0,176.4,60.2,0.15,12,0.342,0
2257,51.6,12768.0,178.4,61.7,0.14,12,0.334,0
2258,53.7,12878.0,180.1,63.1,0.0,0,0.358,0
2259,52.5,14343.0,175.4,64.5,0.03,12,0.354,0
2260,45.2,12636.0,178.8,65.3,0.2,12,0.256,0
2261,49.2,13687.0,185.3,65.9,0.27,12,0.288,0
2262,51.6,14113.0,175.2,66.1,0.22,12,0.342,0
2263,50.8,14290.0,180.0,65.7,0.14,12,0.32,0
2264,52.5,13900.0,184.3,65.1,0.34,12,0.331,0
2265,53.3,13742.0,175.1,64.1,0.25,12,0.367,0
2266,52.9,14589.0,186.6,62.8,0.11,12,0.33,0
2267,50.9,14197.0,180.4,61.4,0.37,12,0.32,0
2268,46.9,13544.0,179.0,60.0,0.04,12,0.274,0
2269,50.4,14022.0,168.0,58.5,0.0,12,0.347,0
2270,52.6,14263.0,177.8,56.9,0.11,12,0.349,0
2271,48.9,15197.0,182.2,55.5,0.07,12,0.291,0
2272,53.2,14544.0,190.5,54.5,0.11,12,0.324,0
2273,53.9,14843.0,183.4,53.9,0.23,12,0.351,0
2274,52.0,13564.0,186.8,53.7,0.15,0,0.319,0
2275,44.1,13623.0,172.7,54.0,0.15,12,0.255,0
2276,48.6,13824.0,179.2,54.8,0.16,12,0.294,0
2277,56.5,13887.0,187.3,55.7,0.0,12,0.375,0
2278,50.5,13281.0,174.7,56.8,0.0,12,0.33,0
2279,46.9,14871.0,185.8,58.4,0.12,0,0.261,0
2280,55.0,14602.0,184.4,60.1,0.07,0,0.363,0
2281,52.0,13768.0,181.6,61.7,0.13,0,0.331,0
2282,54.8,14430.0,178.0,63.1,0.3,12,0.378,0
2283,52.7,14135.0,174.1,64.4,0.15,12,0.361,0
2284,53.2,14481.0,190.7,65.4,0.03,0,0.324,0
2285,53.0,13035.0,183.8,65.7,0.08,12,0.338,0
2286,53.9,13872.0,182.0,66.0,0.34,12,0.354,0
2287,57.9,13931.0,177.5,65.9,0.32,12,0.423,0
2288,54.6,14406.0,180.2,65.5,0.23,12,0.369,0
2289,48.3,13528.0,181.0,64.4,0.01,0,0.287,0
2290,53.4,12216.0,182.4,63.2,0.2,0,0.347,0
2291,55.1,13206.0,184.4,61.8,0.21,12,0.364,0
2292,55.3,13919.0,175.3,60.2,0.18,12,0.394,0
2293,51.3,14004.0,171.2,58.7,0.12,0,0.35,0
2294,55.3,15135.0,180.5,57.3,0.14,12,0.377,0
2295,54.7,14362.0,169.5,56.0,0.12,0,0.404,0
2296,58.8,14009.0,178.1,55.2,0.07,12,0.436,0
2297,50.6,13926.0,176.9,54.7,0.32,0,0.325,0
2298,51.2,14719.0,183.0,54.4,0.28,12,0.318,0
2299,51.7,13531.0,191.9,54.6,0.16,12,0.303,0
2300,51.3,13843.0,168.3,55.2,0.23,0,0.358,0
2301,50.3,13176.0,193.6,56.0,0.24,0,0.284,0
2302,45.7,14928.0,178.6,57.1,0.43,0,0.261,1
2303,51.5,14207.0,182.1,58.5,0.29,12,0.324,0
2304,53.5,13434.0,171.5,60.2,0.29,12,0.38,0
2305,51.4,13846.0,186.0,61.7,0.21,12,0.313,0
2306,57.5,14280.0,180.2,63.1,0.17,12,0.409,0
2307,52.7,13744.0,179.6,64.4,0.35,12,0.345,0
2308,55.9,13542.0,168.4,65.5,0.28,12,0.426,0
2309,53.4,13455.0,180.4,66.1,0.14,0,0.352,0
2310,54.8,14147.0,185.1,66.2,0.27,0,0.358,0
2311,53.4,13655.0,178.6,65.9,0.31,12,0.358,0
2312,56.2,13585.0,187.0,65.6,0.02,12,0.371,0
2313,52.9,12964.0,186.8,64.5,0.14,12,0.33,0
2314,54.0,13950.0,176.2,63.3,0.27,12,0.373,0
2315,53.7,13765.0,189.6,62.0,0.05,12,0.333,0
2316,52.1,13662.0,180.3,60.2,0.07,0,0.336,0
2317,53.9,14023.0,180.3,58.7,0.22,12,0.359,0
2318,58.4,14403.0,180.6,57.3,0.3,12,0.421,0
2319,52.2,14367.0,180.4,56.0,0.31,0,0.337,0
2320,53.9,14259.0,164.2,55.0,0.42,12,0.41,0
2321,56.0,13699.0,178.9,54.3,0.27,12,0.393,0
2322,55.8,13467.0,171.8,54.1,0.23,12,0.411,0
2323,52.9,13128.0,189.8,54.2,0.14,12,0.323,0
2324,47.0,13440.0,189.5,54.8,0.24,12,0.254,0
2325,54.2,13864.0,185.1,55.7,0.35,0,0.351,0
2326,47.4,13296.0,178.6,57.1,0.36,12,0.282,0
2327,56.6,13909.0,174.0,58.4,0.31,0,0.417,1
2328,53.4,13161.0,176.1,59.7,0.35,0,0.364,0
2329,55.5,12670.0,191.7,61.4,0.42,0,0.349,0
2330,50.7,14401.0,175.8,62.8,0.31,0,0.329,0
2331,49.1,13491.0,165.9,64.0,0.44,0,0.335,0
2332,53.6,13232.0,186.2,65.0,0.24,0,0.34,0
2333,52.9,13047.0,189.0,65.6,0.31,12,0.324,0
2334,51.8,14104.0,190.0,65.7,0.27,12,0.308,0
2335,53.2,14766.0,186.2,65.6,0.4,0,0.335,0
2336,59.9,13516.0,187.2,64.9,0.22,0,0.421,0
2337,55.1,13642.0,180.3,63.9,0.3,0,0.375,0
2338,55.6,14538.0,167.5,62.4,0.15,12,0.424,0
2339,55.1,12515.0,180.2,61.1,0.4,0,0.376,0
2340,56.7,15154.0,183.7,59.5,0.47,0,0.387,1
2341,52.5,15483.0,179.2,58.0,0.44,12,0.344,0
2342,47.9,11872.0,178.9,56.6,0.43,12,0.286,0
2343,52.5,13693.0,174.2,55.5,0.44,12,0.358,0
2344,55.0,13252.0,174.0,54.5,0.43,12,0.394,0
2345,50.6,13565.0,191.0,54.0,0.43,12,0.292,0
2346,52.5,13451.0,191.2,53.6,0.44,12,0.315,0
2347,51.3,14307.0,180.0,53.7,0.31,12,0.326,0
2348,56.7,13654.0,181.7,54.3,0.36,0,0.394,0
2349,54.8,13089.0,174.1,55.2,0.39,12,0.391,0
2350,54.6,13600.0,183.9,56.6,0.36,12,0.359,1
2351,54.5,14075.0,190.6,58.1,0.24,12,0.34,0
2352,52.9,12880.0,170.8,59.5,0.28,0,0.373,0
2353,53.4,12551.0,182.8,61.1,0.43,12,0.347,0
2354,50.0,15092.0,183.2,62.5,0.5,12,0.302,0
2355,47.5,13241.0,183.2,63.8,0.41,12,0.273,0
2356,53.3,13588.0,189.9,64.7,0.7,12,0.327,0
2357,53.7,13400.0,192.2,65.4,0.33,12,0.327,0
2358,55.9,14055.0,178.6,65.4,0.47,0,0.392,0
2359,56.8,14906.0,184.0,64.9,0.56,0,0.388,0
2360,56.8,14065.0,180.5,64.3,0.54,12,0.398,0
2361,50.4,12589.0,176.2,63.4,0.51,0,0.324,0
2362,52.0,12677.0,181.6,62.1,0.55,12,0.331,0
2363,54.0,13360.0,184.0,60.8,0.46,12,0.351,0
2364,59.2,13445.0,181.3,59.3,0.62,12,0.429,0
2365,56.5,12420.0,174.7,57.9,0.59,12,0.413,1
2366,55.6,14192.0,177.2,56.6,0.38,12,0.392,0
2367,51.8,12852.0,177.3,55.4,0.5,0,0.34,0
2368,50.6,14650.0,174.9,54.3,0.32,12,0.33,0
2369,54.7,14873.0,181.9,53.7,0.63,0,0.366,0
2370,50.0,13417.0,182.5,53.7,0.5,12,0.304,0
2371,52.1,13891.0,185.9,53.9,0.62,12,0.322,0
2372,52.4,12714.0,174.9,54.6,0.48,12,0.355,0
2373,56.7,14006.0,176.5,55.4,0.31,12,0.409,0
2374,51.8,13214.0,189.3,56.8,0.76,12,0.31,0
2375,46.5,12794.0,179.0,58.2,0.52,12,0.27,0
2376,53.9,13345.0,180.2,59.5,0.41,0,0.359,0
2377,50.8,13214.0,178.9,61.0,0.63,12,0.323,0
2378,52.7,13305.0,186.8,62.2,0.72,12,0.327,0
2379,52.3,14190.0,187.0,63.3,0.5,12,0.322,0
2380,51.8,12968.0,186.7,64.6,0.52,12,0.317,0
2381,54.5,14725.0,180.2,65.1,0.55,12,0.367,0
2382,48.6,12575.0,174.8,65.1,0.42,12,0.306,0
2383,51.2,14626.0,191.6,64.9,0.47,0,0.297,0
2384,54.1,12776.0,185.1,64.2,0.72,0,0.349,0
2385,50.9,13479.0,177.3,63.4,0.53,12,0.328,0
2386,48.3,13128.0,188.5,62.0,0.46,0,0.272,0
2387,54.0,13223.0,176.8,60.6,0.51,0,0.371,0
2388,55.1,14017.0,188.5,58.9,0.66,12,0.353,0
2389,52.2,14498.0,188.9,57.7,0.36,0,0.315,0
2390,47.3,14273.0,174.5,56.3,0.59,12,0.29,0
2391,54.0,13148.0,183.5,55.0,0.81,0,0.352,1
2392,48.0,13552.0,184.7,54.0,0.77,0,0.276,1
2393,52.9,12868.0,195.7,53.4,0.63,0,0.309,1
2394,49.9,12713.0,175.5,53.1,0.71,0,0.32,0
2395,49.2,12596.0,188.6,53.2,0.71,0,0.281,0
2396,51.0,13084.0,180.1,54.0,0.57,12,0.322,0
2397,51.6,13557.0,172.6,54.9,0.68,0,0.35,0
2398,50.4,12035.0,179.3,55.9,0.77,12,0.316,0
2399,53.4,13333.0,180.0,57.2,0.47,0,0.354,0
2400,50.8,14418.0,173.6,58.8,0.65,0,0.337,0
2401,54.3,14133.0,181.9,60.4,0.63,12,0.361,0
2402,52.6,12930.0,185.7,61.8,0.61,12,0.328,0
2403,50.1,12353.0,181.4,63.2,0.61,0,0.307,0
2404,49.6,13644.0,176.7,64.0,0.63,0,0.313,1
2405,47.6,11691.0,179.1,64.7,0.64,0,0.283,0
2406,52.4,14081.0,180.0,64.8,0.72,12,0.341,0
2407,50.8,13146.0,181.3,64.7,0.66,12,0.317,0
2408,45.7,14568.0,186.7,64.1,0.6,12,0.246,0
2409,50.3,12069.0,181.6,63.1,0.53,12,0.309,0
2410,49.3,13911.0,171.6,61.9,0.57,0,0.322,0
2411,55.5,13189.0,176.6,60.6,0.65,12,0.391,0
2412,47.2,13019.0,181.0,59.0,0.55,12,0.274,0
2413,47.8,12283.0,186.7,57.4,0.72,12,0.269,0
2414,54.2,13649.0,187.8,56.1,0.67,0,0.343,0
2415,54.7,13696.0,190.6,55.0,0.75,12,0.343,0
2416,49.4,14464.0,180.8,54.0,0.57,12,0.301,0
2417,49.7,13910.0,184.6,53.3,0.55,12,0.295,0
2418,52.8,12780.0,171.3,53.2,0.75,12,0.37,0
2419,45.4,12483.0,182.6,53.4,0.65,12,0.25,0
2420,46.5,12219.0,173.5,54.0,0.62,0,0.282,0
2421,50.4,14198.0,179.6,55.0,0.71,12,0.316,0
2422,54.9,12613.0,198.2,56.3,0.71,12,0.327,0
2423,49.9,14184.0,181.8,57.7,0.52,12,0.304,0
2424,51.2,13506.0,174.8,59.4,0.78,12,0.339,0
2425,53.7,13360.0,182.4,61.1,0.6,12,0.351,0
2426,56.1,12905.0,176.9,62.6,0.82,12,0.4,0
2427,49.4,13572.0,174.2,64.0,0.51,12,0.316,0
2428,50.7,13089.0,192.6,65.0,0.68,12,0.29,0
2429,55.3,12832.0,186.4,65.6,0.63,0,0.361,1
2430,46.9,13568.0,182.1,66.0,0.45,0,0.268,0
2431,53.2,12970.0,177.6,65.9,0.71,12,0.357,0
2432,48.0,12502.0,178.1,65.4,0.46,12,0.29,0
2433,50.8,13471.0,189.3,64.5,0.62,0,0.298,0
2434,49.8,12996.0,181.8,63.5,0.76,12,0.304,0
2435,48.0,13373.0,161.5,62.0,0.6,0,0.333,0
2436,47.9,12704.0,194.5,60.4,0.56,0,0.255,0
2437,51.0,12165.0,181.1,58.9,0.73,12,0.32,0
2438,52.7,14216.0,182.1,57.4,0.62,12,0.339,0
2439,49.9,14074.0,186.5,55.9,0.61,0,0.293,0
2440,50.3,13600.0,182.8,55.1,0.78,12,0.307,0
2441,51.5,12699.0,184.5,54.4,0.53,12,0.318,0
2442,47.6,12750.0,177.5,54.2,0.6,12,0.287,0
2443,51.8,13918.0,172.6,54.2,0.73,12,0.353,0
2444,52.0,12692.0,181.7,54.9,0.52,0,0.331,0
2445,56.4,12487.0,188.6,55.8,0.82,12,0.369,0
2446,48.9,14230.0,176.1,56.9,0.62,12,0.305,0
2447,48.6,12876.0,175.6,58.3,0.73,12,0.303,0
2448,51.6,14137.0,187.3,59.8,0.73,12,0.312,0
2449,51.7,11909.0,177.3,61.3,0.63,12,0.338,0
2450,48.3,13241.0,177.5,62.8,0.59,0,0.294,0
2451,48.5,14317.0,177.8,64.1,0.64,12,0.297,0
2452,50.8,12878.0,179.6,64.9,0.71,12,0.321,0
2453,47.3,12662.0,170.6,65.4,0.54,0,0.3,0
2454,48.3,12018.0,176.8,65.6,0.52,12,0.297,0
2455,49.5,13583.0,181.4,65.5,0.78,12,0.301,0
2456,51.7,12276.0,181.3,65.1,0.56,12,0.328,0
2457,47.7,12738.0,186.9,64.0,0.67,12,0.267,0
2458,44.5,11929.0,191.0,62.7,0.61,12,0.226,0
2459,44.3,13872.0,189.1,61.4,0.61,12,0.227,0
2460,45.9,13580.0,185.5,60.1,0.77,0,0.25,0
2461,45.7,12739.0,179.1,58.4,0.61,12,0.26,0
2462,48.5,11943.0,176.3,56.9,0.59,12,0.3,0
2463,45.8,13815.0,180.1,55.7,0.59,0,0.26,1
2464,47.0,12473.0,183.5,54.7,0.57,0,0.267,0
2465,46.8,11944.0,184.9,54.0,0.55,12,0.261,0
2466,47.5,11474.0,183.7,53.8,0.56,0,0.272,0
2467,51.9,12244.0,179.3,54.2,0.78,12,0.336,0
2468,50.2,11667.0,184.7,54.6,0.68,12,0.301,0
2469,48.5,12238.0,187.6,55.8,0.57,12,0.275,0
2470,47.2,13184.0,185.3,56.9,0.7,12,0.266,0
2471,47.2,12390.0,179.8,58.4,0.44,12,0.277,0
2472,49.1,12890.0,175.0,60.2,0.73,12,0.311,0
2473,49.7,12124.0,174.9,61.8,0.72,12,0.318,0
2474,45.9,12665.0,175.9,63.2,0.81,0,0.269,0
2475,48.2,13953.0,181.5,64.5,0.69,0,0.284,0
2476,42.9,12353.0,183.1,65.4,0.63,12,0.223,0
2477,48.5,12855.0,171.5,66.1,0.71,12,0.312,0
2478,49.8,11479.0,177.0,66.3,0.51,0,0.314,0
2479,47.1,13628.0,181.5,66.2,0.53,12,0.272,0
2480,52.3,12218.0,174.6,65.4,0.56,12,0.354,0
2481,45.5,13277.0,182.6,64.3,0.7,12,0.251,0
2482,48.1,12444.0,178.2,62.9,0.48,12,0.292,0
2483,47.4,12947.0,175.7,61.5,0.46,12,0.289,0
2484,47.2,12977.0,180.3,59.7,0.58,12,0.276,0
2485,47.1,12180.0,182.4,58.1,0.62,12,0.27,0
2486,47.6,13249.0,174.9,56.5,0.48,12,0.293,0
2487,49.4,11943.0,178.5,55.4,0.61,0,0.306,0
2488,50.6,13007.0,182.8,54.4,0.68,12,0.311,0
2489,47.1,12178.0,175.4,53.6,0.66,12,0.286,0
2490,49.1,12685.0,170.1,53.4,0.57,12,0.324,0
2491,45.2,12105.0,170.8,53.9,0.52,12,0.273,0
2492,48.9,12452.0,177.5,54.4,0.7,0,0.302,0
2493,45.0,11653.0,172.1,55.4,0.52,12,0.267,0
2494,49.5,12568.0,177.9,56.8,0.61,12,0.309,0
2495,52.3,12414.0,190.0,58.3,0.71,0,0.314,0
2496,46.4,11993.0,171.7,59.9,0.59,12,0.285,0
2497,41.1,12322.0,178.3,61.4,0.4,12,0.212,0
2498,45.2,12442.0,192.8,62.9,0.38,12,0.23,0
2499,49.5,11906.0,182.4,64.0,0.47,12,0.299,0
2500,47.8,12236.0,177.8,64.9,0.56,12,0.288,0
2501,46.9,11610.0,179.1,65.7,0.53,12,0.275,0
2502,48.8,13945.0,182.6,66.0,0.7,12,0.289,0
2503,47.4,13033.0,190.2,65.9,0.52,12,0.258,0
2504,49.2,12471.0,176.8,65.0,0.44,12,0.307,0
2505,48.3,13089.0,175.5,63.9,0.36,12,0.3,0
2506,49.8,10871.0,171.7,62.6,0.58,12,0.328,0
2507,46.8,10455.0,180.6,61.1,0.46,12,0.27,0
2508,48.1,11954.0,171.6,59.4,0.31,12,0.307,0
2509,45.0,11257.0,177.2,57.9,0.45,12,0.257,0
2510,44.2,12045.0,174.5,56.6,0.35,12,0.253,0
2511,49.9,12343.0,186.4,55.4,0.4,0,0.294,0
2512,46.1,12831.0,176.9,54.5,0.44,0,0.27,0
2513,47.5,11379.0,182.4,53.8,0.34,12,0.275,0
2514,45.7,12444.0,170.4,53.4,0.38,0,0.28,0
2515,43.9,12162.0,180.8,53.4,0.35,12,0.237,0
2516,45.3,12384.0,172.8,53.8,0.35,12,0.27,0
2517,48.8,11765.0,177.4,54.8,0.31,12,0.301,0
2518,46.5,13086.0,193.3,56.1,0.36,12,0.243,0
2519,40.8,12034.0,185.6,57.4,0.32,0,0.198,0
2520,44.5,13336.0,179.2,59.0,0.46,12,0.247,0
2521,49.4,11529.0,199.2,60.7,0.42,12,0.263,0
2522,44.3,12591.0,174.5,62.4,0.51,0,0.254,0
2523,40.3,12018.0,187.0,63.7,0.57,12,0.191,0
2524,49.5,11818.0,170.8,64.7,0.45,12,0.326,0
2525,46.4,12479.0,178.5,65.4,0.42,12,0.269,0
2526,44.4,11815.0,171.9,65.7,0.45,0,0.261,0
2527,43.6,10150.0,181.5,65.3,0.41,12,0.233,0
2528,47.1,9857.0,180.3,64.9,0.37,0,0.275,0
2529,43.0,12880.0,178.2,63.8,0.36,12,0.233,0
2530,47.2,12839.0,186.6,62.5,0.25,0,0.262,0
2531,45.6,13288.0,176.6,61.0,0.43,0,0.265,0
2532,44.8,11943.0,182.0,59.5,0.34,0,0.245,0
2533,44.5,11038.0,184.9,57.8,0.48,12,0.236,0
2534,43.6,11638.0,171.1,56.4,0.43,12,0.253,1
2535,46.6,11928.0,175.5,55.2,0.27,0,0.279,0
2536,41.7,11203.0,180.3,54.2,0.45,12,0.215,0
2537,39.8,13051.0,183.8,53.7,0.07,0,0.19,0
2538,45.3,13453.0,188.5,53.4,0.51,0,0.238,0
2539,45.3,12208.0,178.7,53.7,0.18,12,0.256,0
2540,44.8,11854.0,178.1,54.5,0.36,12,0.253,0
2541,44.6,10944.0,174.8,55.5,0.35,12,0.257,0
2542,42.7,12921.0,182.0,56.8,0.41,12,0.222,0
2543,45.4,11880.0,178.2,58.4,0.26,12,0.259,0
2544,43.2,11613.0,178.4,60.0,0.08,12,0.235,0
2545,42.1,12141.0,179.4,61.9,0.25,0,0.22,0
2546,42.4,11382.0,183.3,63.5,0.26,12,0.217,0
2547,48.2,11883.0,176.6,64.7,0.07,12,0.296,0
2548,38.7,10759.0,175.4,65.6,0.28,12,0.193,0
2549,44.2,12519.0,182.6,66.2,0.16,12,0.238,0
2550,38.7,11673.0,161.8,66.3,0.33,12,0.216,0
2551,42.6,12546.0,176.4,66.2,0.24,0,0.231,0
2552,41.7,11582.0,173.1,65.5,0.46,0,0.228,0
2553,37.5,11616.0,187.2,64.7,0.23,12,0.165,0
2554,43.6,10851.0,177.4,63.3,0.29,0,0.241,0
2555,41.6,12220.0,176.6,61.6,0.23,12,0.221,0
2556,37.3,11064.0,179.7,60.1,0.08,12,0.173,0
2557,44.6,11325.0,176.4,58.4,0.22,12,0.253,0
2558,46.0,11655.0,177.6,56.8,0.31,0,0.267,0
2559,46.1,11727.0,180.6,55.5,0.29,12,0.262,0
2560,43.2,10437.0,177.5,54.4,0.2,0,0.236,0
2561,42.3,11458.0,177.4,53.9,0.08,12,0.226,0
2562,45.5,12165.0,173.9,53.6,0.29,0,0.269,0
2563,46.3,11332.0,173.1,53.7,0.26,12,0.28,0
2564,44.8,11428.0,180.4,54.3,0.3,0,0.249,0
2565,39.6,11688.0,181.8,55.4,0.19,12,0.192,0
2566,42.4,11475.0,171.4,56.8,0.04,12,0.238,0
2567,42.9,10830.0,184.6,58.3,0.26,0,0.22,0
2568,37.2,11515.0,184.6,59.8,0.2,12,0.166,0
2569,42.9,12225.0,185.8,61.4,0.34,0,0.218,0
2570,47.3,10782.0,181.8,62.9,0.2,0,0.274,0
2571,43.2,11244.0,183.8,64.2,0.19,0,0.224,0
2572,45.2,10528.0,193.1,65.3,0.24,12,0.229,0
2573,41.9,12143.0,178.2,65.7,0.13,12,0.221,0
2574,41.2,11408.0,173.7,65.8,0.12,12,0.221,0
2575,42.3,10866.0,170.8,65.7,0.18,12,0.238,0
2576,39.2,11515.0,190.5,65.1,0.09,12,0.176,0
2577,38.8,10596.0,190.6,64.0,0.16,0,0.172,0
2578,44.3,10704.0,174.5,62.6,0.37,0,0.254,0
2579,44.5,10394.0,175.6,61.3,0.28,12,0.254,0
2580,38.5,10659.0,178.1,59.6,0.21,0,0.187,0
2581,43.4,12344.0,187.3,57.8,0.33,12,0.22,0
2582,40.7,10870.0,172.3,56.5,0.09,12,0.218,0
2583,41.7,11699.0,168.2,55.3,0.42,12,0.237,0
2584,41.9,10776.0,193.0,54.3,0.12,0,0.198,0
2585,43.2,11882.0,181.9,53.6,0.37,0,0.228,0
2586,40.8,10621.0,182.7,53.4,0.36,12,0.203,0
2587,44.1,11356.0,178.8,53.8,0.0,12,0.244,0
2588,41.3,11354.0,182.8,54.2,0.31,12,0.207,0
2589,42.0,12936.0,170.9,54.9,0.13,12,0.236,0
2590,38.3,11737.0,175.0,56.1,0.1,12,0.19,0
2591,45.8,10869.0,180.6,57.6,0.21,0,0.258,0
2592,41.5,11753.0,166.4,59.0,0.06,0,0.238,0
2593,42.0,12760.0,178.2,60.7,0.21,12,0.222,0
2594,36.2,10111.0,177.8,62.3,0.06,0,0.165,0
2595,38.1,10651.0,178.2,63.5,0.17,12,0.182,0
2596,43.2,11065.0,176.7,64.6,0.29,12,0.237,0
2597,40.7,10928.0,174.0,65.2,0.19,0,0.216,0
2598,35.2,10976.0,169.1,65.4,0.12,12,0.168,0
2599,42.5,10285.0,180.9,65.0,0.21,12,0.222,0
2600,38.5,12170.0,178.2,64.3,0.01,12,0.186,0
2601,43.3,10181.0,171.7,63.2,0.07,0,0.249,0
2602,39.5,11026.0,180.4,61.9,0.11,12,0.193,0
2603,40.2,11888.0,178.2,60.5,0.23,12,0.203,0
2604,42.6,11124.0,177.2,58.8,0.19,12,0.23,0
2605,37.4,10449.0,167.1,57.2,0.2,12,0.192,0
2606,37.1,10180.0,184.1,55.7,0.15,12,0.165,0
2607,39.0,10953.0,172.6,54.3,0.07,12,0.2,0
2608,41.5,10574.0,180.4,53.3,0.3,0,0.213,0
2609,36.1,11237.0,175.2,52.6,0.08,12,0.168,0
2610,35.2,10102.0,177.7,52.4,0.19,12,0.156,0
2611,41.4,11642.0,186.9,52.6,0.14,0,0.201,0
2612,37.7,11143.0,183.2,53.3,0.21,0,0.172,0
2613,38.2,11185.0,186.8,54.2,0.09,12,0.172,0
2614,34.5,12050.0,182.0,55.4,0.26,12,0.145,0
2615,37.4,10725.0,182.4,57.1,0.29,12,0.17,0
2616,39.0,10513.0,169.3,58.4,0.26,12,0.206,0
2617,41.3,10628.0,178.1,60.1,0.17,0,0.215,0
2618,37.0,10866.0,178.7,61.8,0.12,12,0.172,0
2619,43.1,10927.0,187.3,63.1,0.44,12,0.217,0
2620,37.2,10400.0,177.0,64.0,0.06,12,0.175,0
2621,37.1,9555.0,181.6,64.8,0.25,12,0.169,0
2622,42.6,10568.0,181.4,65.0,0.2,12,0.223,0
2623,39.3,11203.0,186.9,64.7,0.16,0,0.181,0
2624,37.3,11037.0,179.2,64.0,0.19,12,0.174,0
2625,38.3,11771.0,185.0,63.0,0.12,12,0.175,0
2626,42.0,12290.0,169.8,61.7,0.21,0,0.237,0
2627,42.2,11443.0,170.3,60.3,0.2,12,0.239,0
2628,36.5,11870.0,166.3,58.7,0.44,12,0.185,0
2629,38.4,11429.0,184.7,57.1,0.28,12,0.176,0
2630,38.7,12080.0,184.0,55.5,0.23,12,0.18,0
2631,35.9,12169.0,185.4,54.3,0.24,12,0.154,0
2632,38.2,11529.0,175.9,53.2,0.37,12,0.187,0
2633,38.3,11348.0,176.6,52.4,0.09,0,0.187,0
2634,41.1,10701.0,179.3,52.2,0.17,0,0.211,0
2635,41.3,10806.0,188.7,52.6,0.0,12,0.198,0
2636,37.4,10589.0,190.2,53.2,0.25,12,0.161,0
2637,37.6,11251.0,184.8,54.2,0.28,0,0.169,0
2638,39.8,10302.0,182.0,55.5,0.1,12,0.193,0
2639,36.6,10664.0,188.0,56.9,0.35,12,0.157,0
2640,39.5,9140.0,178.5,58.5,0.13,12,0.196,0
2641,37.8,11985.0,177.7,60.0,0.17,12,0.181,0
2642,35.6,10615.0,179.2,61.5,0.22,0,0.158,0
2643,35.6,11079.0,174.1,62.9,0.37,12,0.164,0
2644,41.6,11772.0,178.9,63.8,0.13,0,0.216,0
2645,37.5,10953.0,173.3,64.3,0.25,12,0.184,0
2646,42.0,11744.0,186.2,64.4,0.3,12,0.208,0
2647,36.6,9855.0,183.3,64.1,0.28,12,0.162,0
2648,38.5,12394.0,188.6,63.4,0.29,0,0.173,0
2649,43.8,11468.0,170.2,62.6,0.31,12,0.257,0
2650,35.1,10844.0,191.4,61.2,0.18,12,0.14,0
2651,33.0,11686.0,170.6,59.9,0.41,0,0.145,0
2652,40.9,9862.0,172.8,58.3,0.23,12,0.22,0
2653,35.6,10469.0,176.3,57.0,0.22,12,0.162,0
2654,37.6,11674.0,187.8,55.5,0.39,12,0.165,0
2655,36.1,9347.0,181.4,54.3,0.19,0,0.16,0
2656,38.3,11038.0,178.5,53.2,0.29,12,0.183,0
2657,35.2,11009.0,175.2,52.5,0.19,12,0.159,0
2658,37.1,12007.0,171.7,52.5,0.52,0,0.182,0
2659,38.6,9512.0,186.8,52.7,0.5,12,0.176,0
2660,35.0,11738.0,184.8,53.5,0.26,12,0.146,0
2661,35.7,10212.0,188.1,54.2,0.33,12,0.149,0
2662,36.6,10282.0,182.4,55.6,0.28,12,0.163,0
2663,33.8,9731.0,164.1,56.9,0.25,12,0.162,0
2664,36.3,9817.0,172.5,58.3,0.3,12,0.174,0
2665,37.7,10853.0,182.8,59.9,0.29,12,0.172,0
2666,36.4,9784.0,177.8,61.3,0.15,0,0.167,0
2667,36.7,11072.0,176.6,62.6,0.33,12,0.171,0
2668,37.3,10082.0,173.4,63.6,0.3,12,0.181,0
2669,35.7,9689.0,185.7,64.3,0.34,12,0.151,0
2670,39.0,10161.0,182.7,64.7,0.31,0,0.185,0
2671,40.8,10758.0,183.0,64.4,0.29,0,0.202,0
2672,36.1,10320.0,176.2,64.0,0.41,0,0.166,0
2673,38.4,10531.0,181.1,63.2,0.38,0,0.182,0
2674,36.6,10986.0,172.0,61.9,0.47,0,0.177,0
2675,38.1,11249.0,179.2,60.3,0.39,0,0.181,0
2676,41.1,10267.0,164.8,58.6,0.32,12,0.237,0
2677,38.4,9745.0,170.6,57.0,0.41,12,0.197,0
2678,32.7,10522.0,178.1,55.8,0.16,12,0.135,0
2679,38.3,10791.0,194.3,54.5,0.57,12,0.163,0
2680,40.2,9431.0,169.2,53.5,0.39,12,0.219,0
2681,36.6,9823.0,172.5,52.8,0.59,12,0.176,0
2682,39.6,9936.0,181.3,52.4,0.29,12,0.192,0
2683,35.4,10287.0,190.6,52.8,0.26,0,0.143,0
2684,33.4,9892.0,181.2,53.3,0.42,12,0.137,0
2685,37.4,10913.0,184.2,54.6,0.42,12,0.168,0
2686,32.7,9287.0,178.0,55.9,0.42,0,0.134,0
2687,36.5,9298.0,176.9,57.4,0.41,12,0.169,0
2688,40.3,10163.0,180.5,58.9,0.34,12,0.2,0
2689,32.3,10267.0,176.1,60.4,0.26,12,0.133,0
2690,33.8,9364.0,184.3,61.7,0.44,12,0.137,0
2691,34.4,9951.0,170.4,62.8,0.29,0,0.159,0
2692,36.9,10088.0,185.3,63.8,0.28,12,0.162,0
2693,36.1,10087.0,180.2,64.4,0.39,0,0.161,0
2694,40.5,10462.0,178.7,64.7,0.47,12,0.205,0
2695,39.4,9886.0,170.1,64.5,0.63,0,0.208,0
2696,38.2,11377.0,174.1,63.9,0.54,12,0.19,0
2697,37.4,10678.0,187.2,62.8,0.59,12,0.164,0
2698,38.0,9765.0,178.7,61.6,0.51,12,0.181,0
2699,34.8,10390.0,181.7,60.1,0.49,12,0.149,0
2700,39.1,10404.0,174.7,58.7,0.71,0,0.198,0
2701,34.2,11161.0,179.8,57.0,0.33,0,0.145,0
2702,39.1,9884.0,171.8,55.7,0.42,12,0.202,0
2703,40.0,10836.0,180.6,54.6,0.44,0,0.197,0
2704,37.5,10322.0,182.2,53.7,0.56,12,0.172,0
2705,36.6,11330.0,181.9,53.2,0.38,0,0.163,0
2706,38.0,11184.0,174.6,53.1,0.56,12,0.187,0
2707,29.9,10412.0,177.9,53.5,0.54,12,0.112,0
2708,37.8,10085.0,183.2,54.1,0.57,12,0.173,0
2709,36.7,10617.0,178.7,55.2,0.58,12,0.169,0
2710,36.9,10131.0,178.3,56.4,0.65,0,0.171,0
2711,38.8,11428.0,191.4,57.8,0.5,12,0.171,0
2712,36.9,10301.0,174.3,59.2,0.56,12,0.176,0
2713,34.2,9956.0,186.5,60.9,0.44,0,0.138,0
2714,36.7,9913.0,173.1,62.2,0.42,12,0.176,0
2715,37.2,9380.0,183.9,63.5,0.7,12,0.167,0
2716,37.4,10613.0,184.2,64.5,0.44,12,0.168,0
2717,37.5,9645.0,176.9,65.2,0.59,12,0.179,0
2718,39.7,10982.0,172.7,65.4,0.59,0,0.207,1
2719,34.4,9303.0,168.2,65.1,0.65,12,0.161,0
2720,37.6,10292.0,176.3,64.5,0.38,12,0.18,0
2721,40.4,11003.0,183.2,63.5,0.63,12,0.197,0
2722,32.8,8686.0,173.5,62.2,0.54,12,0.14,0
2723,37.6,11601.0,180.6,60.9,0.49,12,0.175,0
2724,35.7,9885.0,171.1,59.3,0.53,12,0.17,0
2725,36.3,10277.0,178.6,57.6,0.66,0,0.165,1
2726,34.9,10573.0,173.1,56.1,0.64,12,0.16,0
2727,36.8,10677.0,179.5,55.1,0.55,0,0.168,1
2728,41.8,10356.0,177.0,53.8,0.46,12,0.222,0
2729,34.1,10858.0,172.9,53.4,0.47,0,0.153,0
2730,34.3,10518.0,176.0,53.1,0.65,12,0.151,0
2731,34.0,11383.0,174.4,53.3,0.45,0,0.15,0
2732,41.6,10512.0,172.1,53.8,0.57,12,0.229,0
2733,36.2,11517.0,186.5,55.0,0.85,12,0.154,0
2734,37.3,10768.0,177.8,56.3,0.64,12,0.175,0
2735,36.4,8869.0,166.8,57.6,0.67,0,0.183,0
2736,35.0,11957.0,176.3,59.2,0.49,0,0.157,0
2737,36.8,9723.0,185.5,60.7,0.48,0,0.161,0
2738,43.6,11168.0,175.4,62.2,0.68,12,0.244,0
2739,40.9,10136.0,189.0,63.5,0.58,12,0.194,0
2740,35.4,10856.0,174.9,64.4,0.72,12,0.161,0
2741,39.1,9627.0,183.0,64.9,0.62,12,0.185,0
2742,35.5,10544.0,186.2,65.0,0.97,12,0.149,0
2743,33.1,9925.0,182.7,64.9,0.57,0,0.133,0
2744,40.1,11204.0,171.8,64.2,0.66,0,0.213,0
2745,40.5,10402.0,174.3,63.3,0.54,12,0.213,0
2746,40.3,10746.0,187.0,62.1,0.73,12,0.19,0
2747,36.5,8573.0,175.2,60.6,0.68,12,0.171,0
2748,37.3,10024.0,185.9,59.2,0.54,12,0.165,0
2749,39.6,10368.0,177.4,57.5,0.61,12,0.198,0
2750,38.7,10234.0,180.8,55.9,0.78,12,0.185,0
2751,36.8,10747.0,171.7,54.8,0.77,12,0.179,0
2752,33.8,9815.0,176.4,54.1,0.5,12,0.145,0
2753,38.1,10103.0,174.7,53.8,0.6,0,0.188,0
2754,40.6,10892.0,181.4,53.6,0.83,12,0.202,0
2755,34.9,8467.0,180.6,53.8,0.63,0,0.15,0
2756,39.5,10472.0,182.8,54.5,0.67,0,0.19,0
2757,38.8,9823.0,177.1,55.6,0.75,12,0.191,0
2758,39.9,9416.0,174.4,56.9,0.52,12,0.206,0
2759,40.2,10287.0,181.1,58.5,0.56,0,0.199,1
2760,36.3,10908.0,173.8,60.1,0.62,12,0.172,0
2761,34.1,10774.0,186.5,61.7,0.78,12,0.137,0
2762,36.8,9949.0,179.3,63.0,0.76,0,0.169,1
2763,40.4,10655.0,178.0,64.2,0.73,0,0.205,0
2764,36.9,10647.0,182.8,65.1,0.64,0,0.165,0
2765,36.5,9976.0,179.5,65.6,0.77,0,0.166,1
2766,33.7,9550.0,170.1,65.6,0.64,12,0.153,0
2767,42.7,9588.0,173.6,65.3,0.72,12,0.238,0
2768,40.4,10617.0,186.3,64.7,0.75,0,0.193,0
2769,40.3,9999.0,180.5,63.8,0.83,12,0.201,0
2770,40.9,9294.0,169.9,62.6,0.65,12,0.225,0
2771,39.9,8845.0,182.1,61.2,0.62,12,0.194,0
2772,37.9,10605.0,176.6,59.6,0.79,0,0.183,1
2773,38.2,9639.0,174.8,57.9,0.8,12,0.188,0
2774,37.5,10251.0,173.1,56.6,0.61,0,0.185,0
2775,45.2,10886.0,186.0,55.3,0.55,12,0.242,0
2776,40.1,9100.0,168.2,54.3,0.78,12,0.219,0
2777,37.6,9983.0,175.0,53.7,0.49,12,0.182,0
2778,39.9,9894.0,180.7,53.4,0.49,0,0.197,0
2779,36.3,10278.0,189.5,53.6,0.63,12,0.152,0
2780,42.6,10879.0,183.3,54.1,0.66,0,0.22,0
2781,37.3,9079.0,174.9,55.0,0.54,12,0.179,0
2782,40.2,10408.0,189.2,56.3,0.67,12,0.187,0
2783,41.7,10730.0,171.9,57.8,0.67,12,0.23,0
2784,40.0,9876.0,181.6,59.6,0.6,0,0.196,0
2785,39.3,9910.0,182.9,61.3,0.85,12,0.188,0
2786,39.2,10298.0,174.7,62.9,0.68,0,0.198,1
2787,39.1,10246.0,184.2,64.2,0.75,12,0.183,0
2788,37.8,10411.0,176.9,65.3,0.49,12,0.182,0
2789,38.2,10396.0,184.2,65.8,0.49,12,0.175,0
2790,43.0,9315.0,169.0,66.1,0.68,12,0.251,0
2791,39.1,10695.0,182.0,65.8,0.82,12,0.187,0
2792,37.5,10818.0,177.5,65.1,0.53,12,0.178,0
2793,38.2,10131.0,186.9,64.3,0.65,12,0.172,0
2794,42.3,8955.0,179.7,62.9,0.51,12,0.222,0
2795,41.3,9920.0,187.5,61.5,0.56,12,0.2,0
2796,41.0,10136.0,183.0,59.8,0.64,12,0.204,0
2797,39.1,9199.0,179.2,58.4,0.57,12,0.19,0
2798,41.2,9748.0,184.7,57.1,0.49,12,0.203,0
2799,38.2,9013.0,184.8,55.9,0.49,12,0.174,0
2800,39.2,10425.0,182.8,55.1,0.43,12,0.186,0
2801,42.3,10116.0,166.2,54.5,0.66,12,0.249,0
2802,42.2,8848.0,174.1,54.6,0.67,12,0.231,0
2803,37.6,10247.0,188.3,54.9,0.67,12,0.164,0
2804,37.9,9962.0,172.5,55.4,0.52,12,0.189,0
2805,40.4,10363.0,185.3,56.4,0.7,0,0.194,0
2806,44.5,9728.0,184.2,57.6,0.67,0,0.238,0
2807,35.5,9442.0,175.6,59.0,0.6,12,0.161,0
2808,41.0,9464.0,168.0,60.3,0.58,12,0.23,0
2809,36.9,9627.0,176.6,61.9,0.53,12,0.174,0
2810,38.8,10018.0,192.5,63.2,0.61,12,0.17,0
2811,39.6,10109.0,174.8,64.2,0.75,0,0.202,0
2812,39.5,9873.0,175.2,65.1,0.7,12,0.201,0
2813,39.3,9711.0,174.0,65.6,0.55,12,0.2,0
2814,40.7,9763.0,187.3,65.7,0.63,0,0.194,0
2815,39.4,11765.0,178.5,65.1,0.46,0,0.194,0
2816,37.1,9471.0,176.2,64.4,0.64,12,0.176,0
2817,42.8,9621.0,188.5,63.4,0.48,0,0.213,0
2818,42.8,12319.0,183.5,62.1,0.63,0,0.221,0
2819,43.0,10309.0,174.5,60.7,0.86,0,0.24,1
2820,37.1,9050.0,172.7,59.3,0.5,12,0.181,0
2821,41.8,10608.0,186.9,57.8,0.84,0,0.206,0
2822,42.8,9382.0,180.1,56.5,0.6,12,0.227,0
2823,38.6,10657.0,170.7,55.4,0.47,12,0.199,0
2824,41.3,9875.0,169.3,54.3,0.46,12,0.23,0
2825,41.0,9717.0,173.3,53.8,0.77,12,0.22,0
2826,46.0,11153.0,172.6,53.7,0.58,12,0.278,0
2827,46.2,10425.0,167.7,53.9,0.47,12,0.293,0
2828,37.3,10711.0,173.4,54.4,0.5,12,0.182,0
2829,47.8,10337.0,174.5,55.4,0.56,0,0.296,0
2830,39.3,9723.0,177.2,56.4,0.52,12,0.196,0
2831,44.1,10464.0,190.2,57.8,0.55,12,0.224,0
2832,44.2,10885.0,178.4,59.2,0.69,0,0.245,0
2833,39.3,10135.0,179.0,60.8,0.39,12,0.193,0
2834,43.1,11305.0,183.1,62.3,0.56,0,0.225,0
2835,41.7,10641.0,178.6,63.7,0.49,12,0.218,0
2836,43.4,10197.0,182.4,64.5,0.44,12,0.229,0
2837,42.6,10227.0,181.7,65.0,0.59,12,0.223,0
2838,45.1,10150.0,180.7,65.3,0.34,12,0.251,0
2839,42.4,9180.0,196.6,65.0,0.24,12,0.197,0
2840,41.8,9996.0,185.5,64.3,0.5,12,0.208,0
2841,45.1,10217.0,173.5,63.1,0.46,12,0.265,0
2842,43.8,9774.0,182.2,61.9,0.33,12,0.234,0
2843,44.3,10304.0,175.2,60.6,0.29,12,0.252,0
2844,40.9,10086.0,182.7,59.0,0.65,12,0.203,0
2845,40.0,10616.0,171.7,57.5,0.5,0,0.212,0
2846,41.2,10541.0,173.4,56.1,0.45,0,0.222,0
2847,41.2,10197.0,182.1,54.6,0.66,12,0.207,0
2848,44.8,9127.0,186.0,53.6,0.54,0,0.237,0
2849,45.3,11341.0,183.0,52.9,0.61,0,0.249,0
2850,42.5,9991.0,185.1,52.6,0.31,12,0.216,0
2851,46.6,10037.0,182.2,52.9,0.3,12,0.264,0
2852,46.5,9858.0,181.0,53.7,0.48,12,0.266,0
2853,43.7,9759.0,177.0,54.5,0.46,0,0.243,0
2854,41.1,11186.0,184.9,55.7,0.53,12,0.202,0
2855,47.2,11079.0,186.1,57.0,0.24,12,0.264,0
2856,43.2,10423.0,179.6,58.4,0.47,0,0.232,0
2857,43.7,10041.0,179.3,60.0,0.49,12,0.238,0
2858,42.6,10554.0,189.5,61.4,0.48,12,0.21,0
2859,41.3,10176.0,179.9,62.4,0.35,12,0.212,0
2860,39.9,9995.0,180.5,63.4,0.43,0,0.197,0
2861,45.3,10369.0,182.9,63.8,0.3,12,0.248,0
2862,41.8,9828.0,179.4,64.1,0.34,12,0.217,0
2863,51.5,10317.0,175.1,64.0,0.26,12,0.341,0
2864,41.2,10288.0,182.3,63.5,0.29,12,0.206,0
2865,40.8,10572.0,179.8,62.5,0.33,0,0.207,0
2866,45.3,9721.0,191.1,61.2,0.3,12,0.234,0
2867,47.9,10656.0,184.7,59.8,0.27,12,0.275,0
2868,44.3,9529.0,176.4,58.3,0.21,0,0.251,0
2869,45.7,9767.0,184.4,56.8,0.54,12,0.25,0
2870,39.7,9802.0,181.8,55.3,0.29,12,0.193,0
2871,42.7,9427.0,187.9,54.1,0.36,0,0.213,0
2872,41.8,10893.0,176.9,53.0,0.15,0,0.222,0
2873,39.8,9508.0,181.1,52.3,0.46,12,0.194,0
2874,44.9,9703.0,179.4,52.2,0.33,12,0.251,0
2875,39.0,11076.0,180.4,52.5,0.27,12,0.188,0
2876,41.4,9802.0,174.7,53.1,0.27,12,0.222,0
2877,43.4,10075.0,183.5,54.2,0.39,12,0.228,0
2878,42.8,9504.0,182.5,55.6,0.0,12,0.223,0
2879,45.9,10800.0,187.7,57.0,0.21,12,0.247,0
2880,45.8,10815.0,179.9,58.4,0.28,12,0.26,0
2881,47.3,10745.0,177.5,60.1,0.27,0,0.283,0
2882,47.0,10610.0,184.7,61.6,0.53,0,0.264,0
2883,48.1,10290.0,175.2,63.1,0.25,0,0.297,0
2884,45.3,9877.0,186.5,64.3,0.37,12,0.242,0
2885,46.1,9680.0,186.5,64.8,0.45,12,0.251,0
2886,46.7,11159.0,187.5,64.8,0.33,12,0.255,0
2887,45.8,10797.0,182.3,64.3,0.2,12,0.256,0
2888,44.6,9782.0,177.1,63.8,0.13,0,0.252,0
2889,44.8,10301.0,180.7,62.9,0.33,12,0.248,0
2890,43.7,10069.0,182.3,61.7,0.42,12,0.232,0
2891,46.8,9495.0,176.6,60.1,0.3,12,0.279,0
2892,45.6,10415.0,188.0,58.5,0.37,12,0.243,0
2893,44.2,10006.0,183.5,57.0,0.5,0,0.236,0
2894,44.3,9636.0,174.6,55.6,0.32,12,0.254,0
2895,43.0,9274.0,191.3,54.4,0.12,12,0.211,0
2896,48.6,9221.0,180.6,53.5,0.24,12,0.291,0
2897,46.4,10062.0,173.4,52.9,0.36,0,0.281,0
2898,44.1,10269.0,175.0,52.9,0.2,12,0.251,0
2899,48.3,9722.0,188.9,53.1,0.37,12,0.271,0
2900,45.0,10797.0,190.9,53.6,0.21,0,0.231,0
2901,42.9,10302.0,186.1,54.7,0.25,0,0.218,0
2902,49.1,10758.0,187.9,56.1,0.18,12,0.281,0
2903,45.3,10233.0,187.3,57.6,0.22,0,0.24,0
2904,45.6,9817.0,183.3,59.2,0.23,12,0.252,0
2905,46.8,10454.0,182.0,61.0,0.04,0,0.268,0
2906,49.7,9497.0,183.2,62.2,0.15,12,0.298,0
2907,46.9,10766.0,184.4,63.6,0.07,0,0.264,0
2908,43.9,9739.0,175.6,64.5,0.15,0,0.248,0
2909,48.4,11045.0,184.4,65.2,0.11,12,0.28,0
2910,45.9,10172.0,188.8,65.4,0.29,12,0.244,0
2911,51.9,11160.0,178.8,65.1,0.29,0,0.337,0
2912,47.2,9637.0,178.1,64.4,0.24,12,0.28,0
2913,41.7,9956.0,182.9,63.6,0.05,12,0.211,0
2914,48.2,10704.0,176.1,62.3,0.17,12,0.297,0
2915,52.3,11264.0,172.1,60.8,0.04,12,0.361,0
2916,51.4,11619.0,186.9,59.2,0.16,12,0.311,0
2917,52.1,10489.0,177.3,57.7,0.24,12,0.344,0
2918,45.1,11753.0,180.1,56.5,0.27,0,0.251,0
2919,50.0,10272.0,176.3,55.0,0.22,12,0.318,0
2920,45.9,11251.0,187.7,54.4,0.29,12,0.247,0
2921,48.4,9830.0,185.1,53.8,0.19,12,0.279,0
2922,44.7,10792.0,178.6,53.6,0.14,12,0.25,0
2923,46.3,8866.0,172.9,53.8,0.25,12,0.281,0
2924,46.3,9728.0,177.9,54.4,0.25,12,0.27,0
2925,50.3,10847.0,183.4,55.4,0.11,12,0.306,0
2926,50.1,9610.0,181.1,56.5,0.2,0,0.309,0
2927,48.9,10835.0,180.7,57.8,0.13,12,0.295,0
2928,44.9,11179.0,181.3,59.5,0.0,12,0.247,0
2929,47.5,10201.0,184.6,60.9,0.2,0,0.271,0
2930,46.5,9882.0,179.7,62.4,0.02,12,0.269,0
2931,50.6,10237.0,182.7,63.6,0.19,12,0.311,0
2932,51.5,9901.0,174.1,64.4,0.0,0,0.344,0
2933,51.2,10514.0,195.3,65.3,0.08,12,0.29,0
2934,46.7,10665.0,178.3,65.4,0.11,12,0.274,0
2935,41.8,10387.0,181.2,65.0,0.27,12,0.215,0
2936,44.3,11782.0,183.4,64.4,0.1,0,0.237,0
2937,52.4,10115.0,177.5,63.4,0.04,12,0.347,0
2938,47.9,11601.0,180.0,62.1,0.19,0,0.284,0
2939,47.1,9906.0,180.0,60.7,0.13,12,0.275,0
2940,53.1,10695.0,174.5,59.2,0.23,12,0.365,0
2941,52.2,11480.0,182.6,57.6,0.05,0,0.331,0
2942,49.2,11453.0,170.1,56.1,0.17,0,0.325,0
2943,48.4,10375.0,190.5,54.9,0.4,12,0.269,0
2944,48.9,11067.0,184.8,53.9,0.13,12,0.286,0
2945,49.9,10982.0,183.8,53.3,0.17,0,0.299,0
2946,53.4,10318.0,169.6,53.2,0.0,12,0.384,0
2947,50.5,11136.0,175.2,53.4,0.07,12,0.328,0
2948,51.3,12017.0,188.3,54.2,0.2,12,0.306,0
2949,52.5,11053.0,204.9,55.3,0.12,0,0.285,0
2950,46.7,11128.0,187.2,56.7,0.22,12,0.256,0
2951,51.5,11211.0,186.2,58.2,0.2,12,0.314,0
2952,49.0,9727.0,183.1,59.7,0.02,12,0.29,0
2953,43.5,11081.0,174.9,61.3,0.26,12,0.244,0
2954,44.5,10056.0,186.0,62.7,0.03,12,0.234,0
2955,47.3,10364.0,173.4,63.7,0.08,12,0.293,0
2956,51.3,12299.0,172.7,64.7,0.18,12,0.345,0
2957,50.3,10618.0,172.4,65.4,0.32,12,0.333,0
2958,50.5,10287.0,185.9,65.7,0.06,12,0.302,0
2959,55.0,11621.0,179.7,65.4,0.18,0,0.376,0
2960,47.0,10160.0,180.6,64.9,0.18,12,0.272,0
2961,50.1,10520.0,179.9,63.8,0.23,12,0.312,0
2962,51.0,11717.0,173.2,62.4,0.29,12,0.34,0
2963,48.5,10882.0,176.0,60.7,0.13,12,0.301,0
2964,50.4,9768.0,176.3,59.1,0.28,0,0.325,0
2965,46.4,11252.0,171.6,57.5,0.31,12,0.286,0
2966,54.0,10603.0,177.0,55.9,0.36,0,0.37,0
2967,48.8,11968.0,173.5,54.7,0.23,12,0.311,0
2968,55.6,10476.0,183.5,53.7,0.2,0,0.374,0
2969,50.5,11645.0,184.0,52.9,0.14,12,0.307,0
2970,53.2,12162.0,172.2,53.0,0.04,12,0.374,0
2971,50.6,10334.0,178.2,53.2,0.16,12,0.322,0
2972,50.7,10804.0,191.1,53.7,0.2,12,0.293,0
2973,49.3,11221.0,174.1,54.6,0.19,12,0.316,0
2974,51.1,10359.0,182.6,55.8,0.26,12,0.318,0
2975,51.7,11158.0,180.6,57.2,0.06,0,0.33,0
2976,49.0,10821.0,186.6,58.9,0.19,0,0.283,0
2977,50.7,10817.0,181.8,60.5,0.41,12,0.314,0
2978,49.5,11033.0,177.4,62.1,0.31,12,0.31,0
2979,56.8,11059.0,180.4,63.3,0.28,12,0.399,0
2980,50.9,11134.0,180.5,64.3,0.26,0,0.32,0
2981,55.0,10610.0,179.4,65.1,0.18,12,0.377,0
2982,50.7,10651.0,172.1,65.4,0.05,12,0.34,0
2983,51.9,10967.0,187.5,65.4,0.27,12,0.316,0
2984,48.0,11029.0,186.4,64.7,0.0,12,0.272,0
2985,50.2,10763.0,173.7,63.8,0.2,12,0.329,0
2986,51.9,11307.0,178.2,62.2,0.24,12,0.339,0
2987,55.4,9821.0,178.6,60.8,0.2,0,0.384,0
2988,52.0,10590.0,173.1,59.3,0.46,0,0.355,0
2989,55.0,10916.0,168.8,57.9,0.43,12,0.41,0
2990,53.2,10523.0,176.0,56.4,0.35,12,0.362,0
2991,55.7,12273.0,177.9,55.4,0.16,0,0.391,0
2992,51.5,11156.0,171.4,54.4,0.45,12,0.352,0
2993,57.6,11277.0,181.1,53.7,0.32,12,0.409,0
2994,50.5,10826.0,187.0,53.5,0.17,12,0.3,0
2995,49.8,11164.0,185.1,53.5,0.27,12,0.296,0
2996,48.8,10335.0,179.2,54.2,0.37,12,0.296,0
2997,57.6,11077.0,169.0,55.2,0.22,12,0.45,0
2998,53.9,10551.0,184.3,56.5,0.3,12,0.349,0
2999,51.1,11023.0,180.9,57.9,0.32,12,0.321,0
3000,55.1,9436.0,182.5,59.4,0.18,12,0.368,0
3001,53.7,10449.0,191.6,60.7,0.27,12,0.327,0
3002,56.9,12274.0,175.1,62.2,0.2,0,0.418,0
3003,48.2,11842.0,162.8,63.5,0.39,0,0.331,0
3004,51.4,12195.0,173.7,64.3,0.22,0,0.344,0
3005,50.9,12253.0,182.9,64.9,0.34,0,0.315,0
3006,47.2,11764.0,180.2,65.1,0.18,12,0.276,0
3007,54.8,10987.0,172.7,65.1,0.21,12,0.395,0
3008,51.5,10589.0,171.5,64.3,0.21,12,0.352,0
3009,54.1,12128.0,177.9,63.4,0.3,12,0.369,0
3010,58.1,11382.0,172.5,62.1,0.35,0,0.445,1
3011,51.4,13093.0,183.1,60.5,0.38,12,0.32,0
3012,51.3,11103.0,177.5,59.0,0.17,0,0.332,0
3013,52.6,12751.0,176.2,57.4,0.33,12,0.354,0
3014,54.8,11271.0,175.5,56.0,0.28,12,0.386,0
3015,51.0,12327.0,181.6,54.8,0.41,0,0.318,0
3016,50.8,12591.0,180.3,53.8,0.34,12,0.32,0
3017,55.1,10698.0,181.2,53.3,0.36,0,0.373,0
3018,53.4,11086.0,181.1,53.0,0.3,0,0.351,0
3019,47.4,10713.0,179.6,53.2,0.55,0,0.279,0
3020,49.5,10587.0,173.8,53.9,0.25,0,0.318,0
3021,56.3,11926.0,175.6,54.9,0.35,12,0.407,0
3022,53.6,11332.0,177.6,56.2,0.4,12,0.362,0
3023,50.7,11518.0,192.4,57.7,0.37,0,0.29,0
3024,52.2,11882.0,171.9,59.3,0.32,12,0.36,0
3025,52.7,10203.0,177.5,60.8,0.22,12,0.351,0
3026,54.5,12416.0,180.6,62.1,0.34,12,0.366,0
3027,49.3,11282.0,178.2,63.2,0.32,12,0.305,0
3028,50.6,11910.0,186.4,63.9,0.59,12,0.302,0
3029,53.4,11983.0,178.1,64.7,0.65,0,0.359,1
3030,52.5,12520.0,178.6,64.7,0.42,12,0.345,0
3031,54.2,11498.0,184.9,64.6,0.29,12,0.35,0
3032,49.7,10096.0,190.9,63.9,0.51,12,0.282,0
3033,53.7,11634.0,188.4,63.1,0.34,12,0.335,0
3034,55.5,11746.0,179.2,61.6,0.39,12,0.385,0
3035,54.0,10893.0,179.7,60.1,0.39,12,0.363,0
3036,53.2,11732.0,180.3,58.8,0.41,12,0.35,0
3037,52.6,11387.0,180.9,57.3,0.42,12,0.341,0
3038,50.8,10711.0,174.9,55.8,0.33,12,0.333,0
3039,52.7,12133.0,185.6,54.3,0.4,12,0.33,0
3040,56.0,11280.0,181.2,53.2,0.58,0,0.385,1
3041,52.6,11401.0,179.7,52.8,0.47,0,0.344,0
3042,50.7,11374.0,172.4,52.5,0.5,0,0.338,0
3043,51.7,12574.0,180.4,52.7,0.26,0,0.33,0
3044,53.4,11692.0,168.6,53.4,0.59,12,0.388,0
3045,52.0,11787.0,176.5,54.2,0.43,0,0.345,0
3046,54.2,11435.0,176.6,55.5,0.61,12,0.373,0
3047,54.3,12079.0,181.7,56.8,0.52,0,0.36,1
3048,55.2,12711.0,191.3,58.4,0.45,12,0.347,0
3049,56.5,12232.0,183.4,59.9,0.34,12,0.386,0
3050,55.5,12270.0,188.7,61.2,0.73,12,0.357,0
3051,50.6,12226.0,183.9,62.4,0.6,12,0.309,0
3052,50.7,10847.0,186.8,63.4,0.61,12,0.303,0
3053,52.8,11211.0,191.1,64.0,0.71,12,0.318,0
3054,51.9,11692.0,175.6,64.3,0.56,0,0.345,0
3055,50.1,11339.0,175.2,64.2,0.67,12,0.324,0
3056,51.9,11114.0,184.0,63.5,0.49,12,0.324,0
3057,51.8,10560.0,180.0,62.6,0.62,12,0.333,0
3058,51.3,10940.0,181.3,61.3,0.49,12,0.323,0
3059,52.2,11714.0,178.5,60.0,0.5,12,0.342,0
3060,55.9,11857.0,176.4,58.4,0.57,12,0.399,0
3061,53.5,11362.0,189.7,56.8,0.43,12,0.33,0
3062,59.2,11984.0,173.4,55.2,0.6,12,0.458,0
3063,53.4,11637.0,184.1,54.1,0.54,12,0.343,0
3064,52.3,12716.0,183.1,53.0,0.37,12,0.331,0
3065,53.0,11851.0,170.5,52.4,0.53,0,0.376,1
3066,53.6,12463.0,175.0,52.5,0.54,0,0.371,1
3067,54.1,12129.0,176.0,52.8,0.67,12,0.374,0
3068,58.2,11017.0,183.4,53.6,0.61,12,0.409,1
3069,50.9,11947.0,177.8,54.5,0.73,0,0.326,0
3070,55.1,11157.0,179.5,55.9,0.64,12,0.378,0
3071,53.5,11958.0,171.3,57.3,0.54,12,0.38,0
3072,49.0,11524.0,194.0,58.9,0.59,12,0.269,0
3073,54.9,12324.0,180.4,60.7,0.56,12,0.372,0
3074,56.1,11129.0,183.0,62.1,0.65,0,0.381,0
3075,50.8,12090.0,176.8,63.4,0.61,0,0.328,0
3076,52.9,12492.0,176.1,64.2,0.54,12,0.358,0
3077,48.6,12739.0,191.5,64.9,0.61,12,0.269,0
3078,49.8,11580.0,168.5,65.1,0.66,0,0.337,0
3079,55.5,12139.0,181.7,65.0,0.51,12,0.377,0
3080,51.7,12267.0,172.7,64.2,0.65,12,0.351,0
3081,50.1,13233.0,177.6,63.3,0.46,12,0.317,0
3082,53.4,11124.0,176.2,62.0,0.73,0,0.365,1
3083,51.5,11535.0,174.1,60.6,0.68,0,0.345,0
3084,51.6,14148.0,180.2,59.1,0.79,12,0.33,0
3085,54.7,12005.0,164.6,57.4,0.52,0,0.42,0
3086,49.9,10884.0,178.1,56.0,0.74,12,0.313,0
3087,50.5,11812.0,179.5,54.6,0.72,12,0.318,0
3088,53.1,10293.0,171.8,53.8,0.61,0,0.374,0
3089,55.2,12411.0,189.1,53.0,0.6,0,0.352,1
3090,55.8,12821.0,176.4,52.8,0.53,12,0.397,0
3091,51.0,11627.0,178.6,53.0,0.5,12,0.327,0
3092,55.0,11948.0,176.4,53.8,0.56,0,0.386,1
3093,50.7,12935.0,179.5,54.8,0.51,12,0.32,0
3094,57.2,11075.0,187.8,56.0,0.8,12,0.382,0
3095,49.8,11386.0,194.8,57.5,0.49,12,0.275,0
3096,55.9,12163.0,184.5,58.8,0.66,12,0.375,0
3097,50.9,11808.0,186.5,60.2,0.69,12,0.306,0
3098,57.6,12140.0,190.3,61.6,0.68,12,0.381,0
3099,54.0,11473.0,181.5,62.8,0.69,12,0.358,0
3100,50.0,12519.0,189.4,63.5,0.74,12,0.288,0
3101,51.2,12276.0,184.8,64.2,0.6,12,0.313,0
3102,54.4,12776.0,180.9,64.5,0.66,12,0.365,0
3103,55.1,12543.0,182.1,64.3,0.62,12,0.37,0
3104,52.2,12559.0,169.1,63.6,0.78,12,0.369,0
3105,52.5,11414.0,181.8,62.6,0.86,0,0.337,1
3106,54.3,12782.0,170.7,61.5,0.53,0,0.393,1
3107,52.7,12217.0,170.2,60.0,0.45,12,0.372,0
3108,49.1,12343.0,181.2,58.5,0.71,12,0.296,0
3109,50.2,13205.0,173.3,56.8,0.76,0,0.33,1
3110,52.8,11979.0,180.0,55.4,0.85,12,0.346,0
3111,55.3,13440.0,180.8,54.3,0.72,0,0.376,1
3112,56.2,13516.0,181.1,53.5,0.79,12,0.389,0
3113,54.1,13043.0,174.6,53.0,0.81,12,0.379,0
3114,52.8,11841.0,185.4,52.9,0.79,12,0.332,0
3115,54.0,11008.0,179.5,53.1,0.74,12,0.363,0
3116,50.4,13305.0,182.6,53.6,0.52,0,0.308,0
3117,51.6,12639.0,172.8,54.4,0.65,0,0.35,0
3118,49.9,12051.0,178.9,55.4,0.68,12,0.312,0
3119,48.8,13405.0,186.6,56.9,0.63,12,0.281,0
3120,52.8,11992.0,185.8,58.4,0.64,0,0.33,0
3121,52.4,12309.0,175.2,60.1,0.8,0,0.353,1
3122,53.6,12984.0,176.7,61.7,0.57,12,0.365,0
3123,53.2,11848.0,174.1,62.9,0.72,12,0.368,0
3124,52.4,12562.0,176.1,64.0,0.67,12,0.351,0
3125,53.1,13412.0,171.6,64.5,0.55,12,0.374,0
3126,51.6,12809.0,179.2,64.8,0.53,0,0.332,1
3127,52.7,13545.0,183.8,64.7,0.46,0,0.334,0
3128,49.8,13476.0,175.3,64.2,0.68,0,0.319,1
3129,52.5,12699.0,179.5,63.2,0.62,12,0.343,0
3130,53.2,11069.0,178.7,62.1,0.55,0,0.355,1
3131,49.8,11941.0,186.3,60.4,0.44,0,0.293,0
3132,51.6,13261.0,176.3,59.0,0.67,12,0.34,0
3133,49.9,11652.0,176.5,57.5,0.61,0,0.317,0
3134,50.1,12519.0,174.9,56.0,0.55,12,0.324,0
3135,48.5,12996.0,173.2,54.5,0.52,12,0.308,0
3136,54.5,13798.0,183.2,53.5,0.59,12,0.359,0
3137,53.9,12378.0,179.2,53.1,0.66,12,0.363,0
3138,52.6,12341.0,180.3,52.8,0.58,12,0.342,0
3139,56.1,12765.0,187.6,53.1,0.49,12,0.368,0
3140,50.7,13058.0,188.0,53.7,0.6,12,0.299,0
3141,58.7,12715.0,170.1,54.8,0.71,12,0.462,0
3142,50.5,13568.0,183.9,56.1,0.61,12,0.306,0
3143,51.6,12285.0,181.4,57.4,0.61,12,0.327,0
3144,50.0,12939.0,177.2,59.0,0.56,0,0.316,1
3145,51.8,13177.0,182.0,60.7,0.5,12,0.328,0
3146,52.9,12595.0,169.6,62.2,0.5,0,0.378,0
3147,50.5,13474.0,188.8,63.5,0.42,0,0.296,0
3148,55.2,13001.0,183.1,64.7,0.7,0,0.369,0
3149,51.3,13459.0,174.8,65.4,0.63,0,0.34,0
3150,51.3,13053.0,176.5,65.7,0.59,12,0.336,0
3151,48.3,13191.0,169.8,65.6,0.6,0,0.314,0
3152,51.6,12495.0,178.1,65.0,0.6,12,0.335,1
3153,50.2,12507.0,177.1,64.2,0.49,0,0.319,0
3154,48.9,13815.0,172.0,62.7,0.53,12,0.316,0
3155,48.5,13413.0,184.7,61.3,0.51,12,0.281,0
3156,57.0,12263.0,187.7,59.7,0.81,0,0.38,1
3157,49.6,13115.0,179.8,58.1,0.65,0,0.306,0
3158,46.6,11337.0,178.2,56.6,0.57,0,0.273,0
3159,48.5,12607.0,182.6,55.2,0.68,0,0.285,0
3160,50.0,13692.0,179.9,54.0,0.66,0,0.31,1
3161,51.5,12941.0,173.5,53.6,0.4,12,0.346,0
3162,51.4,13121.0,176.1,53.4,0.51,0,0.338,0
3163,51.7,10937.0,178.2,53.3,0.53,12,0.336,0
3164,48.3,12784.0,181.5,53.9,0.59,12,0.286,0
3165,50.7,13305.0,180.1,54.9,0.5,12,0.319,0
3166,47.6,13404.0,181.3,56.1,0.51,12,0.278,0
3167,48.2,13762.0,170.9,57.7,0.47,12,0.31,0
3168,47.4,12951.0,184.0,59.4,0.61,0,0.27,0
3169,46.7,12992.0,180.0,60.8,0.36,12,0.27,0
3170,52.2,12185.0,195.3,62.2,0.46,0,0.302,0
3171,51.3,12984.0,177.7,63.4,0.31,12,0.332,0
3172,51.9,12253.0,181.9,64.2,0.39,0,0.329,0
3173,49.5,11853.0,197.0,64.6,0.52,12,0.268,0
3174,51.3,12396.0,181.2,64.7,0.52,12,0.323,0
3175,44.9,14221.0,179.6,64.5,0.45,0,0.251,0
3176,51.4,12985.0,174.1,63.9,0.59,12,0.343,0
3177,49.6,13338.0,189.2,63.1,0.6,12,0.285,0
3178,50.7,12834.0,173.0,61.9,0.46,12,0.337,0
3179,50.0,11949.0,182.6,60.5,0.49,12,0.304,0
3180,46.5,13867.0,177.2,58.9,0.41,12,0.274,0
3181,45.2,11701.0,178.9,57.5,0.51,12,0.255,0
3182,47.1,12842.0,171.5,56.0,0.33,12,0.294,0
3183,50.2,13201.0,188.1,54.7,0.62,0,0.294,1
3184,50.5,13410.0,178.3,54.0,0.55,12,0.32,0
3185,45.3,12749.0,172.7,53.1,0.31,12,0.269,0
3186,46.2,11980.0,187.5,52.7,0.35,0,0.25,0
3187,46.8,12715.0,177.0,52.9,0.47,0,0.278,0
3188,47.6,12760.0,182.0,53.5,0.38,0,0.277,0
3189,45.0,12752.0,185.0,54.3,0.47,0,0.242,0
3190,44.8,13981.0,182.8,55.4,0.37,0,0.244,0
3191,46.3,12462.0,166.8,56.7,0.56,0,0.295,0
3192,48.5,13531.0,184.2,58.4,0.4,12,0.282,0
3193,45.2,13439.0,179.4,60.1,0.64,12,0.255,0
3194,47.8,14010.0,178.0,61.7,0.45,12,0.288,0
3195,50.7,13253.0,179.3,62.8,0.25,12,0.32,0
3196,44.7,13908.0,170.3,63.6,0.59,12,0.268,0
3197,47.4,13242.0,181.2,64.0,0.49,12,0.276,0
3198,50.4,13676.0,171.8,64.3,0.41,12,0.337,0
3199,46.8,12328.0,178.3,64.2,0.43,0,0.275,0
3200,46.3,11542.0,180.9,63.6,0.24,12,0.264,0
3201,50.6,13661.0,186.4,62.7,0.18,0,0.302,0
3202,46.8,13707.0,175.1,61.4,0.35,0,0.283,0
3203,50.3,13746.0,188.7,59.8,0.49,12,0.294,0
3204,48.5,13054.0,185.7,58.4,0.38,12,0.28,0
3205,46.5,14472.0,177.4,56.8,0.51,0,0.274,1
3206,48.5,13116.0,173.3,55.2,0.47,12,0.308,0
3207,48.1,13740.0,171.3,54.0,0.33,12,0.307,0
3208,49.8,13870.0,181.6,53.0,0.44,12,0.303,0
3209,45.8,14665.0,175.6,52.4,0.47,12,0.269,0
3210,47.2,13248.0,187.2,52.2,0.31,0,0.261,0
3211,46.8,13020.0,175.9,52.5,0.29,0,0.281,0
3212,48.7,12437.0,174.6,53.2,0.32,12,0.307,0
3213,44.3,14580.0,181.4,54.0,0.06,0,0.241,0
3214,49.3,13796.0,175.9,55.3,0.33,12,0.312,0
3215,47.9,13826.0,180.1,56.8,0.37,0,0.284,0
3216,43.4,15698.0,185.9,58.4,0.31,0,0.223,0
3217,49.6,13751.0,180.7,60.1,0.32,12,0.304,0
3218,52.1,12620.0,180.7,61.4,0.28,0,0.335,0
3219,49.0,13402.0,181.2,62.8,0.08,0,0.294,0
3220,50.0,12864.0,169.8,63.5,0.44,12,0.336,0
3221,46.5,13276.0,182.4,64.1,0.23,0,0.264,0
3222,42.1,13279.0,181.0,64.3,0.21,12,0.218,0
3223,41.6,13157.0,185.4,64.2,0.4,12,0.206,0
3224,46.8,12600.0,183.6,63.6,0.36,12,0.263,0
3225,44.6,14697.0,178.8,62.7,0.28,12,0.249,0
3226,43.7,13799.0,186.2,61.3,0.33,12,0.226,0
3227,45.7,13439.0,178.2,59.8,0.13,12,0.263,0
3228,47.4,14134.0,181.5,58.1,0.24,0,0.275,0
3229,42.1,13940.0,178.1,56.9,0.37,12,0.223,0
3230,44.6,13810.0,182.8,55.4,0.17,0,0.241,0
3231,49.4,14104.0,177.7,54.1,0.13,12,0.308,0
3232,42.9,13725.0,189.9,53.2,0.24,12,0.211,0
3233,47.7,14107.0,192.1,52.4,0.24,0,0.257,0
3234,44.2,14171.0,185.2,52.1,0.29,12,0.233,0
3235,46.7,13765.0,189.2,52.4,0.08,12,0.252,0
3236,48.0,13503.0,170.8,53.0,0.0,0,0.308,0
3237,47.1,14735.0,171.5,53.7,0.31,12,0.294,0
3238,47.4,13336.0,178.1,54.8,0.1,12,0.283,0
3239,42.2,13951.0,180.2,56.4,0.15,12,0.22,0
3240,47.8,13973.0,178.8,58.0,0.0,12,0.286,0
3241,42.8,13263.0,170.1,59.7,0.3,0,0.246,0
3242,45.5,13130.0,186.9,61.1,0.23,12,0.244,0
3243,45.4,13454.0,192.9,62.5,0.23,12,0.232,0
3244,45.9,13363.0,187.7,63.4,0.22,12,0.247,0
3245,45.5,12693.0,186.5,64.2,0.0,12,0.244,0
3246,42.5,13264.0,181.4,64.4,0.09,12,0.221,0
3247,41.1,13912.0,174.9,63.9,0.14,0,0.218,0
3248,46.6,14618.0,180.4,63.4,0.11,0,0.269,0
3249,44.8,14125.0,192.6,62.4,0.15,12,0.227,0
3250,47.2,11923.0,177.9,61.2,0.2,0,0.281,0
3251,44.1,14198.0,177.3,59.5,0.28,0,0.247,0
3252,40.7,13364.0,186.6,58.2,0.03,12,0.195,0
3253,46.5,14077.0,187.0,56.6,0.17,12,0.254,0
3254,43.1,13755.0,174.9,55.3,0.24,12,0.24,0
3255,44.8,13636.0,178.4,54.0,0.08,12,0.252,0
3256,42.3,13705.0,177.0,52.9,0.15,12,0.227,0
3257,47.9,13766.0,180.4,52.5,0.21,12,0.284,0
3258,41.6,14728.0,186.6,52.3,0.17,0,0.204,0
3259,42.8,13778.0,175.2,52.5,0.23,12,0.236,0
3260,43.9,14557.0,186.5,52.9,0.17,12,0.227,0
3261,40.8,14460.0,180.6,53.8,0.13,0,0.206,0
3262,44.3,14274.0,194.0,55.1,0.04,12,0.219,0
3263,47.4,12561.0,181.9,56.4,0.18,12,0.275,0
3264,42.1,14599.0,179.4,57.9,0.17,12,0.221,0
3265,44.3,13501.0,183.4,59.4,0.06,12,0.236,0
3266,36.3,14328.0,178.0,60.9,0.21,12,0.166,0
3267,43.0,13150.0,169.2,62.3,0.28,12,0.25,0
3268,42.3,13006.0,178.6,63.2,0.09,0,0.224,0
3269,41.0,15224.0,178.5,63.7,0.08,12,0.21,0
3270,45.6,13175.0,170.4,64.2,0.08,0,0.279,0
3271,42.0,14652.0,179.6,64.0,0.0,0,0.22,0
3272,42.4,13937.0,167.6,63.4,0.35,12,0.246,0
3273,41.8,13564.0,177.9,62.4,0.11,12,0.22,0
3274,37.9,13831.0,181.5,61.1,0.06,12,0.176,0
3275,39.8,12956.0,180.6,59.7,0.04,12,0.195,0
3276,44.9,13861.0,177.5,58.2,0.11,12,0.255,0
3277,37.2,13117.0,179.5,56.7,0.08,12,0.172,0
3278,40.5,13602.0,175.3,55.4,0.29,12,0.211,0
3279,41.3,14531.0,180.1,54.3,0.03,12,0.212,0
3280,46.6,14065.0,180.3,53.3,0.0,12,0.269,0
3281,44.1,12853.0,174.6,52.8,0.21,12,0.252,0
3282,40.7,14490.0,181.6,52.7,0.14,0,0.203,0
3283,45.3,13893.0,181.6,52.8,0.13,12,0.252,0
3284,40.2,13522.0,179.0,53.7,0.21,0,0.201,0
3285,44.5,14428.0,194.5,54.6,0.17,12,0.22,0
3286,38.5,13792.0,179.2,55.8,0.15,12,0.185,0
3287,44.5,13096.0,178.3,57.1,0.01,0,0.249,0
3288,40.7,15209.0,177.5,58.5,0.0,0,0.21,0
3289,39.1,13907.0,174.2,60.2,0.09,0,0.199,0
3290,41.1,13865.0,184.1,61.9,0.05,0,0.203,0
3291,42.2,13642.0,175.9,63.1,0.19,12,0.229,0
3292,40.3,14754.0,176.6,64.1,0.0,0,0.206,0
3293,42.8,13564.0,176.8,64.7,0.12,0,0.233,0
3294,39.9,12853.0,174.1,65.0,0.15,0,0.207,0
3295,42.9,13462.0,169.5,65.1,0.16,0,0.248,0
3296,42.3,14869.0,177.2,64.7,0.21,0,0.227,0
3297,41.0,14526.0,185.2,63.7,0.14,12,0.2,0
3298,40.0,13767.0,181.2,62.5,0.1,12,0.197,0
3299,41.4,14910.0,189.4,61.1,0.3,12,0.198,0
3300,42.4,14475.0,184.5,59.6,0.14,12,0.215,0
3301,46.1,13767.0,183.1,57.9,0.32,12,0.257,0
3302,43.2,13840.0,191.3,56.3,0.15,0,0.213,0
3303,43.3,14189.0,179.4,55.2,0.18,12,0.233,0
3304,48.5,13378.0,180.4,54.4,0.17,12,0.291,0
3305,42.0,13966.0,179.9,53.8,0.21,12,0.219,0
3306,41.9,14181.0,189.3,53.6,0.15,12,0.202,0
3307,42.3,12786.0,180.0,54.0,0.2,12,0.222,0
3308,38.0,13837.0,176.1,54.4,0.35,12,0.185,0
3309,39.4,13759.0,183.5,55.3,0.3,12,0.187,0
3310,39.1,14693.0,175.1,56.8,0.3,12,0.197,0
3311,42.0,12684.0,183.2,58.2,0.07,12,0.213,0
3312,39.9,13710.0,182.5,59.7,0.09,12,0.193,0
3313,40.6,13641.0,178.9,61.2,0.23,12,0.206,0
3314,42.9,14652.0,183.4,62.8,0.29,0,0.222,0
3315,42.3,13951.0,171.1,63.7,0.16,0,0.238,0
3316,39.7,15241.0,181.0,64.7,0.15,0,0.194,0
3317,38.3,14448.0,177.2,65.3,0.36,12,0.186,0
3318,42.8,13699.0,197.2,65.3,0.29,12,0.2,0
3319,41.8,14155.0,180.9,65.1,0.33,12,0.216,0
3320,35.8,13741.0,176.4,64.5,0.19,12,0.164,0
3321,39.0,14592.0,171.7,63.5,0.18,12,0.202,0
3322,40.2,13059.0,187.8,62.2,0.33,12,0.188,0
3323,41.6,13416.0,177.9,60.6,0.21,12,0.219,0
3324,41.9,14312.0,175.3,58.9,0.18,12,0.226,0
3325,40.3,14852.0,182.0,57.3,0.16,12,0.198,0
3326,41.0,12454.0,183.9,55.9,0.2,12,0.202,0
3327,39.7,14958.0,183.8,54.7,0.34,0,0.189,0
3328,37.8,13898.0,180.1,53.8,0.11,12,0.177,0
3329,38.7,12678.0,181.0,53.0,0.33,12,0.185,0
3330,39.4,11897.0,181.4,52.8,0.2,12,0.19,0
3331,39.2,12928.0,182.0,53.1,0.25,12,0.188,0
3332,34.5,13985.0,182.5,53.7,0.26,12,0.145,0
3333,38.2,13953.0,186.6,54.6,0.26,12,0.172,0
3334,39.3,14443.0,180.3,55.6,0.25,12,0.191,0
3335,38.4,13615.0,175.1,56.9,0.24,12,0.19,0
3336,38.4,13224.0,179.1,58.4,0.23,12,0.184,0
3337,40.2,13711.0,184.5,59.9,0.43,0,0.194,0
3338,36.3,14024.0,169.3,61.3,0.3,12,0.178,0
3339,34.8,14162.0,169.3,62.6,0.29,12,0.164,0
3340,38.0,13447.0,185.5,63.6,0.24,0,0.172,0
3341,40.7,14631.0,189.1,64.3,0.27,12,0.192,0
3342,43.0,13565.0,172.4,64.3,0.25,0,0.244,0
3343,40.7,13390.0,180.6,64.1,0.4,12,0.204,0
3344,35.0,13619.0,177.6,63.2,0.25,0,0.155,0
3345,38.1,14751.0,178.4,62.2,0.11,12,0.182,0
3346,39.3,13905.0,181.8,60.9,0.34,12,0.188,0
3347,39.0,13511.0,172.2,59.6,0.31,0,0.201,0
3348,39.9,14645.0,173.4,58.1,0.29,12,0.208,0
3349,36.2,15496.0,178.2,56.6,0.44,12,0.165,0
3350,38.6,14142.0,179.1,55.1,0.08,0,0.186,0
3351,39.5,14858.0,173.2,53.8,0.52,0,0.204,0
3352,40.4,14719.0,184.7,52.7,0.47,12,0.195,0
3353,36.3,13569.0,177.5,52.1,0.3,12,0.167,0
3354,37.4,14010.0,177.5,52.1,0.33,12,0.177,0
3355,31.5,13093.0,181.7,52.4,0.43,0,0.121,0
3356,36.7,13846.0,179.2,52.9,0.43,12,0.168,0
3357,36.9,13550.0,185.0,53.9,0.32,12,0.162,0
3358,35.6,13705.0,174.4,55.1,0.23,12,0.164,0
3359,38.5,13460.0,171.6,56.8,0.61,12,0.197,0
3360,37.9,13783.0,178.1,58.5,0.5,12,0.181,0
3361,32.4,14355.0,180.4,60.1,0.42,12,0.13,0
3362,38.5,13897.0,172.6,61.5,0.43,12,0.195,0
3363,35.6,12674.0,171.7,62.8,0.48,12,0.168,0
3364,39.2,13455.0,181.1,63.8,0.49,12,0.188,0
3365,34.7,12912.0,175.5,64.4,0.21,12,0.155,0
3366,37.9,14145.0,171.3,64.5,0.39,12,0.191,0
3367,37.1,14324.0,185.8,64.4,0.39,0,0.164,0
3368,38.6,14149.0,176.2,63.8,0.42,12,0.19,0
3369,38.1,13417.0,186.9,63.0,0.52,12,0.171,0
3370,37.1,14138.0,180.2,61.9,0.27,12,0.171,0
3371,33.9,13634.0,181.8,60.5,0.32,0,0.14,0
3372,34.0,13165.0,178.7,59.0,0.39,12,0.145,0
3373,36.2,14478.0,164.1,57.9,0.48,0,0.185,1
3374,37.6,14529.0,173.2,56.4,0.55,12,0.185,0
3375,36.1,14618.0,179.2,55.1,0.63,12,0.162,0
3376,39.1,13526.0,182.2,54.1,0.45,12,0.187,0
3377,36.9,14775.0,169.3,53.7,0.56,12,0.184,0
3378,35.1,13601.0,179.7,53.3,0.55,0,0.153,0
3379,36.8,14401.0,173.3,53.4,0.54,12,0.177,0
3380,38.0,13583.0,181.4,54.2,0.49,0,0.178,0
3381,38.3,13781.0,179.9,55.1,0.46,0,0.182,0
3382,42.1,12240.0,184.5,56.3,0.39,0,0.213,0
3383,35.7,13721.0,186.4,57.9,0.39,12,0.151,0
3384,37.2,13993.0,182.8,59.3,0.54,0,0.168,0
3385,38.4,13639.0,185.2,60.7,0.51,12,0.176,0
3386,37.3,15152.0,177.9,62.0,0.48,12,0.175,0
3387,36.1,13106.0,196.9,63.3,0.59,12,0.142,0
3388,33.4,13522.0,172.7,64.3,0.5,0,0.147,0
3389,36.0,13280.0,176.8,64.8,0.44,0,0.165,0
3390,34.6,13515.0,185.4,64.9,0.51,12,0.142,0
3391,32.9,14628.0,184.5,64.6,0.62,0,0.13,0
3392,35.2,14937.0,182.9,64.2,0.44,12,0.151,0
3393,34.6,13408.0,184.1,63.1,0.57,12,0.144,0
3394,38.7,13389.0,167.5,61.8,0.54,12,0.205,0
3395,38.7,13081.0,189.5,60.2,0.48,12,0.173,0
3396,34.9,14802.0,178.8,58.6,0.53,12,0.153,0
3397,36.5,14668.0,187.5,57.1,0.4,0,0.156,0
3398,32.5,13806.0,167.8,55.9,0.57,0,0.145,0
3399,35.9,12899.0,181.5,54.7,0.43,12,0.158,0
3400,38.1,12957.0,176.6,53.7,0.68,12,0.185,0
3401,39.2,13987.0,183.4,53.2,0.56,12,0.185,0
3402,35.3,14248.0,181.9,53.1,0.52,0,0.152,0
3403,39.7,12413.0,182.2,53.3,0.7,12,0.192,1
3404,33.3,13630.0,173.6,54.1,0.48,12,0.144,0
3405,33.9,14983.0,179.7,55.1,0.51,12,0.143,0
3406,38.8,13694.0,178.9,56.4,0.41,12,0.189,0
3407,41.2,14884.0,183.0,57.9,0.72,0,0.206,0
3408,38.3,14291.0,185.9,59.5,0.78,12,0.174,0
3409,36.9,13073.0,180.9,61.2,0.43,12,0.168,0
3410,31.5,13623.0,172.3,62.6,0.52,12,0.131,0
3411,32.0,13733.0,180.6,63.9,0.61,12,0.126,0
3412,37.3,13151.0,195.7,64.9,0.55,12,0.154,0
3413,36.1,13134.0,189.9,65.6,0.61,12,0.15,0
3414,34.2,14863.0,162.2,65.8,0.6,0,0.168,0
3415,37.2,13119.0,180.4,65.5,0.65,12,0.171,0
3416,37.3,14553.0,185.6,65.0,0.52,12,0.165,0
3417,39.4,13487.0,178.9,64.1,0.64,12,0.194,0
3418,37.3,13770.0,177.2,62.8,0.51,12,0.177,0
3419,40.1,14176.0,178.4,61.5,0.58,12,0.202,0
3420,37.0,13358.0,183.3,60.0,0.45,0,0.166,0
3421,36.7,14169.0,173.1,58.5,0.59,12,0.176,0
3422,39.7,12334.0,187.1,57.0,0.57,0,0.185,0
3423,34.6,14069.0,179.7,55.8,0.73,12,0.148,0
3424,44.0,12028.0,174.4,54.9,0.63,12,0.251,0
3425,37.9,13591.0,186.7,54.1,0.65,12,0.17,0
3426,38.0,14342.0,170.7,53.9,0.63,12,0.192,0
3427,38.3,14174.0,176.7,54.2,0.42,12,0.187,0
3428,41.7,12824.0,176.6,54.5,0.44,0,0.222,0
3429,39.0,12908.0,192.9,55.5,0.61,12,0.171,0
3430,33.0,13239.0,175.9,56.8,0.67,12,0.14,0
3431,40.5,13845.0,167.1,58.3,0.62,12,0.226,0
3432,36.2,12287.0,176.5,60.0,0.56,12,0.167,0
3433,37.3,13694.0,182.7,61.5,0.62,12,0.169,0
3434,33.9,13915.0,184.7,62.8,0.61,12,0.137,0
3435,38.4,13492.0,193.7,63.9,0.72,12,0.165,0
3436,35.4,14052.0,188.4,64.9,0.72,12,0.146,0
3437,37.3,13835.0,181.1,65.6,0.59,0,0.171,0
3438,36.4,13293.0,174.7,66.0,0.64,0,0.171,0
3439,41.9,12310.0,189.7,65.7,0.68,12,0.202,0
3440,42.1,13752.0,177.8,65.2,0.69,12,0.223,0
3441,37.3,12985.0,176.1,64.0,0.81,12,0.177,0
3442,37.3,13241.0,177.5,62.7,0.65,12,0.176,0
3443,36.2,13974.0,172.5,61.3,0.77,12,0.173,0
3444,39.9,14624.0,177.2,59.8,0.53,12,0.202,0
3445,36.4,13599.0,178.6,58.4,0.59,12,0.166,0
3446,36.2,14007.0,184.4,57.0,0.44,12,0.157,0
3447,39.7,12601.0,177.7,55.6,0.66,12,0.199,0
3448,35.9,13777.0,172.4,54.6,0.71,12,0.17,0
3449,37.2,13556.0,170.4,53.9,0.39,12,0.185,0
3450,33.3,14451.0,181.3,53.9,0.67,12,0.136,0
3451,39.1,13206.0,180.4,54.2,0.71,0,0.188,1
3452,42.2,13408.0,176.7,55.0,0.7,12,0.226,0
3453,39.1,14311.0,177.2,55.9,0.53,12,0.194,0
3454,41.0,13498.0,182.3,57.1,0.72,0,0.205,0
3455,35.3,12779.0,188.3,58.7,0.65,12,0.145,0
3456,38.0,15334.0,175.3,60.2,0.7,12,0.186,1
3457,35.1,12785.0,180.5,61.7,0.63,0,0.152,0
3458,36.9,13488.0,185.7,63.0,0.68,12,0.161,0
3459,39.4,13768.0,175.3,64.2,0.75,0,0.2,1
3460,37.7,13705.0,179.9,65.2,0.62,0,0.177,0
3461,34.0,13377.0,179.8,65.7,0.67,12,0.143,0
3462,34.2,13373.0,172.1,65.9,0.76,12,0.155,0
3463,34.1,13330.0,181.0,65.8,0.62,12,0.143,0
3464,38.8,12706.0,180.2,65.1,0.52,12,0.186,0
3465,42.8,14985.0,183.3,64.1,0.7,12,0.221,0
3466,41.0,13318.0,172.9,62.9,0.77,0,0.221,0
3467,32.9,13881.0,180.1,61.3,0.76,12,0.134,0
3468,41.2,13221.0,188.3,59.8,0.7,0,0.198,1
3469,40.1,13199.0,192.5,58.4,0.39,12,0.181,0
3470,33.9,13121.0,187.7,56.8,0.56,12,0.134,0
3471,37.0,12347.0,172.9,55.8,0.56,0,0.18,0
3472,40.5,13311.0,182.7,54.8,0.62,12,0.2,0
3473,39.2,13130.0,177.1,54.3,0.78,12,0.195,0
3474,34.6,14227.0,181.7,54.0,0.5,12,0.146,0
3475,39.4,12561.0,175.4,54.3,0.83,12,0.2,0
3476,32.6,12986.0,169.7,54.9,0.57,12,0.143,0
3477,37.4,12753.0,177.9,55.8,0.53,12,0.176,0
3478,40.8,14383.0,184.3,57.0,0.69,0,0.2,1
3479,38.1,12756.0,181.7,58.4,0.69,12,0.177,0
3480,36.8,13750.0,182.4,60.0,0.66,0,0.165,0
3481,40.3,14027.0,181.3,61.6,0.52,0,0.2,0
3482,40.6,13237.0,182.4,63.0,0.64,12,0.2,0
3483,41.5,12367.0,183.2,64.2,0.48,0,0.208,0
3484,40.4,12367.0,178.4,65.0,0.5,0,0.205,1
3485,41.0,13915.0,180.5,65.6,0.57,12,0.207,0
3486,40.1,12422.0,190.5,65.9,0.49,12,0.184,0
3487,39.0,13570.0,180.9,65.7,0.68,0,0.187,0
3488,38.6,13367.0,180.3,65.2,0.51,0,0.184,0
3489,37.8,13542.0,180.6,64.3,0.54,0,0.176,0
3490,35.4,13599.0,178.7,63.1,0.48,12,0.157,0
3491,36.1,12606.0,177.4,61.6,0.66,0,0.165,0
3492,37.8,12568.0,181.3,59.8,0.49,12,0.176,0
3493,39.2,13742.0,177.0,58.3,0.67,0,0.195,0
3494,42.2,12792.0,179.1,56.8,0.66,12,0.222,0
3495,38.5,11298.0,175.3,55.4,0.5,0,0.191,0
3496,41.2,13668.0,180.6,54.4,0.54,0,0.209,1
3497,41.4,12479.0,183.5,53.8,0.49,12,0.207,0
3498,38.2,13522.0,178.7,53.5,0.59,0,0.183,0
3499,40.3,14161.0,167.9,53.6,0.51,12,0.222,0
3500,38.3,13188.0,183.5,54.4,0.48,12,0.177,0
3501,42.2,13864.0,180.7,55.1,0.53,12,0.22,0
3502,40.6,13265.0,174.0,56.3,0.36,12,0.214,0
3503,36.0,14259.0,184.6,57.7,0.51,12,0.155,0
3504,39.5,12395.0,171.6,59.1,0.57,12,0.206,0
3505,43.2,13123.0,186.3,60.6,0.52,12,0.221,0
3506,38.7,13591.0,179.7,62.0,0.6,12,0.186,0
3507,40.3,12977.0,166.4,63.3,0.46,12,0.225,0
3508,40.6,13907.0,181.1,64.4,0.45,0,0.203,0
3509,36.7,12788.0,177.6,65.1,0.38,12,0.17,0
3510,40.6,14529.0,176.7,65.4,0.44,12,0.21,0
3511,35.9,14556.0,175.6,65.1,0.67,12,0.166,0
3512,37.9,13258.0,179.2,64.4,0.5,0,0.179,1
3513,42.2,13438.0,177.1,63.5,0.41,12,0.226,0
3514,40.4,13875.0,168.9,62.4,0.36,0,0.222,0
3515,38.8,12200.0,187.6,61.2,0.3,0,0.176,0
3516,40.8,12103.0,178.5,59.7,0.37,0,0.208,0
3517,39.5,13891.0,175.6,58.3,0.53,12,0.201,0
3518,39.8,13193.0,173.2,57.2,0.4,12,0.207,0
3519,41.4,12832.0,184.6,55.9,0.35,12,0.206,0
3520,38.0,12989.0,172.2,54.9,0.35,12,0.191,0
3521,40.0,11301.0,180.8,54.4,0.5,12,0.197,0
3522,39.2,12827.0,176.5,54.0,0.42,12,0.196,0
3523,36.1,12423.0,176.8,54.3,0.36,12,0.165,0
3524,37.8,13583.0,173.4,54.7,0.39,12,0.186,0
3525,44.1,13626.0,176.3,55.5,0.63,12,0.248,0
3526,41.1,13323.0,180.1,56.8,0.53,12,0.21,0
3527,36.9,13186.0,181.4,58.3,0.55,12,0.167,0
3528,36.4,11851.0,175.3,60.0,0.22,12,0.171,0
3529,40.1,13302.0,179.5,61.5,0.38,12,0.2,0
3530,44.3,13318.0,185.3,63.2,0.33,12,0.234,0
3531,40.0,13739.0,170.0,64.4,0.44,0,0.215,0
3532,43.8,14340.0,180.0,65.4,0.49,0,0.238,0
3533,41.5,11662.0,174.3,65.8,0.41,12,0.223,0
3534,41.8,12564.0,173.7,65.9,0.28,12,0.228,0
3535,37.4,12306.0,181.6,65.8,0.3,12,0.171,0
3536,43.1,12935.0,176.7,65.3,0.42,0,0.236,0
3537,40.0,12813.0,172.7,64.3,0.43,12,0.21,0
3538,43.0,12630.0,187.9,63.1,0.37,12,0.216,0
3539,38.9,13502.0,185.5,61.5,0.36,12,0.18,0
3540,41.4,12001.0,168.4,59.9,0.35,0,0.234,0
3541,41.9,12032.0,171.2,58.5,0.37,12,0.234,0
3542,40.7,12033.0,183.6,57.2,0.41,0,0.2,1
3543,42.2,12487.0,178.3,56.0,0.39,12,0.224,0
3544,40.6,11869.0,189.0,55.2,0.33,0,0.191,0
3545,39.7,12684.0,183.7,54.5,0.32,0,0.19,0
3546,45.4,12591.0,181.8,54.1,0.31,12,0.252,0
3547,44.1,12146.0,173.9,54.6,0.23,12,0.253,0
3548,39.6,13297.0,182.9,55.2,0.23,0,0.19,0
3549,43.0,12633.0,172.3,56.2,0.36,0,0.243,0
3550,39.8,13407.0,187.8,57.4,0.23,12,0.185,0
3551,38.7,12516.0,182.5,58.7,0.38,12,0.182,0
3552,44.3,12624.0,175.1,60.3,0.29,0,0.253,0
3553,37.5,12236.0,184.8,61.9,0.37,12,0.168,0
3554,44.2,12614.0,193.4,63.3,0.35,0,0.219,0
3555,41.3,13107.0,178.7,64.5,0.36,12,0.214,0
3556,41.5,12309.0,183.3,65.4,0.23,12,0.208,0
3557,43.1,12949.0,177.4,66.0,0.31,0,0.235,0
3558,43.6,12006.0,180.5,66.1,0.34,12,0.235,0
3559,40.1,13095.0,171.0,66.0,0.11,12,0.215,0
3560,44.1,12147.0,180.0,65.7,0.43,12,0.241,0
3561,42.6,13138.0,180.3,64.9,0.48,12,0.225,0
3562,39.3,12573.0,190.8,63.8,0.35,12,0.176,0
3563,42.0,13584.0,169.2,62.3,0.33,12,0.239,0
3564,46.0,11700.0,178.3,60.7,0.3,12,0.266,0
3565,46.8,11463.0,187.7,59.2,0.21,12,0.256,0
3566,44.5,12054.0,178.5,57.7,0.23,12,0.248,0
3567,39.8,11505.0,179.0,56.7,0.33,0,0.197,0
3568,44.0,11495.0,175.0,55.5,0.13,0,0.25,0
3569,45.0,12886.0,174.4,54.8,0.12,12,0.262,0
3570,44.7,12437.0,169.0,54.7,0.18,0,0.271,0
3571,45.0,12093.0,176.2,54.8,0.29,12,0.258,0
3572,44.0,12146.0,174.1,55.4,0.13,12,0.251,0
3573,43.0,11988.0,180.7,56.4,0.19,12,0.227,0
3574,41.7,13550.0,175.3,57.8,0.2,0,0.224,0
3575,38.5,11868.0,177.1,59.1,0.11,12,0.188,0
3576,44.2,11446.0,177.3,60.5,0.0,12,0.247,0
3577,43.9,12917.0,179.7,62.0,0.1,0,0.239,0
3578,44.9,12198.0,176.8,63.2,0.22,0,0.256,0
3579,40.2,13764.0,173.6,64.3,0.24,0,0.211,0
3580,45.2,11957.0,180.5,65.1,0.24,0,0.253,0
3581,48.8,12906.0,186.4,65.9,0.25,12,0.281,0
3582,43.9,13060.0,180.8,66.0,0.13,12,0.238,0
3583,43.7,11926.0,176.3,65.8,0.1,0,0.243,0
3584,44.7,11760.0,179.3,65.1,0.22,12,0.249,1
3585,49.0,12787.0,167.7,64.2,0.16,12,0.329,0
3586,41.5,12659.0,179.2,63.2,0.27,0,0.215,0
3587,44.6,11258.0,177.6,61.7,0.21,12,0.251,0
3588,42.2,11444.0,174.4,60.3,0.3,12,0.23,0
3589,42.9,10446.0,175.5,58.8,0.13,12,0.236,0
3590,44.2,12627.0,177.5,57.4,0.28,0,0.247,0
3591,47.7,12016.0,186.0,56.2,0.37,0,0.27,0
3592,48.9,12074.0,186.6,55.3,0.17,12,0.283,0
3593,45.6,10992.0,174.4,54.9,0.22,12,0.27,0
3594,43.6,11395.0,176.9,54.8,0.07,0,0.242,0
3595,50.9,11818.0,177.0,55.0,0.25,12,0.328,0
3596,43.7,11670.0,184.9,55.6,0.27,12,0.228,0
3597,43.4,12212.0,180.9,56.6,0.11,12,0.232,0
3598,40.4,12526.0,180.6,57.8,0.22,12,0.202,0
3599,48.4,13695.0,183.2,59.2,0.19,12,0.284,0
3600,47.4,12080.0,176.4,61.1,0.2,0,0.287,0
3601,51.1,12864.0,188.2,62.4,0.24,12,0.304,0
3602,41.7,11490.0,180.0,63.8,0.21,0,0.215,0
3603,48.9,10887.0,174.9,65.1,0.14,12,0.308,0
3604,45.5,11801.0,178.6,66.0,0.24,12,0.259,0
3605,47.4,10918.0,187.4,66.6,0.26,0,0.263,0
3606,41.3,12035.0,177.4,66.8,0.1,12,0.216,0
3607,49.2,11467.0,185.7,66.6,0.15,12,0.287,0
3608,47.5,10633.0,176.2,66.0,0.0,12,0.288,0
3609,45.5,13205.0,175.4,65.0,0.21,0,0.266,0
3610,47.3,11602.0,184.0,64.0,0.27,0,0.269,0
3611,43.9,10820.0,174.8,62.5,0.12,12,0.249,0
3612,44.4,12583.0,184.9,61.1,0.16,0,0.235,0
3613,44.7,11433.0,182.1,59.4,0.13,12,0.244,0
3614,41.3,12695.0,174.8,58.1,0.11,12,0.221,0
3615,48.2,11407.0,179.6,56.9,0.17,12,0.289,0
3616,49.1,11530.0,176.7,56.0,0.07,0,0.307,0
3617,44.4,12138.0,182.1,55.3,0.13,12,0.241,0
3618,47.1,12300.0,191.3,55.0,0.06,12,0.253,0
3619,45.7,12411.0,177.8,55.4,0.21,0,0.263,0
3620,47.2,11799.0,183.2,55.9,0.18,12,0.27,0
3621,44.9,12220.0,180.1,57.0,0.11,12,0.25,0
3622,44.3,12361.0,180.1,58.1,0.16,12,0.243,0
3623,49.2,11967.0,179.0,59.7,0.13,12,0.303,0
3624,46.5,11716.0,174.9,61.1,0.27,12,0.279,0
3625,51.8,10792.0,182.0,62.6,0.11,12,0.327,0
3626,46.9,12212.0,178.3,63.9,0.22,0,0.277,0
3627,44.6,11810.0,174.6,65.1,0.09,0,0.257,0
3628,50.0,11480.0,186.1,66.1,0.24,0,0.296,0
3629,48.6,12652.0,180.6,66.7,0.27,12,0.291,0
3630,48.9,10747.0,178.6,66.8,0.27,12,0.299,0
3631,50.1,12885.0,188.0,66.6,0.31,12,0.293,0
3632,45.6,11707.0,169.0,65.8,0.2,12,0.281,0
3633,47.0,11934.0,187.6,65.0,0.29,12,0.258,0
3634,46.9,11423.0,174.7,63.8,0.33,12,0.284,0
3635,44.2,10521.0,181.3,62.4,0.06,12,0.24,0
3636,46.8,11579.0,176.5,60.8,0.11,0,0.279,0
3637,50.9,11900.0,174.5,59.5,0.03,12,0.335,0
3638,48.2,12127.0,187.9,58.0,0.29,0,0.271,0
3639,44.3,11504.0,191.1,56.7,0.03,12,0.224,0
3640,43.8,10096.0,178.7,55.8,0.01,0,0.241,0
3641,52.0,10541.0,182.0,55.1,0.08,12,0.33,0
3642,47.6,13045.0,180.3,54.8,0.01,12,0.281,0
3643,46.3,10832.0,190.4,55.0,0.22,12,0.246,0
3644,47.3,12584.0,167.3,55.5,0.08,12,0.308,0
3645,44.4,10920.0,182.3,56.4,0.03,0,0.24,0
3646,51.7,11435.0,175.6,57.8,0.19,12,0.343,0
3647,47.2,11989.0,165.9,59.3,0.2,0,0.31,0
3648,51.7,10966.0,177.8,61.0,0.02,12,0.337,0
3649,48.4,12643.0,191.1,62.6,0.14,0,0.268,0
3650,52.0,11570.0,176.1,64.0,0.2,12,0.345,0
3651,49.1,11829.0,184.7,65.0,0.18,12,0.288,0
3652,50.6,11308.0,187.2,66.0,0.18,0,0.301,0
3653,50.4,11945.0,179.9,66.3,0.34,12,0.315,0
3654,50.2,12578.0,180.7,66.3,0.44,12,0.311,0
3655,49.6,11369.0,169.7,66.0,0.2,12,0.331,0
3656,48.2,12661.0,175.7,65.5,0.1,12,0.298,0
3657,53.6,11011.0,185.4,64.5,0.21,0,0.342,0
3658,46.6,11963.0,180.4,63.4,0.26,12,0.269,0
3659,49.0,11759.0,182.2,62.0,0.24,0,0.292,0
3660,49.0,10657.0,180.8,60.4,0.31,0,0.296,0
3661,50.1,11544.0,193.2,59.0,0.47,0,0.282,0
3662,48.0,11388.0,177.4,57.8,0.08,12,0.292,0
3663,50.0,10775.0,189.6,56.6,0.2,12,0.288,0
3664,48.8,11612.0,180.8,55.6,0.41,0,0.294,0
3665,45.3,11453.0,190.2,54.9,0.21,0,0.236,0
3666,49.4,11288.0,172.7,54.5,0.35,12,0.321,0
3667,46.7,11280.0,181.1,54.7,0.33,0,0.268,0
3668,45.1,11254.0,177.6,55.2,0.4,12,0.257,0
3669,49.9,11049.0,180.8,56.1,0.47,0,0.306,0
3670,50.8,11393.0,187.3,57.4,0.32,12,0.303,0
3671,51.0,10834.0,182.3,58.6,0.11,0,0.316,0
3672,51.1,13133.0,187.3,60.0,0.22,0,0.306,0
3673,44.9,10276.0,176.0,61.5,0.51,12,0.258,0
3674,46.4,10843.0,175.1,62.9,0.16,12,0.278,0
3675,54.8,10887.0,180.1,64.1,0.35,0,0.372,0
3676,47.3,12659.0,179.8,65.0,0.06,0,0.278,0
3677,51.5,10296.0,178.9,65.5,0.18,12,0.332,0
3678,48.3,11507.0,174.2,65.6,0.41,0,0.303,0
3679,50.3,11372.0,187.2,65.3,0.33,12,0.297,0
3680,48.6,11421.0,177.8,64.7,0.29,12,0.297,0
3681,51.6,12043.0,188.6,63.7,0.25,0,0.309,0
3682,50.6,12018.0,180.1,62.5,0.14,12,0.317,0
3683,49.2,10840.0,183.9,61.1,0.41,0,0.291,0
3684,47.7,11281.0,183.3,59.6,0.32,0,0.275,0
3685,51.1,9830.0,175.1,58.0,0.2,12,0.336,0
3686,47.4,11194.0,182.2,56.3,0.36,12,0.274,0
3687,51.6,10558.0,191.6,55.2,0.42,0,0.302,0
3688,57.1,10973.0,181.5,54.3,0.34,12,0.4,0
3689,54.0,9913.0,185.4,53.6,0.38,12,0.347,0
3690,52.5,11366.0,184.2,53.4,0.38,12,0.33,0
3691,50.5,9885.0,181.8,53.8,0.31,12,0.312,0
3692,45.9,11166.0,181.1,54.6,0.39,12,0.259,0
3693,47.5,10193.0,183.3,55.6,0.46,12,0.273,0
3694,54.1,10447.0,184.6,56.9,0.49,0,0.35,0
3695,48.9,11840.0,171.9,58.2,0.47,12,0.317,0
3696,49.2,11433.0,181.5,59.8,0.33,12,0.297,0
3697,50.6,11816.0,178.9,61.3,0.47,12,0.32,0
3698,48.4,12093.0,177.7,62.8,0.46,0,0.296,0
3699,48.0,10450.0,187.8,64.2,0.34,12,0.269,0
3700,51.0,12030.0,175.6,65.2,0.37,12,0.334,0
3701,48.9,9945.0,171.6,65.7,0.49,0,0.318,0
3702,49.4,11483.0,184.8,65.7,0.57,12,0.291,0
3703,49.3,10606.0,171.5,65.7,0.25,12,0.323,0
3704,52.6,10290.0,168.4,65.2,0.6,0,0.377,1
3705,50.8,11362.0,185.4,64.3,0.56,12,0.306,0
3706,50.9,11583.0,181.0,63.0,0.47,12,0.319,0
3707,52.9,11553.0,182.8,61.6,0.43,12,0.34,0
3708,51.1,11052.0,177.3,59.9,0.49,0,0.331,0
3709,50.8,10985.0,171.7,58.4,0.4,0,0.342,0
3710,52.7,11252.0,172.9,56.8,0.45,12,0.365,0
3711,53.3,11086.0,178.4,55.5,0.32,0,0.356,0
3712,51.3,11242.0,172.4,54.5,0.3,0,0.346,0
3713,51.9,10997.0,181.8,53.5,0.71,12,0.329,0
3714,49.8,11434.0,177.2,53.3,0.49,12,0.314,0
3715,49.6,9696.0,181.1,53.4,0.51,12,0.302,0
3716,53.7,10734.0,180.9,54.0,0.49,12,0.355,0
3717,52.9,9847.0,182.3,54.9,0.41,12,0.341,0
3718,53.0,11000.0,183.0,56.4,0.47,12,0.34,0
3719,52.6,11947.0,177.9,57.8,0.51,12,0.349,0
3720,52.0,10456.0,181.1,59.4,0.49,12,0.333,0
3721,53.7,10868.0,181.4,61.0,0.44,12,0.354,0
3722,54.3,11299.0,165.4,62.6,0.56,0,0.412,1
3723,54.3,9313.0,183.9,63.9,0.54,0,0.355,0
3724,51.8,10386.0,180.9,64.9,0.56,12,0.33,0
3725,55.6,10998.0,183.4,65.6,0.6,0,0.373,1
3726,52.7,8705.0,172.3,65.5,0.52,12,0.366,0
3727,53.7,10041.0,178.1,65.5,0.52,12,0.363,0
3728,52.9,11486.0,173.5,65.1,0.69,0,0.365,1
3729,52.8,11409.0,184.5,64.2,0.45,0,0.334,0
3730,50.4,10960.0,171.6,62.8,0.36,0,0.337,0
3731,54.0,11306.0,174.4,61.5,0.61,12,0.378,0
3732,59.4,10831.0,183.2,59.8,0.49,12,0.427,0
3733,51.4,11060.0,176.2,58.4,0.45,0,0.337,0
3734,52.5,10442.0,174.4,56.8,0.65,0,0.358,0
3735,51.3,10735.0,185.4,55.8,0.55,12,0.313,0
3736,51.2,10203.0,185.7,54.7,0.44,12,0.311,0
3737,56.3,11521.0,184.3,54.1,0.77,12,0.38,0
3738,50.8,11694.0,185.1,53.6,0.42,12,0.308,0
3739,51.3,11586.0,178.6,53.8,0.57,12,0.33,0
3740,48.5,10326.0,178.8,54.3,0.39,12,0.295,0
3741,50.6,9936.0,176.1,55.4,0.61,12,0.328,0
3742,48.3,11489.0,181.0,56.6,0.53,0,0.287,0
3743,54.2,10967.0,176.8,58.2,0.67,12,0.373,0
3744,59.6,10809.0,177.4,59.6,0.59,12,0.45,1
3745,51.7,10127.0,183.6,61.2,0.73,12,0.322,0
3746,48.5,10860.0,187.1,62.6,0.56,0,0.276,0
3747,54.9,9794.0,182.4,63.9,0.44,12,0.367,0
3748,50.9,10990.0,190.8,64.9,0.63,0,0.296,1
3749,56.0,11503.0,175.8,65.6,0.58,12,0.401,0
3750,52.0,11672.0,169.0,65.8,0.43,12,0.367,0
3751,51.2,11018.0,184.3,65.7,0.51,0,0.314,0
3752,52.3,9547.0,175.4,65.0,0.54,12,0.352,0
3753,54.7,10645.0,178.4,64.1,0.77,12,0.375,0
3754,52.2,11997.0,169.4,63.0,0.69,0,0.368,0
3755,51.6,9883.0,174.6,61.4,0.59,12,0.344,0
3756,52.3,10442.0,171.0,59.9,0.67,12,0.365,0
3757,49.7,11466.0,177.4,58.4,0.42,0,0.312,0
3758,53.8,10901.0,177.6,57.1,0.57,12,0.366,0
3759,48.4,12197.0,180.5,56.0,0.67,12,0.289,0
3760,51.8,9941.0,187.4,55.0,0.65,0,0.314,0
3761,54.8,9754.0,184.1,54.5,0.58,0,0.361,0
3762,53.7,11296.0,170.3,54.2,0.63,12,0.386,0
3763,54.4,9595.0,183.6,54.3,0.67,12,0.357,0
3764,52.8,10287.0,180.7,54.8,0.64,0,0.343,0
3765,55.9,10372.0,179.4,55.9,0.73,0,0.389,0
3766,55.3,11136.0,179.9,57.2,0.67,12,0.379,0
3767,54.1,10834.0,181.2,58.6,0.69,12,0.359,0
3768,55.3,10716.0,175.8,60.1,0.82,12,0.391,0
3769,54.8,10108.0,178.9,61.8,0.73,12,0.376,0
3770,51.9,11233.0,187.1,63.4,0.82,0,0.316,1
3771,49.6,13194.0,175.8,64.5,0.58,0,0.316,0
3772,54.0,10853.0,173.8,65.1,0.49,12,0.38,0
3773,54.4,10432.0,179.6,65.8,0.63,0,0.367,1
3774,55.7,9447.0,173.2,65.8,0.63,0,0.406,0
3775,50.7,9903.0,169.7,65.7,0.79,0,0.346,1
3776,50.7,10193.0,177.9,65.2,0.54,0,0.324,0
3777,54.1,9962.0,188.7,64.4,0.64,12,0.34,0
3778,52.8,10318.0,179.8,63.4,0.69,0,0.346,0
3779,48.3,11568.0,181.1,62.1,0.66,12,0.287,0
3780,53.9,11190.0,167.2,60.7,0.63,12,0.4,0
3781,48.4,10200.0,182.6,59.4,0.69,12,0.284,0
3782,50.6,9459.0,180.6,58.1,0.76,12,0.316,0
3783,56.4,11235.0,176.0,56.8,0.8,0,0.407,0
3784,57.6,10258.0,181.1,55.7,0.65,12,0.407,0
3785,50.0,9078.0,181.0,55.4,0.57,12,0.307,0
3786,52.2,10779.0,173.6,55.2,0.8,12,0.355,0
3787,53.1,10992.0,182.0,55.6,0.54,12,0.344,0
3788,57.4,8570.0,187.2,56.1,0.83,12,0.387,0
3789,51.7,9686.0,178.6,57.2,0.78,12,0.335,0
3790,51.8,10180.0,174.8,58.1,0.79,0,0.346,1
3791,56.8,10766.0,178.9,59.5,0.71,0,0.404,1
3792,52.0,9885.0,185.1,61.1,0.43,12,0.323,0
3793,54.8,9658.0,172.6,62.7,0.54,12,0.394,0
3794,49.2,10744.0,183.5,64.3,0.67,12,0.293,0
3795,52.5,9901.0,175.9,65.4,0.57,12,0.353,0
3796,48.8,10603.0,181.5,66.4,0.61,12,0.292,0
3797,50.3,9441.0,176.6,67.1,0.7,12,0.322,0
3798,55.0,9267.0,176.6,67.6,0.62,12,0.385,0
3799,52.8,10737.0,189.1,67.5,0.51,0,0.322,1
3800,52.1,10380.0,171.5,66.9,0.72,12,0.36,0
3801,51.0,10844.0,182.9,65.7,0.68,12,0.315,0
3802,52.3,9820.0,190.4,64.7,0.6,12,0.314,0
3803,53.6,9631.0,184.1,63.4,0.7,0,0.345,0
3804,55.3,11136.0,172.0,61.8,0.63,0,0.404,0
3805,46.2,9112.0,172.3,60.1,0.76,12,0.282,0
3806,50.7,11049.0,175.5,58.5,0.64,12,0.33,0
3807,53.2,11093.0,180.9,57.3,0.75,12,0.348,0
3808,52.5,10766.0,181.4,56.4,0.43,12,0.338,0
3809,53.8,9678.0,172.4,55.6,0.66,12,0.381,0
3810,53.4,9583.0,174.8,55.5,0.57,12,0.368,0
3811,51.9,10003.0,175.1,55.5,0.52,12,0.348,0
3812,51.4,9240.0,178.9,56.2,0.72,12,0.33,0
3813,52.1,9469.0,191.9,57.2,0.69,12,0.307,0
3814,55.5,10589.0,174.4,58.4,0.4,12,0.399,0
3815,50.8,10588.0,174.1,60.0,0.67,0,0.335,1
3816,52.5,9394.0,173.2,61.6,0.65,12,0.36,0
3817,53.0,10598.0,183.8,63.3,0.52,12,0.339,0
3818,56.5,10439.0,179.8,64.7,0.51,0,0.396,0
3819,51.8,11174.0,174.6,66.0,0.43,0,0.347,0
3820,54.9,10512.0,177.8,66.9,0.55,12,0.38,0
3821,55.6,10850.0,175.3,67.5,0.56,12,0.397,0
3822,52.3,10440.0,181.8,68.0,0.66,12,0.335,0
3823,51.9,10788.0,196.1,67.7,0.6,12,0.297,0
3824,51.6,9197.0,183.3,67.2,0.46,12,0.322,0
3825,51.8,10010.0,179.4,66.1,0.59,12,0.333,0
3826,54.5,10064.0,176.0,64.6,0.54,12,0.38,0
3827,52.9,9917.0,171.9,63.2,0.47,12,0.37,0
3828,52.9,10395.0,184.4,61.7,0.4,12,0.335,0
3829,49.5,10525.0,184.1,60.1,0.61,12,0.294,0
3830,49.8,10352.0,177.2,58.5,0.59,12,0.315,0
3831,57.6,9951.0,187.3,57.3,0.6,12,0.389,0
3832,51.7,9557.0,180.1,56.4,0.47,0,0.332,1
3833,50.2,10837.0,184.6,55.7,0.55,0,0.302,0
3834,55.7,10310.0,181.8,55.3,0.4,12,0.379,0
3835,52.8,9350.0,178.9,55.5,0.43,12,0.348,0
3836,53.5,9924.0,174.3,56.1,0.53,0,0.371,1
3837,51.7,8837.0,179.1,57.2,0.55,12,0.333,0
3838,51.2,10079.0,185.1,58.3,0.35,12,0.313,0
3839,51.5,9913.0,177.0,59.8,0.41,12,0.337,0
3840,48.5,9647.0,182.6,61.4,0.47,12,0.285,0
3841,51.7,11156.0,173.5,62.8,0.6,12,0.349,0
3842,52.6,9235.0,184.7,64.3,0.42,0,0.331,0
3843,56.4,10536.0,181.9,65.7,0.51,0,0.389,0
3844,52.0,11570.0,172.8,66.5,0.52,12,0.355,0
3845,45.9,10791.0,178.7,67.2,0.46,0,0.264,0
3846,51.5,10013.0,185.6,67.6,0.51,0,0.315,0
3847,58.5,9239.0,172.4,67.4,0.34,0,0.451,1
3848,53.8,9077.0,173.6,66.7,0.41,12,0.378,0
3849,49.6,9741.0,179.6,65.9,0.61,12,0.306,0
3850,53.0,9546.0,192.8,64.7,0.62,0,0.317,0
3851,49.7,9521.0,176.0,62.9,0.54,12,0.316,0
3852,48.1,9795.0,183.0,61.4,0.57,12,0.28,0
3853,50.6,9950.0,181.6,59.9,0.27,12,0.313,0
3854,51.6,10359.0,176.5,58.5,0.35,12,0.34,0
3855,46.7,9152.0,181.0,57.2,0.41,12,0.268,0
3856,48.4,9539.0,177.3,56.2,0.68,12,0.297,0
3857,51.3,9903.0,177.9,55.7,0.4,0,0.332,0
3858,50.2,9877.0,170.0,55.5,0.5,12,0.338,0
3859,52.2,11298.0,179.9,55.5,0.46,0,0.338,1
3860,48.1,10174.0,185.4,56.2,0.45,0,0.275,0
3861,52.9,8880.0,180.3,57.2,0.41,0,0.346,0
3862,48.1,10302.0,186.5,58.5,0.29,12,0.273,0
3863,55.1,10390.0,183.5,59.8,0.13,0,0.366,0
3864,46.7,9919.0,179.6,61.4,0.53,12,0.271,0
3865,48.2,9156.0,176.2,63.0,0.33,12,0.296,0
3866,51.9,11236.0,177.1,64.4,0.2,0,0.342,0
3867,55.0,9255.0,171.2,65.5,0.43,12,0.402,0
3868,51.5,10466.0,178.4,66.2,0.42,0,0.333,0
3869,52.1,10143.0,180.9,67.0,0.45,12,0.334,0
3870,50.7,10423.0,190.3,67.2,0.48,12,0.295,0
3871,48.0,11197.0,183.2,67.1,0.28,0,0.279,0
3872,49.3,10394.0,174.8,66.6,0.28,12,0.314,0
3873,47.5,9610.0,171.4,65.8,0.33,12,0.299,0
3874,47.3,10775.0,178.8,64.5,0.44,0,0.28,0
3875,51.4,9559.0,184.9,63.1,0.14,12,0.316,0
3876,47.5,10115.0,178.7,61.7,0.36,12,0.283,0
3877,51.1,9095.0,183.3,60.2,0.43,12,0.316,0
3878,47.0,9277.0,178.9,59.0,0.42,12,0.276,0
3879,50.9,10036.0,184.3,57.5,0.4,12,0.311,0
3880,48.9,10258.0,170.4,56.4,0.43,12,0.32,0
3881,53.6,8809.0,189.6,55.9,0.05,12,0.331,0
3882,50.8,10349.0,173.3,55.6,0.48,0,0.338,1
3883,53.1,9427.0,184.8,56.1,0.35,12,0.337,0
3884,48.0,10897.0,178.4,56.8,0.44,0,0.29,0
3885,50.0,9755.0,179.3,58.0,0.19,12,0.312,0
3886,47.4,9216.0,178.6,59.3,0.12,12,0.281,0
3887,48.7,10056.0,181.5,60.6,0.47,0,0.291,0
3888,49.0,9362.0,182.7,62.0,0.2,12,0.292,0
3889,47.8,10892.0,186.4,63.7,0.26,12,0.27,0
3890,46.5,10005.0,188.4,65.0,0.34,0,0.252,0
3891,46.0,9899.0,182.0,66.4,0.36,0,0.258,0
3892,43.6,10421.0,190.3,67.5,0.38,12,0.218,0
3893,46.8,9304.0,180.6,68.1,0.29,0,0.27,0
3894,50.9,9106.0,186.5,68.3,0.16,0,0.306,0
3895,45.3,10295.0,182.6,68.2,0.33,12,0.249,0
3896,45.8,9241.0,176.7,67.5,0.33,12,0.267,0
3897,53.7,9242.0,181.1,66.8,0.07,12,0.354,0
3898,47.5,10599.0,183.0,65.7,0.39,12,0.274,0
3899,49.9,10382.0,179.8,64.2,0.0,12,0.309,0
3900,50.6,9139.0,182.5,62.6,0.35,12,0.311,0
3901,50.6,9584.0,185.2,61.2,0.18,12,0.305,0
3902,45.1,9387.0,179.9,59.5,0.31,12,0.252,0
3903,48.2,11264.0,162.3,58.3,0.28,12,0.334,0
3904,44.7,10657.0,190.1,57.5,0.23,12,0.23,0
3905,54.8,9730.0,178.2,56.8,0.27,12,0.378,0
3906,44.6,10430.0,175.1,56.7,0.21,12,0.257,0
3907,45.9,9079.0,173.3,56.9,0.29,12,0.276,0
3908,45.9,9559.0,178.0,57.4,0.44,12,0.265,0
3909,44.7,10106.0,176.6,58.5,0.08,12,0.254,0
3910,51.8,10351.0,175.6,59.6,0.0,12,0.344,0
3911,54.4,9968.0,175.9,61.2,0.17,12,0.379,0
3912,47.1,10212.0,183.2,62.5,0.16,12,0.268,0
3913,44.9,10096.0,192.2,64.1,0.16,0,0.228,0
3914,42.5,9929.0,184.9,65.5,0.11,12,0.216,0
3915,47.5,9839.0,186.7,66.7,0.28,12,0.265,0
3916,47.2,9750.0,177.7,67.7,0.06,12,0.281,0
3917,46.3,10213.0,180.6,68.3,0.24,12,0.264,0
3918,48.4,10341.0,182.6,68.6,0.25,12,0.285,0
3919,48.8,10195.0,176.0,68.5,0.22,12,0.304,0
3920,48.5,9234.0,177.4,67.9,0.23,0,0.298,0
3921,46.9,9363.0,185.1,67.0,0.28,12,0.262,0
3922,44.9,10344.0,186.5,65.7,0.18,12,0.237,0
3923,49.2,11098.0,180.4,64.2,0.14,0,0.299,0
3924,47.5,10178.0,172.8,62.7,0.22,0,0.296,0
3925,49.6,9786.0,178.2,61.1,0.23,12,0.31,0
3926,49.3,10234.0,171.4,59.8,0.26,12,0.323,0
3927,43.7,9285.0,180.5,58.6,0.0,12,0.236,0
3928,43.6,11000.0,181.5,57.7,0.15,0,0.233,0
3929,45.2,10218.0,178.4,56.9,0.06,12,0.257,0
3930,44.4,9622.0,181.5,56.8,0.22,12,0.242,0
3931,48.9,9977.0,182.5,57.0,0.24,12,0.291,0
3932,47.8,9729.0,181.5,57.4,0.13,12,0.28,0
3933,49.6,11019.0,172.8,58.6,0.09,0,0.323,0
3934,47.8,9963.0,178.5,59.9,0.22,12,0.287,0
3935,47.3,10217.0,182.5,61.5,0.14,12,0.272,0
3936,49.7,10514.0,189.5,63.1,0.3,12,0.285,0
3937,47.8,9598.0,178.4,64.6,0.33,0,0.287,0
3938,46.7,10256.0,183.3,66.0,0.25,12,0.264,0
3939,50.2,10316.0,185.3,67.4,0.18,0,0.3,0
3940,46.7,9040.0,178.8,68.5,0.34,12,0.273,0
3941,45.6,10309.0,186.9,69.1,0.18,12,0.244,0
3942,44.2,10105.0,187.2,69.5,0.1,12,0.229,0
3943,47.9,10232.0,188.3,69.3,0.08,12,0.268,0
3944,49.2,10170.0,182.8,68.5,0.08,12,0.294,0
3945,45.9,10331.0,194.2,67.4,0.15,12,0.235,0
3946,49.2,11090.0,176.3,65.9,0.2,12,0.309,0
3947,41.0,9333.0,192.7,64.4,0.01,12,0.189,0
3948,45.7,9924.0,184.6,62.8,0.11,0,0.25,0
3949,45.7,10634.0,188.0,61.4,0.17,12,0.243,0
3950,43.9,10509.0,178.1,59.9,0.21,0,0.242,0
3951,51.6,10499.0,185.1,58.8,0.15,0,0.317,0
3952,45.4,12109.0,188.6,57.8,0.18,12,0.239,0
3953,44.5,10617.0,173.5,57.2,0.03,12,0.258,0
3954,45.5,10983.0,179.0,56.9,0.06,12,0.258,0
3955,40.3,9982.0,167.2,57.3,0.15,0,0.224,0
3956,43.4,9507.0,178.9,57.7,0.2,12,0.235,0
3957,47.7,9987.0,175.1,58.7,0.18,12,0.293,0
3958,43.6,10711.0,178.7,60.0,0.07,12,0.238,0
3959,43.0,10502.0,197.5,61.5,0.13,12,0.201,0
3960,48.3,10505.0,190.3,63.0,0.31,12,0.267,0
3961,48.3,10078.0,171.4,64.6,0.21,12,0.31,0
3962,46.2,9972.0,183.3,66.0,0.14,12,0.257,0
3963,43.7,10113.0,184.8,67.4,0.06,12,0.228,0
3964,44.1,10752.0,178.0,68.4,0.09,12,0.245,0
3965,42.6,10839.0,181.1,69.2,0.16,0,0.224,0
3966,42.1,9551.0,181.7,69.4,0.19,12,0.217,0
3967,41.9,10795.0,171.9,69.2,0.22,12,0.232,0
3968,42.9,9812.0,173.8,68.6,0.21,12,0.24,0
3969,41.8,10601.0,181.0,67.7,0.13,12,0.215,0
3970,40.4,10145.0,180.6,66.4,0.12,12,0.201,0
3971,44.8,11381.0,175.7,65.0,0.38,12,0.257,0
3972,44.8,9998.0,175.2,63.4,0.12,0,0.258,0
3973,48.3,10422.0,179.5,61.9,0.05,0,0.291,0
3974,42.4,10728.0,185.3,60.5,0.02,12,0.214,0
3975,44.7,9698.0,179.5,59.3,0.15,0,0.249,0
3976,44.7,10265.0,189.7,58.4,0.28,12,0.23,0
3977,43.2,10135.0,175.8,58.0,0.13,0,0.239,0
3978,45.6,9969.0,181.2,57.8,0.34,12,0.256,0
3979,45.6,10027.0,177.9,58.3,0.19,12,0.262,0
3980,44.4,11120.0,183.5,59.0,0.3,12,0.238,0
3981,42.9,9929.0,175.3,60.0,0.12,12,0.237,0
3982,42.6,10751.0,191.6,61.2,0.12,0,0.206,0
3983,40.0,10581.0,169.9,62.8,0.21,12,0.215,0
3984,41.3,9390.0,190.3,64.3,0.25,12,0.196,0
3985,41.7,10738.0,180.5,65.9,0.19,12,0.215,0
3986,40.4,9392.0,183.3,67.3,0.24,0,0.197,0
3987,44.2,10828.0,188.0,68.6,0.27,12,0.228,0
3988,46.1,10040.0,185.1,69.5,0.07,12,0.253,0
3989,40.7,10408.0,175.6,70.0,0.19,12,0.213,0
3990,43.6,9503.0,183.6,70.2,0.17,12,0.23,0
3991,40.3,10502.0,191.2,70.2,0.18,12,0.185,0
3992,42.0,11072.0,174.7,69.6,0.27,12,0.228,0
3993,41.0,9865.0,192.7,68.5,0.18,0,0.19,0
3994,44.2,10013.0,182.3,67.4,0.04,0,0.238,0
3995,40.9,10763.0,177.4,65.8,0.22,12,0.212,0
3996,45.1,10788.0,174.6,64.4,0.14,12,0.263,0
3997,41.8,8756.0,178.7,62.9,0.3,0,0.219,0
3998,40.8,11878.0,168.3,61.5,0.33,12,0.227,0
3999,39.2,10845.0,177.5,60.5,0.04,0,0.194,0
4000,42.9,10970.0,178.4,59.4,0.18,12,0.231,0
4001,44.4,10389.0,173.6,58.9,0.3,0,0.258,1
4002,42.8,9199.0,184.5,58.9,0.13,12,0.22,0
4003,47.7,10977.0,178.7,59.0,0.35,0,0.285,0
4004,45.6,10117.0,176.2,59.5,0.38,12,0.265,0
4005,41.2,10901.0,178.0,60.4,0.26,0,0.213,0
4006,41.1,10375.0,182.1,61.7,0.21,12,0.206,0
4007,43.0,10703.0,180.4,63.0,0.06,12,0.228,0
4008,39.7,10002.0,175.8,64.6,0.37,12,0.201,0
4009,44.6,11157.0,180.8,66.0,0.5,12,0.245,0
4010,42.5,9729.0,179.7,67.6,0.48,12,0.225,0
4011,42.2,12140.0,173.2,68.9,0.28,12,0.233,0
4012,43.2,12143.0,178.3,70.1,0.2,0,0.235,0
4013,45.7,11728.0,183.5,70.8,0.4,0,0.252,0
4014,41.8,11486.0,183.4,70.9,0.3,0,0.211,0
4015,41.0,10542.0,178.6,70.6,0.37,12,0.211,0
4016,45.0,11426.0,184.1,70.1,0.36,12,0.244,0
4017,43.6,10551.0,174.1,69.1,0.34,12,0.247,0
4018,40.3,9539.0,174.3,68.0,0.44,12,0.211,0
4019,41.1,11687.0,178.5,66.4,0.45,12,0.212,0
4020,41.5,11434.0,189.0,65.1,0.29,0,0.199,0
4021,41.8,10630.0,181.0,63.7,0.26,12,0.215,0
4022,37.5,9803.0,178.3,62.3,0.1,12,0.176,0
4023,37.0,10259.0,189.3,61.2,0.32,12,0.158,0
4024,38.5,9403.0,178.3,60.2,0.25,12,0.187,0
4025,38.3,11348.0,193.4,59.6,0.41,12,0.164,0
4026,39.0,9573.0,176.9,59.2,0.34,12,0.193,0
4027,42.2,10905.0,173.9,59.7,0.35,12,0.231,0
4028,40.1,10123.0,179.0,60.1,0.46,12,0.201,0
4029,41.0,9724.0,178.5,60.9,0.43,0,0.21,0
4030,37.4,10898.0,175.2,62.0,0.38,0,0.18,0
4031,39.2,10507.0,195.6,63.6,0.56,12,0.17,0
4032,41.8,11336.0,181.9,65.3,0.47,12,0.213,0
4033,41.7,9871.0,182.8,66.9,0.36,12,0.211,0
4034,38.4,10238.0,177.2,68.4,0.37,0,0.187,0
4035,40.5,9105.0,176.5,69.7,0.49,12,0.209,0
4036,45.6,9257.0,186.2,70.7,0.44,12,0.246,0
4037,40.0,12054.0,169.9,71.5,0.31,12,0.215,0
4038,38.2,12263.0,173.1,71.6,0.52,0,0.191,0
4039,39.5,10879.0,178.5,71.3,0.56,12,0.195,0
4040,40.1,10247.0,188.1,70.8,0.56,12,0.187,0
4041,39.4,10624.0,177.8,69.9,0.6,12,0.196,0
4042,39.7,11454.0,182.5,68.7,0.65,12,0.191,0
4043,36.1,10492.0,180.2,67.4,0.62,12,0.161,0
4044,37.2,11028.0,187.8,65.8,0.49,0,0.162,0
4045,39.2,10862.0,170.5,64.3,0.44,12,0.206,0
4046,39.1,10482.0,184.4,62.9,0.28,0,0.184,0
4047,38.1,10522.0,178.8,61.7,0.47,0,0.181,0
4048,39.0,11105.0,185.5,60.9,0.53,12,0.181,0
4049,39.5,10226.0,175.1,60.3,0.48,0,0.202,0
4050,41.6,11236.0,180.1,60.1,0.29,0,0.214,0
4051,39.0,10599.0,179.4,60.4,0.46,12,0.19,0
4052,40.2,11028.0,174.0,61.1,0.56,12,0.211,0
4053,37.8,11918.0,172.3,62.1,0.39,0,0.189,0
4054,40.6,10841.0,176.5,63.5,0.52,0,0.21,0
4055,40.0,11613.0,180.8,64.7,0.55,0,0.198,0
4056,41.2,9724.0,175.5,66.0,0.62,12,0.218,0
4057,40.8,10660.0,178.0,67.7,0.68,0,0.21,0
4058,40.4,11018.0,168.7,69.2,0.48,12,0.222,0
4059,38.7,12355.0,177.8,70.4,0.54,12,0.189,0
4060,39.5,9647.0,186.1,71.5,0.55,12,0.184,0
4061,41.5,10962.0,184.2,72.3,0.59,12,0.207,0
4062,37.2,12059.0,179.5,72.7,0.59,12,0.172,0
4063,37.2,10500.0,181.5,72.6,0.68,12,0.169,0
4064,39.1,10911.0,175.0,71.9,0.31,12,0.198,0
4065,39.7,11302.0,189.7,70.8,0.59,12,0.181,0
4066,36.6,11210.0,192.4,69.3,0.6,12,0.151,0
4067,38.4,12187.0,181.0,67.9,0.53,12,0.181,0
4068,38.3,11415.0,195.5,66.5,0.33,12,0.162,0
4069,32.9,12041.0,175.9,65.1,0.55,12,0.139,0
4070,37.9,10870.0,172.5,63.7,0.49,0,0.189,0
4071,38.0,10614.0,175.7,62.5,0.73,12,0.185,0
4072,38.0,10985.0,178.7,61.5,0.61,0,0.181,0
4073,41.9,10342.0,193.9,60.8,0.49,12,0.196,0
4074,35.3,11503.0,178.3,60.5,0.37,12,0.156,0
4075,36.2,10905.0,174.8,60.6,0.64,0,0.169,0
4076,31.7,10715.0,174.6,61.4,0.65,12,0.13,0
4077,37.0,11545.0,186.8,62.2,0.56,0,0.161,1
4078,37.2,10406.0,186.0,63.4,0.65,12,0.163,0
4079,36.8,11757.0,177.1,64.7,0.56,0,0.172,0
4080,40.8,10893.0,168.7,66.2,0.7,12,0.226,0
4081,40.2,12050.0,173.2,67.8,0.7,0,0.211,0
4082,38.2,10975.0,190.3,69.2,0.44,12,0.167,0
4083,37.0,11703.0,184.1,70.3,0.46,12,0.165,0
4084,40.5,11397.0,180.4,71.3,0.81,12,0.203,0
4085,37.9,11803.0,191.2,71.8,0.7,0,0.163,1
4086,35.8,11370.0,191.7,72.0,0.49,12,0.146,0
4087,33.5,10139.0,179.8,72.0,0.46,12,0.14,0
4088,36.7,12021.0,179.9,71.5,0.64,12,0.167,0
4089,39.7,11264.0,176.5,70.6,0.5,12,0.2,0
4090,43.4,11889.0,178.3,69.3,0.59,0,0.237,1
4091,37.9,11831.0,171.1,67.7,0.62,12,0.191,0
4092,35.8,10817.0,171.1,66.2,0.62,12,0.17,0
4093,34.7,10729.0,169.7,64.9,0.74,0,0.162,0
4094,39.0,11839.0,186.5,63.4,0.81,12,0.18,0
4095,33.2,11180.0,170.6,62.2,0.58,12,0.147,0
4096,39.0,12058.0,191.7,61.2,0.52,12,0.172,0
4097,39.6,11289.0,175.6,60.3,0.67,12,0.201,0
4098,38.6,12142.0,190.4,60.0,0.8,0,0.171,1
4099,37.0,11733.0,177.8,60.5,0.6,0,0.172,0
4100,38.9,11649.0,170.6,61.1,0.72,0,0.202,0
4101,37.9,11197.0,187.7,62.3,0.56,0,0.168,0
4102,35.5,11633.0,188.4,63.5,0.64,12,0.147,0
4103,42.0,12316.0,174.6,64.6,0.53,12,0.229,0
4104,36.5,11454.0,178.0,66.1,0.64,12,0.168,0
4105,39.3,11875.0,174.6,67.7,0.63,12,0.2,0
4106,31.3,11547.0,179.3,69.1,0.71,12,0.122,0
4107,40.5,11613.0,180.6,70.4,0.82,0,0.203,1
4108,41.0,12744.0,177.9,71.3,0.61,12,0.212,0
4109,37.4,12390.0,169.1,72.0,0.45,12,0.189,0
4110,38.7,11616.0,176.5,72.1,0.63,0,0.191,0
4111,38.7,11722.0,184.2,72.0,0.68,12,0.179,0
4112,35.6,11092.0,178.7,71.4,0.67,12,0.159,0
4113,38.6,11473.0,178.0,70.4,0.63,12,0.187,0
4114,35.2,11822.0,174.4,69.0,0.8,0,0.16,1
4115,35.7,12213.0,176.3,67.5,0.66,12,0.162,0
4116,40.0,12153.0,188.5,66.2,0.64,12,0.186,0
4117,39.6,10863.0,173.2,64.8,0.57,12,0.205,0
4118,35.4,12335.0,184.3,63.5,0.48,12,0.15,0
4119,35.3,11601.0,180.3,62.1,0.68,12,0.154,0
4120,35.5,10983.0,181.5,61.0,0.67,12,0.155,0
4121,38.9,12621.0,175.6,60.5,0.54,12,0.195,0
4122,34.6,12722.0,177.9,60.4,0.64,0,0.151,1
4123,38.0,11893.0,180.0,60.7,0.63,12,0.179,0
4124,38.9,12217.0,176.9,61.2,0.58,12,0.193,0
4125,36.8,12269.0,182.0,62.0,0.57,12,0.166,0
4126,39.6,12720.0,182.7,63.3,0.69,12,0.19,0
4127,36.3,12265.0,193.0,64.9,0.62,12,0.148,0
4128,36.5,10837.0,181.7,66.4,0.58,12,0.163,0
4129,34.6,13185.0,168.5,67.9,0.56,12,0.163,0
4130,39.6,12536.0,187.0,69.5,0.63,12,0.184,0
4131,35.1,11445.0,178.8,70.6,0.73,12,0.154,0
4132,37.9,11092.0,192.1,71.8,0.66,12,0.163,0
4133,36.8,12178.0,188.8,72.4,0.61,12,0.157,0
4134,34.4,11641.0,177.0,72.5,0.67,12,0.15,1
4135,35.5,12079.0,184.3,72.3,0.77,0,0.151,1
4136,40.5,12380.0,176.4,71.7,0.68,12,0.209,0
4137,37.5,11474.0,180.0,70.9,0.66,0,0.174,1
4138,34.5,11101.0,184.1,69.7,0.69,12,0.143,0
4139,37.8,12164.0,186.7,68.4,0.61,0,0.168,1
4140,36.6,11532.0,185.4,66.9,0.64,12,0.16,0
4141,45.6,12020.0,180.4,65.3,0.57,12,0.257,0
4142,37.7,10989.0,194.9,63.8,0.47,12,0.158,0
4143,36.1,11764.0,177.8,62.5,0.65,12,0.164,0
4144,40.6,12453.0,170.4,61.8,0.65,12,0.22,0
4145,32.4,12388.0,171.5,61.3,0.59,12,0.139,0
4146,37.2,11424.0,188.8,61.1,0.72,0,0.161,1
4147,42.0,11169.0,179.5,61.2,0.54,0,0.219,0
4148,36.7,12010.0,181.0,61.9,0.43,12,0.166,0
4149,32.7,12403.0,176.7,62.9,0.53,0,0.136,0
4150,36.0,12306.0,177.3,64.1,0.45,12,0.164,0
4151,40.7,11675.0,175.3,65.8,0.63,12,0.213,0
4152,38.0,12254.0,182.8,67.3,0.52,12,0.175,0
4153,35.0,13109.0,179.4,68.8,0.69,12,0.152,0
4154,35.3,12212.0,182.6,70.2,0.69,0,0.152,0
4155,35.7,10937.0,182.0,71.3,0.49,0,0.155,0
4156,38.0,12234.0,177.4,72.3,0.5,0,0.182,0
4157,40.4,13534.0,171.2,72.8,0.63,12,0.217,0
4158,39.7,11214.0,170.7,72.9,0.67,12,0.211,0
4159,38.2,12147.0,198.2,72.6,0.37,0,0.159,0
4160,33.8,11980.0,188.9,72.0,0.6,12,0.132,0
4161,33.8,12217.0,188.0,70.9,0.35,0,0.133,0
4162,38.5,12297.0,176.0,69.7,0.51,12,0.19,0
4163,33.8,12971.0,180.1,68.2,0.67,0,0.142,1
4164,36.6,12244.0,175.1,66.7,0.86,0,0.173,1
4165,38.0,13090.0,172.1,65.4,0.53,12,0.19,0
4166,34.4,12125.0,176.5,63.9,0.42,12,0.15,0
4167,34.7,11974.0,188.0,62.8,0.49,12,0.14,0
4168,37.0,11762.0,185.0,61.9,0.55,12,0.163,0
4169,38.5,10970.0,174.2,61.3,0.47,0,0.193,0
4170,39.9,12447.0,178.1,61.1,0.44,12,0.201,0
4171,38.8,13703.0,184.5,61.3,0.49,12,0.18,0
4172,37.5,12598.0,176.6,62.0,0.56,12,0.179,0
4173,35.5,12769.0,180.5,62.8,0.5,12,0.155,0
4174,34.7,12011.0,182.4,64.0,0.43,12,0.146,0
4175,36.1,12141.0,182.3,65.5,0.45,0,0.159,1
4176,38.4,13012.0,181.5,66.8,0.47,0,0.181,0
4177,38.3,13741.0,176.1,68.5,0.4,0,0.187,0
4178,32.2,13388.0,176.7,70.2,0.43,12,0.132,0
4179,35.5,12921.0,173.2,71.5,0.56,12,0.165,0
4180,40.5,12394.0,170.6,72.5,0.47,12,0.219,0
4181,37.7,12527.0,179.3,73.3,0.31,12,0.177,0
4182,34.0,11864.0,184.9,73.3,0.59,12,0.138,0
4183,43.4,11389.0,171.7,73.2,0.52,12,0.25,0
4184,37.5,11626.0,181.6,72.6,0.34,12,0.172,0
4185,38.6,12461.0,184.7,71.9,0.43,12,0.178,0
4186,38.6,12233.0,169.0,70.6,0.39,12,0.202,0
4187,36.7,11420.0,178.4,69.3,0.53,12,0.17,0
4188,35.9,12434.0,189.9,67.7,0.42,0,0.148,0
4189,43.0,12248.0,183.3,66.4,0.44,12,0.224,0
4190,40.3,11662.0,168.8,64.9,0.43,0,0.22,0
4191,39.8,12235.0,184.0,63.8,0.29,12,0.191,0
4192,39.3,12280.0,175.5,62.9,0.58,12,0.198,0
4193,35.3,12085.0,184.1,62.4,0.5,12,0.15,0
4194,41.1,13176.0,175.9,62.2,0.35,12,0.216,0
4195,35.8,11207.0,179.7,62.3,0.44,12,0.159,0
4196,38.6,11160.0,176.8,62.6,0.52,0,0.19,1
4197,33.9,12563.0,180.0,63.7,0.42,0,0.142,0
4198,32.9,12640.0,176.6,64.9,0.57,12,0.138,0
4199,38.8,12866.0,178.7,66.5,0.7,12,0.189,0
4200,36.0,12217.0,172.9,68.1,0.39,12,0.17,0
4201,33.1,11963.0,182.9,69.7,0.34,0,0.133,0
4202,39.5,12612.0,181.1,71.3,0.29,12,0.192,0
4203,43.5,12319.0,170.3,72.2,0.16,12,0.253,0
4204,41.7,13725.0,186.0,73.3,0.51,12,0.206,0
4205,37.6,12423.0,178.9,73.8,0.34,0,0.177,0
4206,38.3,12624.0,181.0,74.2,0.46,12,0.181,0
4207,40.5,14405.0,184.6,74.0,0.48,12,0.197,0
4208,41.2,12546.0,182.0,73.5,0.25,12,0.207,0
4209,37.5,13083.0,187.0,72.5,0.27,0,0.166,0
4210,38.5,13157.0,178.2,71.2,0.53,12,0.187,0
4211,39.2,13227.0,186.2,69.7,0.34,0,0.182,0
4212,39.9,12929.0,180.7,67.9,0.28,0,0.196,0
4213,38.2,12873.0,183.0,66.3,0.24,12,0.177,0
4214,38.3,12818.0,182.4,64.7,0.32,0,0.179,0
4215,42.1,12356.0,187.4,63.2,0.48,0,0.208,0
4216,41.7,12997.0,184.3,62.3,0.39,12,0.209,0
4217,39.9,14200.0,177.3,61.8,0.34,0,0.202,0
4218,43.1,13638.0,176.2,61.6,0.48,12,0.237,0
4219,37.9,13014.0,179.7,61.7,0.45,12,0.178,0
4220,42.9,13411.0,175.4,62.2,0.34,12,0.237,0
4221,40.3,12214.0,173.7,63.1,0.58,0,0.211,0
4222,47.1,12651.0,167.2,64.2,0.28,0,0.306,0
4223,36.0,13508.0,170.7,65.7,0.41,12,0.173,0
4224,37.3,13896.0,191.9,67.1,0.25,12,0.158,0
4225,40.1,12325.0,176.1,68.7,0.38,12,0.206,0
4226,40.1,12537.0,191.4,70.1,0.26,0,0.183,0
4227,44.1,14413.0,182.4,71.4,0.33,12,0.236,0
4228,37.6,12964.0,179.7,72.4,0.51,12,0.175,0
4229,41.6,14183.0,171.0,73.1,0.37,12,0.23,0
4230,42.2,13062.0,180.0,73.4,0.31,12,0.221,0
4231,41.2,13100.0,191.4,72.9,0.19,12,0.193,0
4232,37.0,12724.0,189.3,72.2,0.28,12,0.158,0
4233,43.0,13608.0,181.6,71.4,0.15,12,0.226,0
4234,42.6,13909.0,173.1,70.2,0.34,0,0.238,0
4235,41.1,12244.0,174.3,69.0,0.33,12,0.219,0
4236,40.2,12732.0,174.9,67.7,0.23,12,0.208,0
4237,40.3,13629.0,187.7,66.2,0.41,0,0.19,0
4238,39.6,12908.0,189.8,64.7,0.39,12,0.18,0
4239,41.4,12664.0,181.2,63.3,0.25,0,0.211,0
4240,39.9,13726.0,178.2,62.3,0.29,0,0.201,0
4241,37.8,13801.0,189.3,61.7,0.17,12,0.165,0
4242,37.3,12724.0,174.1,61.4,0.2,12,0.181,0
4243,38.1,13197.0,180.3,61.5,0.11,12,0.18,0
4244,40.6,12213.0,182.8,62.1,0.17,12,0.2,0
4245,40.1,12442.0,174.8,63.3,0.2,12,0.207,0
4246,40.7,13165.0,176.2,64.6,0.04,12,0.212,0
4247,41.5,13110.0,175.7,66.0,0.27,12,0.221,0
4248,38.7,12421.0,188.5,67.7,0.31,12,0.174,0
4249,44.0,12606.0,191.5,69.3,0.2,12,0.22,0
4250,39.7,12372.0,180.7,70.8,0.0,12,0.195,0
4251,39.4,13445.0,178.4,72.0,0.17,12,0.195,0
4252,41.7,11759.0,176.4,72.9,0.05,12,0.222,0
4253,36.0,12438.0,180.0,73.6,0.13,0,0.161,0
4254,38.7,11852.0,176.7,73.8,0.33,0,0.19,0
4255,43.2,13458.0,179.4,73.5,0.0,0,0.232,0
4256,36.4,11913.0,182.5,72.8,0.1,12,0.161,0
4257,43.6,13206.0,177.6,71.9,0.26,12,0.24,0
4258,44.7,14341.0,178.9,70.7,0.11,12,0.249,0
4259,40.0,14374.0,178.9,69.2,0.1,12,0.2,0
4260,41.7,11948.0,178.1,67.6,0.38,0,0.219,0
4261,43.9,13430.0,177.4,66.1,0.21,12,0.243,0
4262,40.0,12538.0,184.6,64.8,0.26,12,0.191,0
4263,43.4,12404.0,169.4,63.3,0.22,12,0.254,0
4264,39.6,13169.0,189.4,62.6,0.18,0,0.181,0
4265,40.1,14117.0,180.8,61.9,0.29,12,0.198,0
4266,39.4,13686.0,183.7,61.7,0.35,0,0.187,0
4267,42.3,12775.0,184.4,62.1,0.0,0,0.214,0
4268,44.4,13778.0,175.8,62.9,0.16,0,0.253,0
4269,41.1,11723.0,174.5,64.0,0.16,12,0.219,0
4270,38.4,12775.0,173.8,65.2,0.12,0,0.192,0
4271,39.0,12734.0,178.5,66.5,0.26,0,0.191,0
4272,42.7,13375.0,184.2,67.8,0.18,0,0.219,0
4273,46.4,13187.0,176.5,69.5,0.35,0,0.275,0
4274,42.9,13238.0,183.6,71.1,0.26,12,0.221,0
4275,41.0,13224.0,165.8,72.2,0.29,0,0.234,0
4276,43.9,13370.0,177.7,73.2,0.03,12,0.243,0
4277,41.5,13741.0,187.0,73.7,0.07,0,0.202,0
4278,41.2,13476.0,179.0,73.8,0.08,0,0.212,0
4279,39.8,13181.0,175.0,73.7,0.28,0,0.204,0
4280,45.8,13670.0,176.1,73.2,0.05,12,0.268,0
4281,36.0,13975.0,161.8,72.2,0.06,0,0.187,0
4282,44.4,13016.0,173.9,71.3,0.04,0,0.256,0
4283,41.3,13372.0,186.3,69.6,0.43,12,0.201,0
4284,41.5,14235.0,176.5,68.2,0.14,12,0.219,0
4285,46.8,12658.0,177.2,66.5,0.2,0,0.278,0
4286,40.9,14701.0,166.0,65.0,0.04,0,0.232,0
4287,41.0,12508.0,170.2,63.8,0.25,12,0.226,0
4288,42.5,13212.0,187.1,62.9,0.0,12,0.212,0
4289,43.9,12797.0,183.7,62.3,0.05,12,0.232,0
4290,41.8,15001.0,172.2,62.1,0.08,12,0.231,0
4291,39.1,13125.0,176.2,62.2,0.17,12,0.195,0
4292,40.9,13135.0,179.8,62.7,0.07,12,0.208,0
4293,46.3,13234.0,172.8,63.7,0.31,0,0.282,0
4294,43.4,13568.0,168.0,65.0,0.2,0,0.257,0
4295,44.4,13279.0,179.0,66.5,0.09,12,0.246,0
4296,42.7,13423.0,183.4,68.1,0.26,0,0.22,0
4297,41.8,11053.0,183.6,69.6,0.12,12,0.21,0
4298,47.7,13571.0,185.3,71.2,0.1,12,0.271,0
4299,43.1,13551.0,170.7,72.5,0.25,0,0.248,0
4300,42.5,14273.0,180.3,73.7,0.0,12,0.223,0
4301,46.4,14470.0,178.4,74.3,0.24,12,0.271,0
4302,41.9,13429.0,179.5,74.7,0.09,0,0.219,0
4303,42.3,14139.0,178.7,74.4,0.09,12,0.224,0
4304,43.9,12804.0,176.0,73.8,0.36,12,0.247,0
4305,44.0,14119.0,161.9,73.0,0.12,12,0.278,0
4306,44.7,13189.0,187.0,71.8,0.27,12,0.235,0
4307,49.3,12767.0,182.0,70.4,0.2,12,0.297,0
4308,45.0,13474.0,171.1,68.7,0.21,12,0.27,0
4309,38.3,14591.0,182.8,67.1,0.15,12,0.178,0
4310,45.1,13744.0,177.3,65.6,0.15,12,0.258,0
4311,44.5,14672.0,177.5,64.5,0.33,12,0.25,0
4312,44.6,13107.0,175.4,63.7,0.28,0,0.255,0
4313,45.1,14371.0,183.2,63.0,0.14,12,0.246,0
4314,44.5,13188.0,175.2,62.7,0.08,0,0.255,0
4315,44.5,13809.0,173.4,62.8,0.13,0,0.259,0
4316,46.3,13809.0,186.8,63.3,0.29,12,0.252,0
4317,43.4,14127.0,178.9,64.2,0.31,12,0.236,0
4318,42.5,13846.0,179.1,65.6,0.25,12,0.225,0
4319,52.5,13159.0,184.2,66.9,0.04,0,0.331,0
