p_psia,t_f,meg_wt_pct,hydrate_event
3186.0,60.1,9.8,0
1980.0,41.5,0.0,1
3491.0,66.3,0.0,1
2911.0,43.6,17.6,1
739.0,38.4,0.0,1
3912.0,62.4,0.0,1
3140.0,71.0,0.0,0
3230.0,82.0,19.9,0
861.0,78.1,8.5,0
2021.0,82.1,0.0,0
1735.0,76.8,31.7,0
3736.0,73.7,0.0,0
2718.0,35.6,21.0,1
3362.0,69.4,0.0,0
1996.0,41.6,0.0,1
1218.0,38.2,0.0,1
2397.0,43.6,37.2,0
630.0,80.3,19.0,0
3379.0,75.9,27.8,0
2674.0,87.2,0.0,0
3129.0,88.8,0.0,0
1676.0,84.1,0.0,0
3895.0,42.3,0.0,1
3615.0,83.3,0.0,0
3202.0,81.1,34.7,0
1101.0,82.9,37.6,0
2080.0,43.3,25.6,1
558.0,41.4,0.0,1
955.0,85.8,0.0,0
2859.0,44.6,28.3,1
3081.0,55.3,0.0,1
3883.0,60.1,39.1,0
1573.0,41.8,13.0,1
1734.0,36.1,0.0,1
2090.0,89.7,0.0,0
1082.0,83.2,5.0,0
868.0,85.2,24.0,0
2113.0,50.7,27.0,0
1217.0,47.1,35.4,0
2811.0,58.4,23.9,0
1974.0,59.9,0.0,1
3398.0,35.3,37.4,1
2921.0,77.9,24.8,0
1525.0,89.8,0.0,0
3396.0,64.1,0.0,0
3297.0,56.4,9.2,1
1795.0,56.6,8.4,0
1438.0,40.3,0.0,1
2857.0,49.6,26.9,0
903.0,62.6,22.9,0
1120.0,58.8,37.5,0
427.0,65.0,0.0,0
3233.0,81.7,0.0,0
2793.0,47.4,0.0,1
2939.0,36.5,9.1,1
3211.0,37.1,11.5,1
2052.0,42.4,0.0,1
2447.0,66.4,20.3,0
903.0,79.5,0.0,0
812.0,83.8,33.7,0
2806.0,69.9,0.0,0
2096.0,57.2,5.3,1
2435.0,43.5,35.3,0
3154.0,57.1,18.9,0
2685.0,53.3,0.0,1
2393.0,82.9,0.0,0
2413.0,61.8,0.0,1
1494.0,47.4,23.0,0
511.0,50.9,0.0,1
1972.0,42.5,14.2,1
1173.0,85.5,30.0,0
1871.0,37.8,0.0,1
3472.0,35.7,0.0,1
1242.0,45.1,0.0,1
610.0,79.6,20.8,0
1413.0,63.8,33.3,0
1457.0,69.4,0.0,0
2783.0,54.7,22.0,0
2405.0,38.8,0.0,1
3222.0,82.1,0.0,0
2792.0,45.6,36.2,0
1863.0,36.8,26.0,1
3330.0,66.5,0.0,1
1001.0,39.6,29.0,1
482.0,40.3,38.6,0
724.0,79.0,10.7,0
3000.0,62.0,12.9,0
2063.0,48.3,0.0,1
981.0,54.2,0.0,1
2204.0,75.1,18.0,0
948.0,38.6,31.4,0
2907.0,41.4,0.0,1
2006.0,68.9,0.0,0
1772.0,68.4,0.0,0
1485.0,88.5,0.0,0
2669.0,55.6,0.0,1
1703.0,38.6,0.0,1
716.0,64.6,0.0,0
825.0,70.1,32.4,0
3863.0,42.7,19.7,1
3671.0,65.4,0.0,1
2919.0,45.9,0.0,1
1357.0,81.5,0.0,0
3889.0,80.9,18.3,0
3204.0,58.6,12.3,0
2981.0,88.2,27.8,0
2018.0,88.9,8.9,0
1380.0,42.1,0.0,1
747.0,55.2,0.0,0
3649.0,68.0,0.0,1
2041.0,39.7,0.0,1
1129.0,56.0,0.0,1
1501.0,49.4,28.8,0
2485.0,87.4,0.0,0
1036.0,57.6,13.1,0
3484.0,76.9,0.0,0
3131.0,56.3,0.0,1
2990.0,42.2,9.8,1
1956.0,82.5,0.0,0
2658.0,35.0,0.0,1
2503.0,38.1,0.0,1
2739.0,55.0,16.1,1
704.0,72.8,0.0,0
1897.0,53.8,12.6,0
550.0,38.6,22.6,0
2178.0,52.5,22.9,0
1588.0,48.5,0.0,1
920.0,35.3,14.1,1
772.0,64.4,0.0,0
2516.0,41.4,23.8,1
1014.0,50.8,24.7,0
3730.0,70.3,0.0,1
2492.0,74.9,0.0,0
1649.0,49.5,17.5,1
2527.0,53.1,38.8,0
482.0,48.6,11.1,0
3851.0,87.6,0.0,0
2136.0,45.5,39.7,0
3218.0,45.1,21.8,1
698.0,59.5,16.1,0
2152.0,45.4,0.0,1
2167.0,43.6,22.4,1
3776.0,40.3,38.5,1
2458.0,70.2,0.0,0
2105.0,68.7,0.0,0
1361.0,70.8,0.0,0
1594.0,77.5,0.0,0
2274.0,52.9,34.7,0
1980.0,85.5,0.0,0
478.0,75.3,35.3,0
3375.0,79.3,0.0,0
3626.0,74.7,10.0,0
905.0,54.7,6.8,0
2395.0,50.6,16.9,1
791.0,58.2,22.3,0
2820.0,40.3,0.0,1
1412.0,59.8,31.0,0
2774.0,37.4,30.3,1
3017.0,35.2,0.0,1
3167.0,86.2,19.0,0
788.0,72.9,0.0,0
3698.0,65.9,30.9,0
1229.0,53.8,0.0,1
535.0,66.4,32.1,0
2397.0,84.0,0.0,0
1735.0,70.9,0.0,0
3387.0,68.1,0.0,0
3310.0,60.3,30.1,0
1542.0,54.0,0.0,1
3830.0,73.4,32.8,0
1447.0,89.0,30.8,0
2254.0,58.4,31.3,0
1321.0,56.6,0.0,1
3770.0,58.5,37.0,0
993.0,58.4,18.3,0
562.0,89.5,0.0,0
1966.0,73.9,0.0,0
3973.0,54.8,20.6,1
3610.0,55.4,0.0,1
3095.0,58.7,0.0,1
3607.0,37.0,0.0,1
3616.0,64.0,15.6,0
2268.0,79.6,22.7,0
1537.0,71.3,34.1,0
3179.0,45.9,27.3,1
2782.0,75.0,0.0,0
1745.0,74.6,0.0,0
740.0,49.4,0.0,1
3088.0,69.3,0.0,0
1345.0,68.6,0.0,0
3773.0,81.2,37.6,0
1267.0,42.5,0.0,1
842.0,45.7,0.0,1
3392.0,61.7,0.0,1
952.0,37.4,0.0,1
1045.0,57.9,0.0,0
2558.0,78.4,0.0,0
3548.0,43.2,0.0,1
1107.0,60.3,34.3,0
1517.0,89.4,8.6,0
3199.0,62.8,33.8,0
3899.0,62.4,15.7,0
2203.0,65.7,15.8,0
918.0,45.2,8.5,1
450.0,43.1,5.5,1
1227.0,72.3,17.4,0
875.0,56.8,0.0,0
2840.0,50.9,0.0,1
839.0,36.7,0.0,1
2223.0,81.5,0.0,0
2899.0,36.8,10.6,1
2492.0,76.2,0.0,0
1119.0,56.0,12.2,0
3295.0,67.9,13.1,0
2975.0,48.6,0.0,1
3060.0,43.5,0.0,1
872.0,64.3,0.0,0
846.0,73.3,0.0,0
3739.0,45.8,18.3,1
1831.0,59.0,13.3,0
1483.0,59.5,28.5,0
2159.0,46.9,32.3,0
2786.0,66.1,10.0,0
3840.0,43.0,36.4,1
1431.0,63.0,0.0,0
3729.0,41.2,0.0,1
489.0,61.7,0.0,0
2399.0,52.1,17.6,1
2682.0,59.9,5.5,1
781.0,58.9,30.1,0
905.0,84.9,7.8,0
1909.0,61.9,16.8,0
3878.0,80.0,0.0,0
2546.0,47.4,0.0,1
3759.0,54.4,27.4,0
3296.0,39.1,29.3,1
2083.0,58.1,27.8,0
3225.0,71.8,0.0,0
464.0,81.1,17.2,0
793.0,66.1,6.0,0
3386.0,70.2,20.5,0
3269.0,44.7,0.0,1
1238.0,37.0,21.4,1
2311.0,78.5,21.2,0
2582.0,44.2,11.3,1
3524.0,40.0,32.4,1
2571.0,86.6,29.6,0
1885.0,88.0,24.6,0
1747.0,68.9,37.4,0
1933.0,55.8,0.0,1
2747.0,80.8,0.0,0
3523.0,46.3,0.0,1
2034.0,58.6,24.1,0
1292.0,54.6,0.0,1
1252.0,85.2,0.0,0
3086.0,85.6,15.7,0
3340.0,70.8,22.2,0
779.0,41.1,0.0,1
640.0,61.5,0.0,0
2540.0,48.5,30.8,1
926.0,83.7,0.0,0
3369.0,42.6,0.0,1
1517.0,38.0,0.0,1
918.0,73.7,0.0,0
3715.0,59.9,20.7,0
996.0,81.1,0.0,0
1425.0,39.1,18.2,1
953.0,79.1,0.0,0
816.0,37.1,0.0,1
476.0,36.5,0.0,1
599.0,60.4,7.7,0
1029.0,47.2,0.0,1
592.0,67.7,0.0,0
2528.0,36.4,0.0,1
2851.0,36.9,13.3,1
1817.0,75.0,0.0,0
1545.0,46.6,16.3,1
2216.0,71.1,30.1,0
3550.0,76.2,11.2,0
3464.0,38.3,14.2,1
557.0,77.3,0.0,0
1053.0,49.8,16.6,0
1252.0,56.4,37.9,0
1298.0,39.8,0.0,1
2456.0,81.1,32.2,0
1899.0,65.8,0.0,0
577.0,62.8,20.7,0
1745.0,88.3,33.8,0
2286.0,53.4,5.9,1
766.0,84.0,0.0,0
3400.0,74.6,22.0,0
587.0,86.1,17.3,0
3729.0,84.9,0.0,0
757.0,89.5,16.9,0
3437.0,42.2,39.2,1
3650.0,78.8,37.8,0
3926.0,79.2,14.4,0
3287.0,70.4,0.0,0
3206.0,50.3,0.0,1
2713.0,88.1,0.0,0
3204.0,46.2,0.0,1
884.0,62.5,0.0,0
2330.0,63.7,12.2,0
2251.0,43.9,0.0,1
3487.0,74.7,31.1,0
2066.0,39.9,0.0,1
1786.0,73.1,0.0,0
2702.0,81.7,14.5,0
1359.0,54.2,19.5,0
903.0,74.0,0.0,0
2120.0,43.6,14.7,1
1901.0,81.5,0.0,0
1237.0,87.4,0.0,0
1723.0,43.4,0.0,1
1719.0,73.1,6.5,0
1579.0,62.8,0.0,0
1766.0,64.2,5.8,0
2869.0,73.9,39.0,0
1469.0,61.9,0.0,0
3816.0,68.0,5.2,0
3699.0,47.7,0.0,1
2131.0,55.8,0.0,1
1582.0,82.6,0.0,0
2328.0,41.0,0.0,1
3455.0,67.9,0.0,0
2749.0,45.1,0.0,1
3296.0,81.6,19.2,0
2318.0,66.8,0.0,0
2679.0,57.2,0.0,1
1437.0,48.7,16.6,0
3046.0,59.0,0.0,1
1129.0,87.7,32.3,0
2901.0,63.0,17.2,0
3499.0,60.8,0.0,1
876.0,76.0,0.0,0
2612.0,55.8,0.0,1
742.0,58.5,0.0,0
3013.0,53.5,29.3,0
704.0,43.3,33.3,0
3769.0,74.3,22.0,0
895.0,83.0,0.0,0
3852.0,84.8,31.1,0
3283.0,83.4,0.0,0
2537.0,59.8,26.0,0
3217.0,50.6,30.7,0
3262.0,70.1,0.0,0
3806.0,87.5,0.0,0
1312.0,75.0,0.0,0
2524.0,62.2,9.1,0
742.0,72.9,0.0,0
2618.0,77.5,19.2,0
1017.0,85.6,32.2,0
2434.0,77.0,0.0,0
2461.0,58.8,20.7,0
2078.0,50.0,0.0,1
2281.0,62.5,0.0,1
3150.0,53.0,5.7,1
3277.0,86.9,0.0,0
2172.0,62.9,9.1,0
2559.0,61.0,9.2,0
3752.0,54.2,0.0,1
831.0,70.2,26.2,0
822.0,63.6,0.0,0
716.0,42.1,25.8,0
2768.0,82.8,10.1,0
1907.0,54.7,18.2,0
3188.0,58.8,39.6,0
2816.0,46.3,0.0,1
1601.0,65.4,6.2,0
3634.0,73.6,0.0,0
3145.0,83.5,28.5,0
1374.0,37.8,0.0,1
1711.0,88.5,0.0,0
1532.0,73.7,0.0,0
967.0,50.6,0.0,1
932.0,46.2,0.0,1
3770.0,51.3,0.0,1
1976.0,83.2,21.0,0
1780.0,51.0,37.5,0
3027.0,60.5,0.0,1
2391.0,73.8,9.9,0
3770.0,83.0,0.0,0
3209.0,71.2,15.9,0
2126.0,76.4,0.0,0
1755.0,44.5,26.1,0
3952.0,83.3,0.0,0
2984.0,50.2,0.0,1
3824.0,42.1,15.8,1
827.0,88.7,33.1,0
3462.0,46.1,34.1,1
2693.0,42.5,0.0,1
839.0,69.4,13.1,0
2518.0,52.5,12.5,1
2870.0,42.3,0.0,1
444.0,68.1,0.0,0
2036.0,76.7,0.0,0
3371.0,78.6,0.0,0
1463.0,43.6,0.0,1
2051.0,65.6,0.0,0
1992.0,79.8,20.4,0
1487.0,43.9,31.1,0
3706.0,46.4,19.9,1
3213.0,35.1,8.6,1
798.0,63.9,0.0,0
3989.0,45.7,12.3,1
3565.0,74.8,30.3,0
1422.0,87.9,18.1,0
3413.0,46.5,0.0,1
783.0,70.7,8.6,0
3997.0,46.7,26.8,1
2796.0,36.0,33.1,1
2740.0,76.7,26.9,0
726.0,58.9,39.5,0
3629.0,87.1,5.6,0
504.0,64.4,5.5,0
1267.0,43.7,22.5,1
915.0,59.7,14.3,0
3196.0,46.2,0.0,1
1114.0,83.3,32.8,0
3678.0,73.0,0.0,0
2763.0,53.8,0.0,1
530.0,64.0,0.0,0
420.0,71.8,0.0,0
586.0,78.1,0.0,0
2581.0,39.4,0.0,1
3285.0,36.2,0.0,1
1259.0,41.3,37.8,0
3458.0,56.7,37.8,0
606.0,60.7,23.2,0
3283.0,42.5,0.0,1
3740.0,57.6,0.0,1
3180.0,59.3,25.3,0
2913.0,41.0,0.0,1
3417.0,85.4,25.6,0
545.0,68.0,35.1,0
1126.0,56.4,26.4,0
850.0,62.9,0.0,0
2216.0,52.3,0.0,1
3083.0,82.0,12.6,0
2668.0,66.6,0.0,1
3464.0,62.2,39.9,0
959.0,85.1,12.5,0
3045.0,81.1,0.0,0
1095.0,79.7,0.0,0
1375.0,47.4,0.0,1
2956.0,43.4,0.0,1
3929.0,73.0,22.2,0
2602.0,60.8,7.4,0
596.0,72.6,20.0,0
2619.0,76.8,0.0,0
552.0,51.2,0.0,0
3583.0,50.7,37.6,0
2954.0,62.0,27.2,0
1023.0,50.0,34.5,0
730.0,71.7,36.7,0
1061.0,76.1,37.6,0
3928.0,61.0,0.0,1
2051.0,74.8,0.0,0
3223.0,63.1,34.0,0
2691.0,74.2,0.0,0
2461.0,47.4,14.5,1
922.0,75.6,0.0,0
3806.0,74.3,0.0,0
1485.0,49.7,0.0,1
2481.0,65.6,32.3,0
2919.0,82.0,22.0,0
2737.0,48.7,0.0,1
3786.0,75.5,0.0,0
934.0,87.5,0.0,0
2230.0,82.6,0.0,0
1855.0,57.1,20.5,0
2107.0,68.4,0.0,0
829.0,89.5,0.0,0
883.0,66.3,0.0,0
1401.0,41.3,27.1,1
1497.0,37.5,13.4,1
1940.0,78.5,37.7,0
2600.0,58.3,24.9,0
2685.0,48.6,30.2,0
1883.0,54.1,0.0,1
1872.0,76.7,27.3,0
1183.0,60.6,17.9,0
2518.0,82.8,0.0,0
1541.0,75.4,28.9,0
530.0,88.6,32.9,0
1906.0,83.9,17.2,0
2107.0,49.0,0.0,1
1212.0,71.2,0.0,0
2461.0,36.1,24.7,1
2437.0,89.5,0.0,0
2927.0,49.4,0.0,1
2733.0,71.6,0.0,0
2749.0,81.7,0.0,0
1538.0,43.8,37.0,0
3235.0,81.6,16.5,0
2377.0,35.7,29.4,1
1953.0,59.3,0.0,1
2654.0,61.0,0.0,1
1698.0,55.6,0.0,1
2246.0,67.3,0.0,0
3052.0,85.3,17.7,0
3591.0,53.0,0.0,1
3716.0,66.9,0.0,0
2213.0,83.3,9.1,0
2273.0,77.5,28.3,0
3280.0,37.2,0.0,1
1532.0,86.9,31.3,0
3415.0,37.6,16.1,1
2179.0,67.4,19.0,0
817.0,66.6,38.6,0
659.0,78.3,0.0,0
3431.0,43.2,0.0,1
600.0,44.9,0.0,1
1410.0,76.4,13.0,0
1603.0,43.2,18.9,1
1023.0,60.8,31.6,0
1530.0,75.2,30.0,0
3074.0,70.8,0.0,0
453.0,46.6,0.0,1
3378.0,51.7,0.0,1
3484.0,88.3,0.0,0
1740.0,59.7,8.1,0
953.0,37.4,37.3,0
2563.0,47.1,0.0,1
831.0,53.8,24.1,0
1714.0,90.0,0.0,0
3850.0,51.6,9.7,1
3984.0,36.5,0.0,1
3180.0,63.2,27.2,0
1519.0,39.6,0.0,1
2876.0,50.1,0.0,1
2939.0,89.6,36.8,0
1796.0,73.8,0.0,0
2707.0,37.8,0.0,1
439.0,59.7,0.0,0
1153.0,44.4,7.4,1
2290.0,41.8,0.0,1
990.0,67.3,33.3,0
997.0,62.8,28.3,0
3411.0,75.9,13.3,0
3961.0,84.1,0.0,0
2401.0,48.6,29.8,0
3421.0,85.8,0.0,0
3965.0,63.5,23.9,0
910.0,49.2,0.0,1
2014.0,81.5,27.4,0
1813.0,37.0,9.4,1
688.0,65.8,0.0,0
3119.0,74.7,0.0,0
1962.0,50.4,0.0,1
2090.0,82.5,28.6,0
942.0,48.2,0.0,1
1051.0,81.2,10.7,0
3666.0,39.3,29.3,1
561.0,43.8,34.7,0
1238.0,56.0,0.0,1
1451.0,82.0,0.0,0
2165.0,43.0,0.0,1
2511.0,83.1,16.1,0
2176.0,47.6,0.0,1
703.0,59.9,0.0,0
1277.0,54.4,0.0,1
3437.0,41.5,15.8,1
2695.0,86.9,5.2,0
2737.0,59.1,0.0,1
2813.0,73.0,0.0,0
3146.0,66.6,0.0,0
609.0,62.6,0.0,0
1720.0,68.9,33.4,0
2342.0,84.4,0.0,0
1618.0,73.5,31.7,0
3440.0,64.3,26.4,0
2137.0,70.5,19.6,0
3167.0,68.4,0.0,0
3467.0,58.8,25.1,0
2217.0,69.4,0.0,0
3674.0,59.4,0.0,1
2514.0,76.7,8.0,0
3461.0,88.3,0.0,0
1626.0,87.8,0.0,0
2196.0,80.1,0.0,0
2313.0,68.1,0.0,0
778.0,76.2,13.1,0
1835.0,44.8,39.9,0
3702.0,61.3,19.7,0
2671.0,49.2,0.0,1
1039.0,35.2,0.0,1
1620.0,88.2,0.0,0
1090.0,82.5,8.3,0
489.0,63.3,5.2,0
3739.0,49.0,16.4,1
2014.0,73.1,15.9,0
1507.0,58.9,20.1,0
2555.0,79.2,0.0,0
426.0,90.0,7.2,0
1401.0,54.2,7.5,0
2931.0,48.4,11.4,1
2682.0,49.7,0.0,1
3935.0,40.1,10.2,1
2633.0,56.7,0.0,1
2119.0,36.0,37.3,1
3141.0,41.3,14.2,1
3652.0,49.9,10.9,1
2995.0,43.8,0.0,1
3868.0,75.3,0.0,0
3215.0,40.8,6.7,1
3520.0,82.6,32.6,0
811.0,47.2,30.0,0
3037.0,41.0,0.0,1
1984.0,35.6,37.8,1
2391.0,74.3,25.4,0
2755.0,49.1,0.0,1
3891.0,63.0,0.0,1
3944.0,41.1,36.1,1
1438.0,89.2,0.0,0
3042.0,41.9,16.4,1
3100.0,57.7,5.3,1
1647.0,81.8,0.0,0
846.0,48.5,0.0,1
547.0,49.7,33.4,0
3198.0,79.5,11.5,0
2163.0,50.0,33.5,0
3948.0,35.2,5.5,1
2074.0,58.5,25.6,0
3921.0,35.7,18.9,1
1882.0,85.0,16.6,0
3257.0,70.3,20.2,0
705.0,67.1,0.0,0
2400.0,46.1,0.0,1
3287.0,73.5,33.2,0
3729.0,72.2,0.0,0
3361.0,38.3,30.8,1
533.0,83.4,29.9,0
1742.0,66.9,0.0,0
575.0,78.6,0.0,0
793.0,49.5,32.6,0
2831.0,41.7,0.0,1
2968.0,73.6,33.3,0
3185.0,78.7,25.4,0
3516.0,56.2,0.0,1
3062.0,36.3,11.3,1
3283.0,80.0,7.5,0
576.0,46.3,0.0,1
1244.0,53.6,0.0,1
2639.0,69.6,0.0,0
3489.0,40.5,18.7,1
416.0,39.0,0.0,1
2253.0,36.4,0.0,1
2838.0,85.4,0.0,0
507.0,52.1,0.0,0
1845.0,71.3,0.0,0
3624.0,89.4,32.4,0
2818.0,71.8,0.0,0
1256.0,63.9,13.1,0
3470.0,63.7,0.0,1
1653.0,55.7,0.0,1
3472.0,68.0,0.0,0
1476.0,87.7,7.4,0
2525.0,78.3,17.5,0
1829.0,58.3,0.0,1
1389.0,53.3,25.2,0
3592.0,83.6,0.0,0
1075.0,42.5,23.9,0
705.0,81.7,28.3,0
1631.0,49.0,0.0,1
2984.0,74.4,0.0,0
3307.0,79.3,0.0,0
3995.0,61.2,35.5,0
1467.0,45.6,0.0,1
1869.0,81.5,24.3,0
893.0,55.2,0.0,0
2470.0,52.6,28.3,0
3991.0,63.1,0.0,1
2923.0,58.9,27.5,0
2543.0,72.6,0.0,0
1813.0,42.5,0.0,1
3695.0,59.0,0.0,1
2189.0,84.0,10.5,0
884.0,37.0,0.0,1
1715.0,60.2,27.4,0
642.0,71.3,37.8,0
1127.0,83.8,0.0,0
464.0,67.7,0.0,0
2032.0,80.3,0.0,0
2684.0,47.2,0.0,1
1636.0,54.4,0.0,1
1913.0,86.8,7.9,0
3853.0,83.7,0.0,0
3107.0,65.7,0.0,0
2347.0,61.2,6.7,0
1424.0,59.8,0.0,0
3629.0,38.2,16.4,1
1246.0,84.1,28.4,0
1571.0,80.0,0.0,0
3673.0,60.1,22.1,0
2306.0,50.4,33.2,0
3072.0,53.9,14.7,0
2527.0,41.8,28.5,1
2752.0,74.7,17.9,0
1478.0,65.6,19.6,0
1269.0,47.9,24.5,0
1561.0,69.3,29.3,0
960.0,88.9,38.1,0
3548.0,41.7,14.4,1
1420.0,60.2,0.0,0
2421.0,62.2,20.0,0
3251.0,44.2,0.0,1
3222.0,64.2,0.0,1
1978.0,68.3,0.0,0
2115.0,43.7,0.0,1
3981.0,43.5,22.3,1
2829.0,82.1,0.0,0
3333.0,52.1,6.4,1
3649.0,69.7,23.8,0
3235.0,69.5,0.0,0
1067.0,81.2,0.0,0
2424.0,75.7,22.5,0
767.0,81.2,10.5,0
2751.0,69.4,0.0,0
3839.0,59.7,0.0,1
2246.0,56.6,0.0,1
1959.0,55.8,0.0,1
529.0,58.0,0.0,0
3855.0,42.1,34.4,1
771.0,58.3,0.0,0
548.0,56.4,0.0,0
1286.0,36.9,29.7,1
636.0,50.1,12.9,0
2038.0,76.4,0.0,0
2258.0,66.8,28.2,0
1525.0,79.3,36.4,0
583.0,64.8,0.0,0
802.0,82.0,0.0,0
1784.0,78.8,37.3,0
618.0,40.4,37.3,0
2913.0,88.7,5.2,0
1145.0,35.8,0.0,1
1487.0,67.8,29.2,0
1819.0,78.6,0.0,0
1900.0,53.3,7.1,1
406.0,67.9,31.7,0
803.0,54.9,0.0,1
3506.0,38.3,0.0,1
404.0,35.5,38.2,0
2229.0,40.2,20.4,1
2162.0,40.4,0.0,1
1599.0,68.6,19.3,0
1953.0,63.9,0.0,0
3210.0,60.1,0.0,1
3428.0,73.1,0.0,0
1337.0,35.9,16.8,1
1561.0,49.9,0.0,1
1273.0,77.8,37.2,0
2128.0,85.0,0.0,0
2860.0,59.1,8.4,1
1222.0,39.5,27.5,1
1591.0,78.9,0.0,0
3749.0,83.7,0.0,0
575.0,57.8,0.0,0
2059.0,48.4,0.0,1
2962.0,37.4,23.4,1
942.0,67.5,5.6,0
571.0,85.0,0.0,0
898.0,72.3,15.5,0
3708.0,52.4,0.0,1
433.0,70.4,0.0,0
1078.0,80.8,0.0,0
513.0,61.2,0.0,0
798.0,80.1,28.9,0
2633.0,56.6,0.0,1
1270.0,54.2,21.6,0
2449.0,67.1,0.0,0
2525.0,60.6,13.3,0
3458.0,88.7,0.0,0
417.0,63.4,0.0,0
3472.0,56.2,0.0,1
2629.0,56.7,0.0,1
986.0,65.1,0.0,0
3183.0,54.5,0.0,1
3480.0,74.8,16.2,0
1315.0,55.9,0.0,1
3708.0,56.1,38.4,0
2036.0,68.9,11.2,0
2572.0,38.3,6.9,1
3945.0,71.0,15.4,0
1702.0,62.8,0.0,0
3327.0,59.9,29.3,0
1546.0,74.6,5.2,0
3277.0,76.7,39.3,0
2563.0,81.5,0.0,0
1179.0,55.6,22.2,0
1890.0,53.0,0.0,1
1543.0,74.3,0.0,0
681.0,67.0,0.0,0
507.0,69.7,0.0,0
1647.0,65.6,39.9,0
469.0,77.5,11.3,0
996.0,45.5,0.0,1
3011.0,65.6,37.7,0
2949.0,43.7,18.0,1
3059.0,57.4,12.3,1
1542.0,71.5,7.1,0
3604.0,62.1,0.0,1
2538.0,55.9,0.0,1
854.0,83.7,19.7,0
917.0,77.5,0.0,0
2895.0,63.9,33.5,0
1023.0,87.3,5.5,0
2226.0,58.3,34.4,0
3970.0,78.3,0.0,0
414.0,44.2,31.5,0
460.0,50.7,31.5,0
3975.0,53.6,0.0,1
2505.0,40.8,0.0,1
857.0,62.6,0.0,0
3630.0,45.6,0.0,1
3569.0,69.9,30.2,0
2330.0,45.5,8.4,1
2638.0,41.8,0.0,1
1383.0,88.3,33.0,0
582.0,71.2,0.0,0
2540.0,86.5,0.0,0
1461.0,61.9,0.0,0
2789.0,36.8,23.3,1
3410.0,66.6,11.8,0
465.0,65.7,24.2,0
2545.0,35.8,25.6,1
1233.0,82.4,0.0,0
3546.0,69.1,28.8,0
1313.0,76.0,0.0,0
2599.0,62.2,0.0,1
2393.0,69.0,32.7,0
1826.0,49.2,0.0,1
2839.0,88.6,0.0,0
3013.0,57.0,0.0,1
2441.0,43.9,0.0,1
3130.0,38.1,7.4,1
3940.0,70.0,0.0,0
1909.0,89.1,6.9,0
2252.0,84.3,23.5,0
445.0,73.6,29.0,0
3266.0,89.5,0.0,0
2273.0,74.8,19.6,0
1869.0,53.7,0.0,1
739.0,68.1,0.0,0
3603.0,39.4,20.5,1
1822.0,47.2,0.0,1
2857.0,58.0,36.4,0
938.0,46.1,0.0,1
3862.0,87.4,8.5,0
1042.0,89.8,15.4,0
1118.0,55.4,21.2,0
3492.0,74.0,0.0,0
3685.0,57.4,0.0,1
1164.0,42.7,32.5,0
2091.0,53.5,22.4,0
3041.0,47.8,0.0,1
3562.0,53.0,0.0,1
1765.0,46.8,13.4,1
2261.0,41.2,33.1,1
3070.0,47.0,29.9,0
3032.0,84.8,9.9,0
3219.0,39.7,0.0,1
2452.0,52.9,0.0,1
777.0,64.1,32.3,0
3654.0,54.5,9.4,1
3516.0,63.5,0.0,1
3273.0,37.4,28.9,1
760.0,70.7,0.0,0
1136.0,66.0,0.0,0
3077.0,72.5,19.0,0
483.0,66.2,0.0,0
3925.0,59.1,0.0,1
1758.0,54.3,23.9,0
2990.0,47.5,0.0,1
3595.0,62.5,0.0,1
1821.0,36.4,6.9,1
1549.0,53.1,0.0,1
2591.0,72.3,22.0,0
2492.0,41.0,0.0,1
1873.0,38.5,0.0,1
2566.0,70.9,26.8,0
3767.0,56.9,0.0,1
2084.0,79.1,25.5,0
1108.0,86.6,17.2,0
1758.0,87.6,30.0,0
1819.0,58.4,0.0,1
872.0,49.5,0.0,1
986.0,68.5,29.0,0
2864.0,69.6,0.0,0
1622.0,69.2,7.3,0
3838.0,52.7,26.3,0
1277.0,38.5,0.0,1
756.0,46.6,0.0,1
3113.0,43.5,36.6,1
3572.0,41.8,19.5,1
1401.0,85.9,0.0,0
1128.0,35.8,36.5,0
1069.0,68.1,39.6,0
2279.0,87.1,0.0,0
2086.0,54.8,0.0,1
1334.0,64.0,13.8,0
563.0,73.3,15.2,0
2133.0,52.4,34.8,0
3854.0,61.3,0.0,1
2749.0,79.9,33.8,0
2184.0,76.0,6.8,0
798.0,79.5,12.6,0
1309.0,89.3,0.0,0
1461.0,55.4,0.0,1
3153.0,76.1,7.8,0
3556.0,68.2,0.0,0
3646.0,71.7,0.0,0
3944.0,75.7,32.8,0
3937.0,76.2,0.0,0
3831.0,83.7,9.7,0
659.0,54.2,17.8,0
896.0,70.9,28.8,0
1496.0,50.4,0.0,1
2390.0,67.7,20.2,0
749.0,76.3,37.5,0
3445.0,78.5,7.9,0
2620.0,58.1,0.0,1
2353.0,63.0,0.0,1
995.0,53.4,11.6,0
1312.0,44.3,0.0,1
977.0,49.3,37.6,0
3467.0,85.2,0.0,0
2503.0,52.0,0.0,1
3046.0,88.6,17.8,0
1466.0,48.3,35.6,0
1737.0,74.8,25.4,0
1857.0,66.6,0.0,0
3136.0,73.3,31.3,0
3180.0,70.4,32.1,0
1145.0,73.9,0.0,0
3790.0,84.8,0.0,0
834.0,66.0,0.0,0
3626.0,38.7,14.1,1
761.0,49.9,0.0,1
1352.0,74.0,18.5,0
3447.0,62.2,0.0,1
1046.0,65.2,16.1,0
1889.0,67.8,25.1,0
2019.0,56.0,18.7,0
1283.0,77.6,0.0,0
2957.0,74.8,0.0,0
3465.0,74.3,12.5,0
3548.0,74.3,0.0,0
1622.0,84.0,32.6,0
2311.0,67.7,0.0,0
1294.0,88.2,0.0,0
1281.0,41.6,0.0,1
981.0,69.8,6.3,0
3784.0,74.4,28.7,0
3597.0,61.2,0.0,1
3198.0,50.9,0.0,1
2264.0,65.3,0.0,0
2166.0,55.1,29.0,0
2307.0,85.0,17.0,0
2332.0,54.6,0.0,1
1964.0,44.7,10.5,1
874.0,66.7,31.9,0
852.0,56.8,11.6,0
3828.0,40.3,0.0,1
2135.0,66.1,39.0,0
3832.0,64.6,31.6,0
989.0,44.5,0.0,1
2396.0,67.9,0.0,0
1148.0,66.2,0.0,0
1311.0,77.5,0.0,0
508.0,54.9,0.0,0
828.0,48.7,7.9,0
3701.0,87.3,8.8,0
1558.0,65.9,0.0,0
2589.0,36.5,0.0,1
2074.0,80.1,10.2,0
1842.0,45.8,0.0,1
2315.0,78.2,0.0,0
1074.0,73.8,29.7,0
3959.0,88.3,0.0,0
3346.0,88.1,0.0,0
3070.0,50.1,5.8,1
2088.0,77.2,5.0,0
950.0,52.4,0.0,0
3714.0,69.6,21.6,0
1629.0,67.9,7.5,0
580.0,38.0,0.0,1
1633.0,35.3,22.7,1
3260.0,38.2,0.0,1
2642.0,42.0,0.0,1
3103.0,49.2,0.0,1
3257.0,84.9,0.0,0
1163.0,63.5,0.0,0
3726.0,78.8,19.4,0
1977.0,81.1,0.0,0
2700.0,75.4,21.6,0
408.0,56.5,0.0,0
3976.0,82.5,27.9,0
1411.0,75.8,26.6,0
623.0,75.9,0.0,0
2050.0,84.6,39.4,0
865.0,67.9,38.0,0
948.0,64.1,0.0,0
2676.0,84.0,0.0,0
1815.0,60.0,32.0,0
3719.0,79.6,37.2,0
1549.0,38.0,0.0,1
3014.0,35.1,5.7,1
2060.0,64.1,0.0,0
2776.0,39.0,0.0,1
2559.0,88.7,28.5,0
2102.0,35.3,25.6,1
3820.0,74.5,0.0,0
1634.0,48.4,0.0,1
1038.0,88.2,0.0,0
2841.0,56.0,26.6,0
3446.0,36.5,0.0,1
545.0,36.5,0.0,1
2019.0,65.4,0.0,0
3613.0,89.3,35.0,0
3099.0,88.9,0.0,0
3971.0,53.6,28.1,0
2313.0,61.5,0.0,1
2776.0,40.5,0.0,1
1489.0,63.7,0.0,0
3811.0,68.0,0.0,0
1719.0,48.8,0.0,1
3059.0,68.7,0.0,0
1851.0,84.5,0.0,0
2423.0,35.1,0.0,1
2991.0,47.6,0.0,1
2232.0,46.5,0.0,1
3666.0,41.8,0.0,1
1909.0,44.1,0.0,1
2729.0,69.4,27.9,0
1633.0,40.6,13.8,1
1869.0,75.6,8.5,0
1984.0,83.8,0.0,0
853.0,86.0,32.0,0
730.0,71.3,24.7,0
2803.0,45.9,0.0,1
2760.0,39.7,0.0,1
2786.0,47.8,20.7,1
471.0,87.9,15.0,0
1576.0,87.9,34.4,0
1112.0,56.0,25.2,0
3201.0,52.9,14.9,1
3498.0,63.1,16.5,0
1288.0,51.0,0.0,1
2804.0,88.9,0.0,0
866.0,47.2,10.6,0
1391.0,55.3,0.0,1
899.0,58.6,0.0,1
1421.0,41.9,0.0,1
2829.0,56.1,0.0,1
3677.0,82.1,0.0,0
1129.0,42.7,16.6,1
2351.0,67.1,0.0,0
2925.0,57.4,16.1,0
3831.0,44.4,0.0,1
2596.0,35.7,33.4,1
1318.0,50.0,21.4,0
2652.0,38.4,39.8,1
1554.0,55.7,0.0,1
3914.0,79.6,0.0,0
1839.0,74.6,24.2,0
2868.0,87.1,31.7,0
484.0,58.5,0.0,0
1840.0,73.9,22.9,0
3550.0,71.6,22.3,0
2597.0,46.9,0.0,1
1998.0,51.7,37.7,0
3769.0,64.1,0.0,1
3474.0,78.8,0.0,0
1560.0,60.4,5.1,0
2360.0,47.5,0.0,1
2163.0,89.6,30.7,0
2676.0,41.4,7.5,1
1603.0,87.6,18.1,0
1279.0,79.5,0.0,0
3686.0,81.1,0.0,0
3726.0,78.7,0.0,0
3436.0,46.4,13.0,1
3922.0,69.8,0.0,0
3082.0,76.6,17.2,0
3153.0,76.0,0.0,0
3145.0,49.9,0.0,1
2130.0,45.0,15.4,1
2043.0,53.0,20.4,0
1265.0,61.4,0.0,0
2721.0,66.6,24.2,0
1442.0,81.0,0.0,0
1328.0,77.3,30.0,0
2509.0,72.2,0.0,0
1876.0,49.5,22.0,0
1188.0,61.3,0.0,0
3338.0,53.4,0.0,1
3498.0,47.9,6.1,1
1004.0,35.6,0.0,1
427.0,53.7,0.0,0
1610.0,49.1,0.0,1
3271.0,66.5,0.0,1
3421.0,38.4,27.9,1
898.0,49.9,0.0,1
3188.0,37.5,9.2,1
817.0,70.3,28.2,0
1804.0,66.3,0.0,0
3995.0,53.6,34.2,0
1093.0,43.1,0.0,1
954.0,87.7,0.0,0
1922.0,67.1,0.0,0
2631.0,72.4,0.0,0
3758.0,64.2,0.0,1
3931.0,79.4,0.0,0
651.0,84.3,7.5,0
897.0,56.0,28.7,0
3247.0,73.0,15.4,0
1374.0,47.6,28.4,0
3585.0,70.9,15.3,0
2788.0,57.0,0.0,1
803.0,35.4,12.3,1
3397.0,87.6,0.0,0
1035.0,82.8,5.6,0
1925.0,51.0,9.5,1
2388.0,89.9,0.0,0
2203.0,52.4,9.8,1
2870.0,60.2,14.8,0
2750.0,81.8,14.2,0
3971.0,51.8,0.0,1
3998.0,59.8,19.4,0
2259.0,71.6,34.4,0
743.0,42.2,0.0,1
3020.0,58.2,23.6,0
3916.0,52.0,0.0,1
1546.0,72.2,32.7,0
2060.0,42.5,0.0,1
1929.0,47.8,0.0,1
585.0,74.1,0.0,0
2820.0,43.6,29.4,1
1672.0,58.2,29.6,0
3235.0,74.2,0.0,0
3396.0,77.1,0.0,0
3356.0,40.2,32.5,1
1900.0,81.9,0.0,0
1558.0,74.8,0.0,0
3096.0,53.7,29.3,0
3285.0,77.0,0.0,0
2169.0,75.1,17.6,0
3615.0,68.0,0.0,1
918.0,65.7,17.7,0
3565.0,75.4,33.5,0
746.0,90.0,0.0,0
953.0,66.8,27.3,0
2322.0,79.5,39.6,0
643.0,75.9,36.3,0
590.0,82.1,0.0,0
402.0,87.5,0.0,0
1971.0,45.6,9.1,1
3189.0,44.1,0.0,1
525.0,67.2,0.0,0
2748.0,59.7,0.0,1
3363.0,66.4,14.9,0
1005.0,78.9,0.0,0
929.0,86.2,0.0,0
3499.0,58.0,22.2,0
3363.0,74.5,0.0,0
2340.0,45.8,0.0,1
3349.0,64.4,0.0,1
734.0,36.2,0.0,1
1820.0,62.7,32.4,0
3056.0,65.0,0.0,1
1327.0,75.4,14.3,0
3108.0,70.7,0.0,0
2215.0,54.7,0.0,1
3101.0,35.3,0.0,1
2073.0,41.4,29.4,1
1724.0,88.5,0.0,0
1189.0,85.7,0.0,0
1150.0,52.9,12.8,0
3105.0,49.2,0.0,1
828.0,59.0,24.7,0
710.0,72.9,0.0,0
1035.0,54.6,0.0,1
1031.0,38.7,35.8,0
3363.0,57.2,0.0,1
1835.0,49.3,0.0,1
3965.0,52.9,0.0,1
894.0,44.0,0.0,1
2753.0,71.2,24.7,0
2015.0,64.0,0.0,1
1815.0,49.9,23.4,1
3550.0,65.5,0.0,1
3912.0,62.1,0.0,1
3542.0,78.8,0.0,0
1092.0,87.6,21.8,0
1195.0,42.2,9.8,1
2762.0,83.6,26.3,0
1441.0,73.8,0.0,0
3045.0,73.1,0.0,0
2439.0,55.6,31.2,0
2383.0,53.9,0.0,1
3383.0,35.3,15.5,1
2958.0,89.0,0.0,0
496.0,68.4,0.0,0
578.0,57.1,0.0,0
2566.0,64.9,0.0,0
2150.0,37.2,33.6,1
1337.0,44.6,15.7,1
1907.0,69.3,38.6,0
3128.0,63.3,31.6,0
3376.0,78.3,0.0,0
2420.0,71.2,0.0,0
1787.0,68.1,0.0,0
1375.0,79.8,23.3,0
2279.0,38.8,0.0,1
1533.0,73.0,37.1,0
2431.0,74.4,29.4,0
2836.0,50.1,39.2,0
638.0,45.8,16.5,0
404.0,46.8,13.1,0
1164.0,45.9,6.0,1
3620.0,63.8,17.1,0
2727.0,42.5,0.0,1
1019.0,71.3,15.7,0
3605.0,40.8,0.0,1
2092.0,36.5,6.7,1
2114.0,52.6,17.4,0
3768.0,45.6,0.0,1
614.0,89.4,8.7,0
1175.0,51.7,0.0,1
2509.0,47.2,31.7,0
1104.0,45.8,24.9,0
2846.0,55.6,36.0,0
1171.0,68.3,38.4,0
757.0,78.0,0.0,0
1145.0,55.1,0.0,1
1922.0,69.4,13.3,0
1034.0,61.5,0.0,0
885.0,81.6,0.0,0
3497.0,66.3,0.0,0
1553.0,50.9,0.0,1
1699.0,73.7,29.7,0
599.0,80.1,0.0,0
1687.0,60.6,0.0,1
1353.0,89.3,9.1,0
2598.0,83.4,5.8,0
1139.0,45.8,0.0,1
3598.0,78.3,30.0,0
3747.0,68.1,0.0,0
759.0,64.4,20.0,0
787.0,63.3,0.0,0
815.0,81.9,0.0,0
2630.0,68.6,0.0,0
839.0,64.6,12.1,0
3469.0,37.7,0.0,1
3115.0,59.7,0.0,1
3351.0,84.9,23.1,0
2294.0,74.1,0.0,0
3988.0,37.8,13.0,1
559.0,83.6,0.0,0
1845.0,80.5,0.0,0
1566.0,65.1,0.0,0
3815.0,36.2,0.0,1
2477.0,65.9,0.0,0
3302.0,38.0,37.2,1
1013.0,52.6,38.3,0
3923.0,69.6,0.0,0
2195.0,85.2,0.0,0
2177.0,54.7,6.0,1
3895.0,82.3,0.0,0
1771.0,85.5,7.7,0
1831.0,36.2,30.9,1
2505.0,48.2,0.0,1
861.0,74.0,11.5,0
1556.0,76.6,5.3,0
1096.0,56.6,5.8,0
772.0,71.1,19.2,0
3518.0,68.7,0.0,0
2522.0,75.7,25.3,0
1691.0,74.5,0.0,0
1871.0,39.7,0.0,1
1953.0,43.7,31.4,1
2679.0,42.3,0.0,1
3736.0,86.3,13.3,0
3758.0,85.2,34.9,0
1809.0,78.9,29.1,0
1585.0,41.4,21.7,1
2024.0,66.6,14.6,0
2445.0,45.3,9.8,1
2063.0,55.3,6.3,1
2772.0,49.7,34.8,0
2396.0,80.6,25.8,0
1555.0,42.9,0.0,1
1645.0,70.5,0.0,0
1763.0,89.1,0.0,0
741.0,72.8,0.0,0
998.0,39.4,0.0,1
3003.0,84.9,19.0,0
1801.0,70.4,35.9,0
1172.0,60.1,30.2,0
2426.0,71.3,36.9,0
3120.0,83.3,35.2,0
1327.0,61.2,37.2,0
3376.0,64.2,39.3,0
3739.0,59.9,0.0,1
2551.0,39.0,12.3,1
2808.0,78.3,0.0,0
589.0,42.0,0.0,1
3804.0,56.7,0.0,1
1813.0,56.3,8.1,0
3726.0,50.4,33.7,0
2484.0,57.1,0.0,1
417.0,69.0,27.0,0
539.0,52.1,0.0,0
2850.0,44.5,0.0,1
2426.0,82.8,0.0,0
496.0,88.4,0.0,0
3076.0,60.2,26.2,0
3468.0,53.0,0.0,1
2187.0,37.6,0.0,1
2077.0,37.0,0.0,1
420.0,56.6,25.3,0
3232.0,86.2,17.9,0
1591.0,75.2,38.7,0
3564.0,54.2,5.2,1
1743.0,88.2,37.0,0
2434.0,58.6,0.0,1
1373.0,50.2,0.0,1
978.0,58.4,39.9,0
3190.0,46.6,0.0,1
2188.0,83.7,0.0,0
2331.0,54.9,0.0,1
3875.0,71.2,0.0,0
3869.0,56.4,0.0,1
3480.0,84.6,0.0,0
1075.0,70.3,0.0,0
2539.0,61.9,37.9,0
3561.0,42.3,35.0,1
1748.0,84.6,0.0,0
764.0,65.1,0.0,0
3319.0,50.7,0.0,1
2134.0,83.3,0.0,0
2432.0,38.0,0.0,1
3936.0,52.3,0.0,1
2586.0,64.5,20.2,0
1930.0,53.7,32.5,0
1732.0,61.2,6.9,0
1903.0,49.5,33.5,0
826.0,42.2,33.4,0
3261.0,37.0,13.0,1
3416.0,43.7,6.3,1
1424.0,87.4,30.0,0
1494.0,66.6,12.0,0
3548.0,61.9,39.9,0
486.0,56.1,5.3,0
2274.0,74.0,0.0,0
2069.0,42.8,0.0,1
2884.0,50.2,0.0,1
988.0,71.1,0.0,0
2806.0,61.3,0.0,1
1756.0,77.4,0.0,0
2627.0,84.3,0.0,0
544.0,80.3,13.1,0
2062.0,45.1,0.0,1
2280.0,40.0,0.0,1
1172.0,44.3,0.0,1
903.0,78.1,0.0,0
1079.0,85.3,35.7,0
1639.0,85.9,27.0,0
749.0,51.4,0.0,1
3810.0,81.2,38.3,0
1858.0,64.5,0.0,0
3312.0,80.3,28.9,0
3908.0,65.2,20.3,0
691.0,43.0,21.9,0
2746.0,39.4,0.0,1
3537.0,87.6,38.1,0
2683.0,58.4,27.3,0
1944.0,54.3,32.3,0
1952.0,54.6,0.0,1
529.0,55.8,0.0,0
2325.0,87.0,0.0,0
3977.0,38.4,0.0,1
3851.0,41.5,6.4,1
545.0,78.4,0.0,0
2941.0,65.2,0.0,0
1486.0,42.1,21.0,1
3651.0,36.9,0.0,1
562.0,47.3,15.9,0
3769.0,49.3,15.6,1
3415.0,35.8,9.6,1
823.0,46.9,21.2,0
615.0,75.6,0.0,0
3405.0,82.0,0.0,0
961.0,84.4,29.6,0
2326.0,56.4,0.0,1
3697.0,52.6,0.0,1
2443.0,90.0,34.8,0
1830.0,77.3,0.0,0
2002.0,64.6,0.0,0
627.0,49.0,0.0,1
3888.0,52.7,0.0,1
1518.0,63.3,23.9,0
1082.0,64.8,0.0,0
1430.0,35.8,0.0,1
3872.0,87.8,0.0,0
739.0,66.7,11.3,0
3522.0,67.4,0.0,0
2948.0,46.6,0.0,1
3388.0,77.1,33.1,0
3913.0,75.5,0.0,0
3432.0,40.2,20.2,1
3796.0,67.7,0.0,0
857.0,71.2,0.0,0
3265.0,81.0,0.0,0
2364.0,46.3,21.7,1
2357.0,83.3,0.0,0
3636.0,60.4,0.0,1
3898.0,40.3,35.0,1
2937.0,40.8,0.0,1
2139.0,45.9,33.4,0
2043.0,50.6,37.0,0
1791.0,62.3,38.3,0
1702.0,76.2,0.0,0
1809.0,45.3,0.0,1
723.0,89.6,33.0,0
679.0,43.9,0.0,1
3208.0,68.0,0.0,1
2006.0,86.1,39.1,0
3750.0,80.8,16.9,0
2604.0,70.6,0.0,0
527.0,74.4,0.0,0
967.0,42.4,6.3,1
1141.0,35.5,35.1,0
3913.0,58.9,0.0,1
1187.0,39.9,0.0,1
2257.0,54.7,0.0,1
3770.0,47.3,0.0,1
3918.0,85.4,0.0,0
1251.0,83.4,6.0,0
577.0,80.0,0.0,0
953.0,74.3,0.0,0
628.0,43.5,23.9,0
1102.0,37.7,0.0,1
2447.0,71.0,0.0,0
3685.0,70.3,14.2,0
2334.0,55.3,0.0,1
2654.0,61.0,38.2,0
1127.0,61.9,0.0,0
3282.0,48.2,0.0,1
2624.0,52.3,6.9,1
3511.0,58.0,0.0,1
3816.0,68.2,11.2,0
1652.0,87.6,0.0,0
726.0,64.6,36.3,0
1213.0,75.2,0.0,0
1976.0,79.4,37.5,0
3804.0,41.2,29.8,1
1762.0,70.9,0.0,0
3175.0,61.5,0.0,1
2346.0,66.5,0.0,0
1058.0,37.1,21.0,1
1555.0,84.8,0.0,0
2751.0,87.4,8.6,0
2822.0,35.2,0.0,1
1965.0,46.7,0.0,1
1223.0,44.9,38.8,0
2999.0,78.0,0.0,0
1008.0,67.9,0.0,0
3772.0,44.8,18.4,1
1076.0,79.8,32.2,0
786.0,54.4,0.0,1
2192.0,60.3,0.0,1
2270.0,56.3,0.0,1
2229.0,63.7,35.1,0
1972.0,61.4,0.0,1
3981.0,50.1,22.5,1
2151.0,58.4,13.6,0
2121.0,85.0,21.6,0
1918.0,62.7,0.0,0
641.0,85.4,0.0,0
2535.0,65.3,0.0,1
1221.0,77.3,0.0,0
2695.0,51.1,0.0,1
583.0,78.5,35.5,0
3933.0,49.5,0.0,1
2088.0,36.1,0.0,1
3628.0,43.8,9.9,1
2112.0,36.2,36.7,1
617.0,87.1,0.0,0
3360.0,90.0,33.1,0
2733.0,76.9,15.5,0
3214.0,40.9,0.0,1
1941.0,84.4,38.8,0
2697.0,75.9,0.0,0
3482.0,53.3,0.0,1
2672.0,62.6,0.0,0
1652.0,71.4,0.0,0
2785.0,36.3,35.8,1
2819.0,62.6,37.1,0
3858.0,75.3,0.0,0
1735.0,45.4,25.4,1
1930.0,59.4,0.0,1
3324.0,64.3,0.0,1
2221.0,75.5,23.4,0
3052.0,88.0,0.0,0
2055.0,81.7,26.1,0
1176.0,69.2,0.0,0
3083.0,67.1,27.9,0
872.0,68.2,0.0,0
1115.0,65.0,0.0,0
2657.0,38.3,19.7,1
3090.0,73.4,34.8,0
3621.0,74.4,0.0,0
1381.0,63.2,13.8,0
799.0,82.9,0.0,0
3842.0,72.0,0.0,0
956.0,54.9,0.0,1
1112.0,36.1,20.2,1
1449.0,38.3,11.8,1
2306.0,54.3,38.8,0
3578.0,60.4,5.9,1
3138.0,44.2,0.0,1
2949.0,45.4,0.0,1
1031.0,47.7,0.0,1
1688.0,77.9,11.6,0
2122.0,77.4,0.0,0
931.0,56.1,26.8,0
1384.0,44.5,28.6,0
1510.0,41.1,14.3,1
858.0,39.8,0.0,1
2381.0,56.5,0.0,1
2938.0,37.5,30.4,1
652.0,53.3,37.9,0
2132.0,87.9,0.0,0
3216.0,62.9,32.4,0
3093.0,80.2,15.1,0
3334.0,42.1,0.0,1
2014.0,49.7,25.1,0
3354.0,87.1,0.0,0
1267.0,56.1,30.0,0
1699.0,70.7,0.0,0
1035.0,88.7,0.0,0
2083.0,65.3,0.0,0
1811.0,51.8,35.7,0
1267.0,64.3,25.9,0
3106.0,38.0,0.0,1
1530.0,41.2,0.0,1
1382.0,35.4,0.0,1
871.0,83.6,0.0,0
1980.0,71.9,7.1,0
1491.0,51.4,0.0,1
1729.0,47.2,10.9,1
1250.0,72.6,12.3,0
3147.0,85.6,0.0,0
3748.0,51.5,5.5,1
2193.0,52.7,36.2,0
2715.0,82.0,33.1,0
3522.0,84.1,6.1,0
3996.0,85.3,0.0,0
2609.0,51.1,0.0,1
3603.0,41.6,5.2,1
3671.0,59.2,0.0,1
3249.0,51.3,8.8,1
2059.0,83.6,25.7,0
692.0,37.0,0.0,1
457.0,69.9,0.0,0
2118.0,84.8,0.0,0
2180.0,88.7,35.3,0
1867.0,70.8,0.0,0
2445.0,87.2,0.0,0
2388.0,39.2,35.0,1
3412.0,54.8,25.8,0
791.0,35.5,35.4,0
1211.0,89.0,8.9,0
3255.0,84.6,0.0,0
3452.0,36.5,27.0,1
3981.0,36.0,7.1,1
3542.0,55.2,0.0,1
3604.0,49.2,0.0,1
1532.0,81.6,0.0,0
1846.0,43.8,11.9,1
1365.0,78.5,14.6,0
2583.0,65.5,15.4,0
3780.0,55.8,26.0,0
1641.0,43.0,0.0,1
2405.0,89.9,13.4,0
1467.0,69.0,16.1,0
1011.0,59.2,20.7,0
1103.0,55.4,0.0,0
609.0,84.8,40.0,0
3817.0,80.2,15.5,0
1850.0,79.6,0.0,0
3403.0,68.9,24.4,0
2853.0,83.8,0.0,0
1091.0,51.5,0.0,1
1032.0,73.7,13.7,0
3323.0,57.2,0.0,1
1353.0,68.0,21.9,0
3688.0,89.9,19.8,0
904.0,89.1,0.0,0
2840.0,63.2,0.0,1
3332.0,66.6,0.0,0
1247.0,84.4,0.0,0
1394.0,89.2,24.8,0
3872.0,77.8,0.0,0
1353.0,38.6,37.4,0
1948.0,52.7,0.0,1
1957.0,84.3,0.0,0
1311.0,77.3,10.3,0
3193.0,75.8,0.0,0
3179.0,71.7,22.2,0
1762.0,57.8,16.8,0
3406.0,57.2,16.4,0
1167.0,79.5,0.0,0
416.0,51.2,0.0,0
2456.0,72.7,19.3,0
3979.0,74.9,0.0,0
539.0,81.5,29.9,0
1149.0,52.6,27.2,0
2268.0,75.8,30.0,0
3316.0,40.9,33.8,1
721.0,42.6,8.5,1
1823.0,58.0,0.0,1
3089.0,38.0,6.8,1
1738.0,87.1,29.7,0
1080.0,84.6,0.0,0
1104.0,37.7,16.6,1
1876.0,81.1,0.0,0
2126.0,63.0,0.0,1
3503.0,73.6,39.2,0
2712.0,83.8,21.5,0
2885.0,66.7,0.0,0
3939.0,41.4,31.8,1
1883.0,35.1,0.0,1
1852.0,62.3,0.0,0
3724.0,87.2,0.0,0
1285.0,66.5,18.0,0
3027.0,55.5,0.0,1
3116.0,36.7,0.0,1
752.0,85.3,20.6,0
2086.0,53.0,0.0,1
1122.0,73.8,0.0,0
1067.0,73.2,0.0,0
2070.0,49.0,28.5,0
1442.0,38.5,35.6,0
3266.0,56.2,16.0,1
3667.0,52.4,0.0,1
3290.0,73.5,0.0,0
1358.0,80.1,19.4,0
1387.0,47.2,0.0,1
1317.0,64.1,0.0,0
886.0,37.2,0.0,1
3798.0,46.8,0.0,1
1847.0,76.9,0.0,0
1209.0,78.6,29.7,0
3448.0,77.7,0.0,0
1837.0,42.8,17.1,1
526.0,65.3,0.0,0
983.0,58.2,20.4,0
2701.0,89.5,36.1,0
3218.0,71.0,21.8,0
1159.0,86.4,0.0,0
3703.0,43.0,12.3,1
3464.0,59.8,0.0,1
3454.0,77.4,37.8,0
1220.0,55.2,15.6,0
582.0,69.8,30.6,0
3523.0,63.1,6.5,0
1501.0,89.6,9.5,0
2628.0,44.6,15.9,1
3136.0,86.4,0.0,0
862.0,57.1,0.0,0
3211.0,60.7,30.4,0
3779.0,64.1,10.9,0
3022.0,49.6,0.0,1
1988.0,88.0,0.0,0
3556.0,85.1,26.8,0
2299.0,88.5,0.0,0
3081.0,89.8,0.0,0
3354.0,71.8,0.0,0
3098.0,59.8,0.0,1
1436.0,81.8,12.4,0
824.0,36.3,0.0,1
1258.0,80.9,0.0,0
2210.0,62.4,21.6,0
2219.0,72.0,0.0,0
2498.0,55.6,0.0,1
1822.0,55.3,0.0,1
3233.0,36.7,0.0,1
3687.0,58.3,37.5,0
1288.0,57.5,0.0,1
3051.0,47.4,0.0,1
2841.0,48.6,0.0,1
2283.0,67.1,0.0,0
1079.0,52.5,0.0,1
3263.0,80.7,0.0,0
3858.0,41.1,0.0,1
2999.0,66.8,0.0,0
3704.0,43.8,11.7,1
3943.0,64.1,0.0,1
1667.0,65.4,0.0,0
2698.0,70.3,7.2,0
2106.0,58.5,0.0,1
3952.0,63.0,26.5,0
738.0,45.0,0.0,1
1885.0,60.5,0.0,1
3552.0,55.5,16.6,1
1423.0,71.6,0.0,0
3236.0,58.9,0.0,1
1778.0,77.9,5.2,0
3928.0,58.4,26.4,0
3581.0,48.0,0.0,1
1485.0,50.1,9.4,1
3173.0,37.5,0.0,1
1613.0,64.7,34.0,0
2583.0,80.7,0.0,0
2771.0,77.3,38.7,0
3387.0,59.1,0.0,1
488.0,45.8,21.0,0
1193.0,82.5,0.0,0
2963.0,38.1,16.1,1
2429.0,57.0,18.5,0
2184.0,82.1,13.3,0
599.0,56.6,25.0,0
1654.0,41.5,0.0,1
3514.0,49.6,16.1,1
511.0,68.0,0.0,0
1827.0,43.4,30.8,0
3803.0,71.0,26.6,0
583.0,59.1,0.0,0
3099.0,53.4,0.0,1
1327.0,48.3,38.5,0
3520.0,80.3,27.1,0
3086.0,56.8,25.8,0
3589.0,75.6,27.4,0
1177.0,59.2,0.0,0
2313.0,40.1,16.9,1
3205.0,59.2,14.8,1
1285.0,62.9,18.2,0
1231.0,60.2,33.0,0
498.0,79.9,9.2,0
3851.0,85.1,12.2,0
2956.0,78.3,13.0,0
2688.0,67.1,27.3,0
3078.0,64.8,27.5,0
2314.0,70.5,0.0,0
2114.0,50.8,0.0,1
2018.0,79.7,31.4,0
2706.0,82.1,6.1,0
1126.0,49.7,30.9,0
3597.0,84.7,12.4,0
3322.0,81.7,0.0,0
1658.0,58.3,0.0,1
2483.0,85.0,27.5,0
908.0,41.6,9.2,1
3900.0,36.5,0.0,1
3650.0,54.1,0.0,1
3719.0,66.1,0.0,0
1596.0,54.3,0.0,1
1009.0,86.8,24.7,0
1162.0,49.0,0.0,1
724.0,50.5,0.0,1
832.0,69.9,19.9,0
657.0,35.2,36.3,0
3963.0,75.0,18.0,0
667.0,55.8,0.0,0
877.0,88.8,0.0,0
3378.0,73.0,0.0,0
2489.0,37.9,11.0,1
3188.0,40.1,0.0,1
2671.0,39.8,22.9,1
3576.0,87.4,27.0,0
2698.0,72.6,5.4,0
2280.0,58.5,0.0,1
2966.0,46.0,0.0,1
2011.0,83.1,15.3,0
1646.0,46.1,0.0,1
2084.0,73.9,11.0,0
1011.0,77.0,0.0,0
3268.0,51.2,29.5,1
1339.0,62.8,15.4,0
953.0,47.3,0.0,1
1287.0,55.8,7.8,0
3431.0,88.1,17.2,0
1589.0,73.1,18.9,0
2870.0,81.6,0.0,0
3483.0,64.7,0.0,1
680.0,48.1,21.8,0
3154.0,74.2,0.0,0
1508.0,62.5,28.0,0
1180.0,44.7,0.0,1
2880.0,57.7,7.7,1
3675.0,69.9,0.0,0
1462.0,75.4,11.3,0
2448.0,48.4,0.0,1
1443.0,83.2,0.0,0
2395.0,55.9,0.0,1
2639.0,49.9,13.3,1
2597.0,45.7,0.0,1
2645.0,79.2,26.0,0
886.0,54.5,0.0,0
2897.0,61.6,28.9,0
2829.0,47.3,7.4,1
2857.0,72.7,0.0,0
667.0,78.0,0.0,0
2009.0,53.7,0.0,1
1873.0,87.0,9.3,0
712.0,36.7,21.8,1
1201.0,42.3,0.0,1
1987.0,67.4,38.9,0
3074.0,73.6,27.1,0
1253.0,48.8,8.1,1
3387.0,65.5,29.5,0
2365.0,52.5,11.8,1
3138.0,65.5,15.0,0
2101.0,71.3,18.2,0
2197.0,88.5,0.0,0
2631.0,60.1,38.0,0
3741.0,70.7,37.4,0
2171.0,66.8,11.0,0
2303.0,52.5,0.0,1
2567.0,48.9,34.0,0
3055.0,89.3,0.0,0
659.0,46.4,25.4,0
2256.0,78.5,0.0,0
2134.0,43.1,11.5,1
3718.0,79.2,0.0,0
2177.0,45.2,0.0,1
2086.0,88.2,0.0,0
3864.0,72.7,0.0,0
2022.0,40.0,0.0,1
1051.0,73.1,15.6,0
1181.0,68.2,33.2,0
743.0,53.6,31.6,0
402.0,49.3,37.7,0
1955.0,74.5,0.0,0
3169.0,75.8,22.6,0
3040.0,53.0,16.3,1
516.0,83.2,0.0,0
2452.0,49.8,39.9,0
955.0,38.8,39.2,0
3788.0,68.0,23.5,0
1003.0,40.9,38.4,0
2656.0,50.2,0.0,1
1574.0,62.9,34.7,0
2710.0,50.7,0.0,1
1884.0,46.8,30.1,0
3135.0,73.7,0.0,0
1230.0,65.1,0.0,0
3661.0,81.2,0.0,0
2201.0,67.0,0.0,0
3122.0,61.6,0.0,1
3459.0,49.4,0.0,1
3996.0,78.6,12.0,0
1206.0,45.8,30.1,0
1433.0,48.3,0.0,1
1302.0,81.3,36.6,0
1346.0,75.8,14.6,0
2497.0,68.7,0.0,0
3977.0,37.1,22.8,1
3965.0,42.0,0.0,1
2296.0,62.5,0.0,1
2700.0,76.0,0.0,0
3496.0,60.5,0.0,1
3759.0,36.0,35.2,1
1134.0,45.1,12.5,1
2303.0,67.4,0.0,0
3398.0,73.2,24.8,0
1492.0,36.8,0.0,1
1983.0,37.4,0.0,1
3948.0,49.4,32.4,0
3946.0,39.6,13.4,1
3662.0,64.8,8.6,0
3274.0,41.8,0.0,1
1369.0,70.7,0.0,0
1555.0,77.7,0.0,0
2370.0,88.4,10.0,0
2419.0,87.2,0.0,0
2220.0,50.0,9.1,1
2692.0,36.6,0.0,1
1870.0,53.1,0.0,1
3097.0,74.0,0.0,0
1601.0,38.3,16.2,1
1590.0,54.8,8.4,1
858.0,51.4,15.8,0
1079.0,47.1,27.7,0
3462.0,73.8,15.1,0
2007.0,71.3,0.0,0
1220.0,64.5,24.1,0
3134.0,85.1,31.4,0
2394.0,40.7,34.1,0
476.0,43.2,0.0,1
1539.0,56.1,0.0,1
1037.0,71.1,34.2,0
2761.0,67.1,0.0,0
1390.0,39.1,0.0,1
634.0,87.7,0.0,0
598.0,51.8,15.2,0
2494.0,54.7,0.0,1
478.0,69.3,18.8,0
3456.0,87.0,38.3,0
959.0,71.4,12.3,0
2584.0,87.5,0.0,0
2001.0,45.3,39.7,0
1994.0,69.0,0.0,0
658.0,80.6,0.0,0
3290.0,63.0,0.0,1
3615.0,54.9,0.0,1
440.0,89.2,6.7,0
1043.0,42.8,0.0,1
3654.0,57.6,13.4,1
2378.0,83.0,0.0,0
940.0,84.5,12.7,0
1130.0,88.9,33.7,0
2776.0,83.7,0.0,0
3009.0,37.8,37.5,1
2558.0,86.1,0.0,0
3831.0,58.5,37.8,0
2179.0,70.8,7.6,0
1481.0,56.7,35.5,0
2118.0,79.8,0.0,0
1695.0,66.7,25.8,0
1208.0,81.5,6.3,0
565.0,45.7,26.7,0
1668.0,45.2,0.0,1
2961.0,59.2,0.0,1
466.0,35.3,27.1,0
1981.0,73.1,38.9,0
2718.0,51.3,39.8,0
2597.0,65.7,23.2,0
3196.0,38.9,8.2,1
3318.0,44.4,0.0,1
2962.0,69.3,30.2,0
770.0,51.8,0.0,1
2110.0,46.8,20.3,1
2572.0,47.6,0.0,1
1284.0,46.8,17.4,0
553.0,69.3,18.5,0
1205.0,44.2,39.9,0
2038.0,54.9,0.0,1
1890.0,72.8,9.1,0
1036.0,63.3,0.0,0
3368.0,67.9,0.0,0
3732.0,48.8,27.9,1
1125.0,86.3,28.5,0
3746.0,57.8,0.0,1
464.0,50.8,16.7,0
3730.0,84.7,0.0,0
3827.0,71.0,33.9,0
443.0,68.8,25.1,0
3147.0,83.8,22.0,0
3893.0,38.2,39.7,1
3661.0,81.1,30.3,0
3895.0,72.3,38.3,0
2381.0,54.8,0.0,1
681.0,49.1,0.0,1
3459.0,40.8,6.1,1
2610.0,86.8,0.0,0
2613.0,42.8,29.3,1
1902.0,49.3,0.0,1
2459.0,73.0,39.1,0
953.0,74.1,0.0,0
3063.0,43.8,12.9,1
670.0,79.8,27.6,0
3027.0,63.1,0.0,1
3456.0,81.7,5.1,0
2101.0,39.8,0.0,1
2235.0,37.4,12.7,1
1524.0,70.0,36.5,0
3890.0,43.3,0.0,1
3039.0,63.9,0.0,1
1728.0,35.8,0.0,1
1029.0,77.9,0.0,0
1190.0,84.5,17.6,0
2070.0,81.1,0.0,0
3793.0,87.7,16.3,0
3043.0,84.7,29.9,0
1175.0,59.4,16.8,0
3494.0,56.9,11.2,1
1762.0,84.3,0.0,0
3466.0,86.0,29.0,0
1270.0,88.5,23.1,0
2627.0,77.3,27.5,0
3736.0,46.1,0.0,1
1328.0,87.0,0.0,0
2895.0,87.1,27.7,0
3954.0,71.6,25.1,0
942.0,82.2,0.0,0
718.0,65.9,23.8,0
2827.0,86.9,0.0,0
1623.0,40.2,28.3,1
656.0,82.5,0.0,0
2111.0,38.1,0.0,1
3114.0,53.7,0.0,1
1426.0,42.4,0.0,1
1606.0,61.4,0.0,1
3445.0,47.8,0.0,1
2272.0,87.4,0.0,0
3434.0,65.8,30.9,0
2007.0,84.4,39.9,0
3831.0,50.3,6.4,1
2743.0,36.4,0.0,1
817.0,77.7,0.0,0
3586.0,73.6,19.5,0
2161.0,65.0,27.3,0
910.0,79.8,25.5,0
950.0,81.2,32.6,0
2875.0,67.3,7.5,0
571.0,88.1,20.4,0
1432.0,74.6,0.0,0
903.0,72.2,17.7,0
1988.0,54.9,22.6,0
1892.0,35.1,5.8,1
2279.0,48.3,0.0,1
1407.0,77.0,0.0,0
515.0,74.0,0.0,0
2612.0,53.2,0.0,1
1745.0,69.4,26.4,0
2745.0,45.7,35.8,0
791.0,49.5,0.0,1
450.0,87.1,13.4,0
1294.0,57.7,0.0,1
2044.0,48.5,34.9,0
1819.0,61.8,0.0,0
3317.0,56.3,17.1,0
1760.0,75.1,10.5,0
2310.0,87.9,29.3,0
2537.0,67.5,14.8,0
479.0,67.5,0.0,0
2254.0,55.1,22.6,0
1641.0,66.1,0.0,0
1917.0,52.6,0.0,1
761.0,35.1,30.3,1
3218.0,82.6,21.2,0
3793.0,58.6,19.1,0
480.0,62.1,0.0,0
2565.0,39.6,10.1,1
3150.0,81.0,0.0,0
1425.0,44.4,35.8,0
3235.0,57.6,8.6,1
2676.0,81.2,38.5,0
3745.0,60.2,8.8,0
3932.0,86.2,17.7,0
552.0,46.5,0.0,1
2002.0,74.3,34.3,0
2369.0,88.8,10.0,0
928.0,65.2,0.0,0
1611.0,73.1,0.0,0
3956.0,56.6,0.0,1
458.0,76.3,27.6,0
2029.0,85.0,33.7,0
3434.0,73.7,7.7,0
1566.0,86.5,0.0,0
2127.0,67.4,0.0,0
3921.0,66.7,36.5,0
2110.0,51.8,0.0,1
871.0,74.0,0.0,0
586.0,83.5,0.0,0
3803.0,70.5,0.0,0
1357.0,47.8,0.0,1
2215.0,64.9,5.1,0
727.0,76.6,0.0,0
1925.0,86.7,0.0,0
3748.0,43.6,26.8,1
2209.0,42.0,21.9,1
3896.0,57.7,28.7,0
1332.0,41.9,20.7,1
2216.0,88.9,6.5,0
3494.0,58.3,12.9,0
2014.0,64.3,39.7,0
1406.0,47.5,0.0,1
3480.0,59.7,16.4,0
1804.0,89.2,0.0,0
2311.0,61.9,0.0,1
3915.0,35.5,0.0,1
1071.0,48.3,0.0,1
1485.0,88.8,0.0,0
512.0,89.4,7.3,0
1811.0,46.6,0.0,1
1121.0,68.8,0.0,0
2848.0,39.2,0.0,1
1053.0,66.8,0.0,0
2829.0,41.9,39.5,0
1349.0,80.0,0.0,0
1679.0,86.7,0.0,0
1656.0,44.5,0.0,1
2980.0,60.4,0.0,1
2079.0,40.6,0.0,1
1701.0,53.7,0.0,1
3469.0,38.6,31.2,1
2459.0,49.6,22.0,0
1170.0,89.5,5.6,0
3640.0,37.5,0.0,1
1634.0,82.2,0.0,0
540.0,39.3,34.6,0
2181.0,64.1,0.0,0
846.0,59.9,9.1,0
1258.0,86.2,17.4,0
3090.0,45.9,0.0,1
871.0,44.9,0.0,1
3305.0,76.2,16.0,0
3773.0,74.9,37.7,0
2584.0,73.5,28.9,0
2957.0,36.4,0.0,1
2969.0,49.3,21.6,1
3974.0,81.2,0.0,0
1630.0,68.0,0.0,0
986.0,68.1,5.4,0
2269.0,51.3,36.8,0
2320.0,49.3,0.0,1
1040.0,87.1,0.0,0
2607.0,75.0,0.0,0
451.0,42.0,0.0,1
3740.0,86.6,0.0,0
1352.0,67.0,18.1,0
542.0,53.3,0.0,0
790.0,56.8,19.6,0
1265.0,74.9,0.0,0
1386.0,55.7,0.0,1
518.0,66.8,0.0,0
1406.0,74.1,0.0,0
1095.0,45.7,29.0,0
1763.0,86.9,31.5,0
1787.0,54.6,38.2,0
1620.0,58.1,0.0,1
1581.0,73.4,24.9,0
723.0,68.5,6.4,0
491.0,59.2,0.0,0
1128.0,70.7,17.8,0
3124.0,84.7,28.9,0
3967.0,79.0,34.1,0
3743.0,80.3,14.0,0
2215.0,49.2,31.2,0
2315.0,58.1,0.0,1
1532.0,65.5,5.2,0
3186.0,37.4,6.9,1
3153.0,77.3,0.0,0
3439.0,52.8,22.4,0
3624.0,50.5,14.5,1
1964.0,49.3,0.0,1
3161.0,50.6,24.9,1
3303.0,53.6,33.6,0
1510.0,68.3,7.4,0
3745.0,67.1,30.8,0
740.0,49.1,0.0,1
3979.0,46.4,21.8,1
3172.0,80.4,6.7,0
736.0,40.1,37.3,0
2762.0,63.2,0.0,1
523.0,63.6,0.0,0
3173.0,66.6,35.2,0
3277.0,83.7,0.0,0
2569.0,69.3,0.0,0
3485.0,88.5,34.0,0
752.0,82.9,9.4,0
1393.0,46.8,31.6,0
1891.0,48.3,16.5,1
553.0,54.0,35.4,0
2014.0,56.5,0.0,1
1355.0,65.4,6.9,0
1814.0,47.8,19.5,1
1930.0,47.2,31.5,0
3566.0,56.0,0.0,1
1373.0,72.0,0.0,0
3617.0,72.8,6.2,0
1933.0,88.7,11.2,0
1580.0,46.1,24.7,0
2209.0,56.6,18.5,0
1904.0,88.1,28.8,0
1327.0,73.0,0.0,0
2210.0,67.6,28.1,0
946.0,64.7,19.6,0
1667.0,39.2,0.0,1
2437.0,84.1,0.0,0
1888.0,69.4,28.6,0
3366.0,66.4,33.1,0
1324.0,64.7,0.0,0
3891.0,56.6,0.0,1
3225.0,49.0,0.0,1
3883.0,76.5,31.2,0
3417.0,63.0,35.9,0
912.0,36.9,0.0,1
2295.0,57.0,9.1,1
1012.0,86.1,0.0,0
3346.0,55.6,0.0,1
2503.0,57.7,0.0,1
1348.0,69.3,28.9,0
3747.0,79.1,21.9,0
815.0,71.8,0.0,0
2430.0,81.8,28.9,0
2996.0,41.3,28.1,1
612.0,85.9,25.4,0
2552.0,84.7,23.5,0
3337.0,63.6,29.7,0
643.0,69.4,0.0,0
2244.0,46.7,0.0,1
1331.0,59.6,23.8,0
2787.0,46.1,30.3,1
827.0,36.2,15.5,1
3773.0,88.9,9.9,0
3621.0,49.3,36.9,0
1070.0,67.6,35.2,0
1564.0,51.5,26.6,0
2515.0,55.4,0.0,1
2985.0,56.9,38.9,0
1994.0,53.4,24.9,0
963.0,70.1,0.0,0
775.0,87.9,0.0,0
3999.0,58.6,37.0,0
2039.0,88.5,29.2,0
3541.0,71.7,0.0,0
2137.0,68.4,0.0,0
3720.0,48.0,0.0,1
716.0,38.5,0.0,1
810.0,81.9,39.6,0
3747.0,66.6,30.3,0
3811.0,57.8,33.9,0
1533.0,79.7,0.0,0
1679.0,52.1,0.0,1
2029.0,78.1,0.0,0
1898.0,53.0,18.5,0
1084.0,85.6,35.4,0
3634.0,49.7,0.0,1
1312.0,42.6,34.0,0
2939.0,73.4,0.0,0
642.0,44.0,0.0,1
540.0,87.2,15.4,0
2753.0,71.1,0.0,0
1620.0,47.7,9.0,1
2760.0,46.5,0.0,1
738.0,85.8,27.6,0
3819.0,68.4,0.0,0
3095.0,84.2,0.0,0
3555.0,41.1,0.0,1
891.0,85.9,20.9,0
1553.0,63.6,39.8,0
1726.0,71.8,35.2,0
2334.0,55.5,0.0,1
1469.0,38.3,0.0,1
618.0,87.7,0.0,0
1728.0,89.7,8.5,0
1316.0,55.1,0.0,1
1789.0,86.9,0.0,0
1109.0,44.2,6.9,1
1343.0,43.5,12.0,1
2657.0,39.0,0.0,1
1797.0,56.5,0.0,1
1643.0,37.9,0.0,1
2322.0,56.7,21.9,0
3179.0,42.6,0.0,1
1764.0,75.2,16.0,0
2515.0,80.8,0.0,0
3878.0,72.8,5.3,0
2279.0,46.0,9.3,1
3675.0,77.2,0.0,0
3257.0,48.7,0.0,1
611.0,76.8,0.0,0
1945.0,66.2,37.7,0
2914.0,55.2,32.6,0
3952.0,39.6,9.0,1
2050.0,80.5,0.0,0
734.0,86.7,0.0,0
2423.0,71.6,29.2,0
856.0,88.0,38.1,0
3105.0,86.4,7.7,0
2228.0,45.7,32.1,0
3004.0,75.2,7.7,0
3530.0,54.2,16.8,1
2664.0,61.8,31.3,0
2605.0,43.6,29.9,1
3116.0,88.6,5.1,0
3433.0,74.9,12.1,0
3529.0,49.7,0.0,1
531.0,55.4,9.4,0
2402.0,58.2,16.4,0
1179.0,76.1,0.0,0
3497.0,85.9,8.9,0
2734.0,52.7,0.0,1
1913.0,61.0,0.0,0
1077.0,67.6,0.0,0
1620.0,56.6,29.2,0
2934.0,62.7,7.0,0
1136.0,40.8,27.2,1
737.0,44.2,0.0,1
3597.0,57.1,34.2,0
3151.0,85.3,0.0,0
1119.0,54.2,0.0,1
1452.0,48.7,0.0,1
3899.0,75.9,33.8,0
2949.0,87.2,0.0,0
2598.0,60.3,18.3,0
1507.0,35.5,7.8,1
1477.0,72.8,0.0,0
542.0,57.8,13.8,0
3023.0,72.1,0.0,0
555.0,50.3,0.0,1
417.0,35.1,0.0,1
3026.0,53.9,10.0,1
3816.0,73.8,38.0,0
3123.0,56.6,29.7,0
2098.0,47.1,22.5,1
2150.0,60.5,0.0,1
1970.0,76.4,30.0,0
1569.0,41.6,0.0,1
2278.0,73.0,0.0,0
1952.0,71.7,13.6,0
2553.0,55.4,0.0,1
3633.0,88.4,0.0,0
3982.0,84.2,0.0,0
683.0,52.4,0.0,1
1785.0,36.7,21.8,1
1051.0,52.0,0.0,1
1668.0,46.3,37.8,0
1435.0,65.1,0.0,0
1028.0,85.5,36.1,0
3151.0,82.9,25.8,0
2187.0,51.8,23.3,0
3709.0,58.6,10.6,1
517.0,37.0,14.5,1
641.0,64.9,35.4,0
1852.0,38.5,32.3,1
689.0,86.6,0.0,0
1346.0,82.7,0.0,0
3950.0,46.8,33.7,1
1152.0,73.5,0.0,0
1113.0,66.2,0.0,0
2465.0,79.1,33.0,0
2193.0,61.2,0.0,1
2490.0,45.5,0.0,1
1756.0,70.2,12.9,0
3376.0,39.4,0.0,1
899.0,67.2,0.0,0
1942.0,46.7,0.0,1
2883.0,72.7,0.0,0
3526.0,80.5,0.0,0
1730.0,41.0,10.4,1
2444.0,57.0,0.0,1
649.0,75.3,0.0,0
1013.0,44.0,18.4,0
649.0,66.2,0.0,0
3020.0,72.0,0.0,0
1437.0,54.5,0.0,1
3005.0,80.8,0.0,0
639.0,63.1,0.0,0
3505.0,69.5,0.0,0
3408.0,42.7,39.4,1
720.0,36.3,13.6,1
486.0,37.8,7.4,1
603.0,84.7,0.0,0
3473.0,83.5,22.2,0
1245.0,79.4,17.1,0
2374.0,46.0,0.0,1
1934.0,63.9,7.3,0
3264.0,78.8,8.2,0
2160.0,72.1,0.0,0
2202.0,41.4,39.0,0
3961.0,84.3,0.0,0
940.0,43.8,0.0,1
3391.0,44.4,0.0,1
586.0,84.6,0.0,0
2120.0,61.7,36.7,0
3591.0,55.5,11.5,1
2795.0,65.5,0.0,0
2867.0,89.0,33.9,0
1348.0,41.6,9.2,1
1907.0,76.6,6.9,0
1720.0,53.4,38.8,0
2277.0,41.4,19.2,1
2064.0,58.2,28.0,0
1577.0,65.2,0.0,1
1500.0,46.3,12.7,1
1303.0,57.3,0.0,0
1714.0,70.0,0.0,0
940.0,66.7,0.0,0
3540.0,74.8,0.0,0
2568.0,81.0,32.3,0
882.0,57.5,24.3,0
2898.0,58.3,0.0,1
3452.0,62.3,26.7,0
1255.0,66.1,0.0,0
942.0,41.0,9.7,1
431.0,52.2,0.0,0
570.0,44.5,0.0,1
3144.0,56.2,37.7,0
3954.0,88.5,38.4,0
562.0,67.1,0.0,0
3093.0,58.6,0.0,1
659.0,66.1,0.0,0
2532.0,71.8,23.9,0
3122.0,58.9,0.0,1
1693.0,59.6,0.0,0
439.0,73.6,26.8,0
2543.0,38.3,38.0,1
3968.0,64.7,0.0,1
1327.0,65.1,5.4,0
1082.0,76.6,0.0,0
846.0,89.0,0.0,0
2399.0,78.8,23.8,0
2547.0,62.7,0.0,1
3252.0,44.3,0.0,1
3111.0,67.4,6.3,0
3613.0,80.9,13.3,0
3301.0,86.3,15.5,0
1290.0,80.4,37.0,0
2401.0,45.4,0.0,1
1471.0,74.2,29.8,0
1587.0,83.4,0.0,0
3755.0,72.5,18.7,0
2855.0,72.7,0.0,0
3909.0,62.5,0.0,1
1901.0,70.0,0.0,0
2335.0,51.2,37.9,0
2154.0,39.9,0.0,1
786.0,80.5,29.4,0
1252.0,86.9,33.9,0
2299.0,82.1,36.7,0
643.0,53.4,0.0,0
3753.0,40.1,0.0,1
846.0,50.4,26.3,0
1113.0,81.4,22.8,0
3155.0,71.1,0.0,0
749.0,88.2,13.4,0
3641.0,53.8,0.0,1
3013.0,65.3,0.0,1
647.0,78.5,0.0,0
2891.0,47.9,0.0,1
2674.0,88.0,0.0,0
3126.0,67.6,6.3,0
3382.0,35.4,0.0,1
2986.0,36.4,35.7,1
2510.0,83.5,26.9,0
1561.0,70.5,36.2,0
2910.0,77.0,0.0,0
3845.0,78.1,22.7,0
2515.0,58.1,0.0,1
2792.0,78.9,31.7,0
1974.0,86.6,0.0,0
3122.0,44.5,5.8,1
3992.0,77.0,0.0,0
977.0,51.9,32.5,0
1129.0,52.7,0.0,1
2342.0,57.7,0.0,1
2133.0,82.5,12.2,0
2458.0,36.2,0.0,1
577.0,58.9,10.7,0
1855.0,72.4,12.4,0
2499.0,41.1,34.6,1
2507.0,78.6,17.7,0
2766.0,86.8,33.5,0
2993.0,40.0,21.6,1
2710.0,43.4,0.0,1
3245.0,88.6,17.7,0
2649.0,45.9,10.5,1
2335.0,39.3,0.0,1
2582.0,87.4,0.0,0
764.0,84.1,0.0,0
1383.0,71.1,32.2,0
2299.0,65.3,0.0,0
3543.0,85.6,32.2,0
2845.0,71.1,24.9,0
725.0,71.2,30.0,0
2532.0,81.4,0.0,0
1198.0,70.9,7.5,0
3042.0,62.7,29.7,0
3379.0,56.4,0.0,1
2536.0,62.7,0.0,1
2529.0,63.7,0.0,1
1619.0,54.8,6.8,1
2007.0,59.6,0.0,1
3511.0,79.1,0.0,0
3004.0,57.9,0.0,1
2271.0,36.4,0.0,1
1726.0,50.6,0.0,1
581.0,47.7,31.0,0
915.0,78.6,0.0,0
1095.0,59.7,27.9,0
1744.0,50.4,0.0,1
3799.0,79.6,0.0,0
2219.0,36.1,19.4,1
1245.0,44.6,16.4,1
781.0,80.5,7.9,0
1618.0,65.3,0.0,0
3337.0,77.6,33.1,0
1780.0,81.1,38.1,0
3181.0,86.8,0.0,0
3290.0,38.5,12.2,1
799.0,79.0,0.0,0
2591.0,74.0,0.0,0
3853.0,46.4,11.2,1
1848.0,86.2,25.4,0
583.0,57.2,17.7,0
3724.0,83.8,38.0,0
3581.0,68.3,0.0,0
2280.0,64.0,34.2,0
2388.0,43.8,36.4,0
1162.0,85.3,0.0,0
3350.0,65.6,0.0,1
2195.0,35.3,14.1,1
522.0,36.0,0.0,1
2859.0,77.8,7.7,0
3822.0,43.9,0.0,1
3385.0,67.9,39.2,0
1398.0,72.5,32.2,0
592.0,50.4,31.1,0
3785.0,66.3,10.6,0
3773.0,48.2,0.0,1
2317.0,87.0,34.4,0
2712.0,82.3,16.5,0
2065.0,50.8,11.7,1
1911.0,64.1,5.4,0
830.0,62.5,26.8,0
748.0,87.8,15.3,0
1238.0,56.7,35.2,0
3412.0,65.9,14.9,0
925.0,86.1,10.3,0
1216.0,44.0,0.0,1
2375.0,65.3,0.0,0
1174.0,40.8,29.0,0
988.0,69.0,0.0,0
2428.0,55.1,0.0,1
1725.0,88.2,0.0,0
2654.0,57.8,12.1,0
3684.0,42.5,21.8,1
944.0,80.9,32.7,0
3688.0,80.1,34.6,0
3649.0,73.2,5.1,0
3385.0,76.2,0.0,0
2673.0,49.6,0.0,1
2633.0,70.3,0.0,0
2701.0,37.1,0.0,1
2886.0,45.8,18.6,1
459.0,86.3,0.0,0
3849.0,75.7,20.7,0
2508.0,47.7,20.6,1
3213.0,41.1,0.0,1
1758.0,87.2,21.3,0
445.0,41.2,23.1,0
2235.0,49.1,6.0,1
2226.0,45.0,6.9,1
1973.0,35.4,18.0,1
1623.0,52.3,36.0,0
1299.0,88.6,32.7,0
2299.0,53.8,0.0,1
1751.0,62.7,22.3,0
3892.0,76.0,26.2,0
1023.0,65.3,0.0,0
1551.0,75.9,0.0,0
1458.0,71.4,0.0,0
2356.0,68.5,0.0,0
2197.0,70.7,0.0,0
2717.0,79.0,0.0,0
3820.0,74.1,24.7,0
1427.0,78.5,10.8,0
2894.0,43.0,27.3,1
490.0,72.3,0.0,0
1345.0,75.5,30.9,0
2069.0,51.5,0.0,1
512.0,83.1,0.0,0
2624.0,51.8,39.6,0
2842.0,48.4,34.0,0
3088.0,82.7,23.9,0
2260.0,48.6,39.7,0
2574.0,57.9,34.1,0
1826.0,55.2,9.8,1
549.0,84.4,25.7,0
760.0,60.0,0.0,0
2758.0,73.2,0.0,0
3984.0,78.7,37.9,0
457.0,69.5,22.2,0
2407.0,86.9,0.0,0
3104.0,79.1,0.0,0
3376.0,57.0,0.0,1
2363.0,87.3,0.0,0
2632.0,63.9,0.0,0
2908.0,36.2,15.6,1
3492.0,49.3,0.0,1
840.0,69.2,0.0,0
3734.0,43.6,0.0,1
494.0,67.1,9.7,0
3410.0,54.9,0.0,1
676.0,64.4,0.0,0
1101.0,35.1,8.8,1
414.0,81.7,29.4,0
2003.0,54.9,0.0,1
1604.0,42.7,10.4,1
998.0,59.1,0.0,0
2024.0,61.7,6.5,0
1849.0,70.1,0.0,0
3164.0,63.9,20.1,0
3615.0,37.4,17.8,1
2749.0,82.9,24.1,0
848.0,60.1,39.8,0
1463.0,39.2,0.0,1
3688.0,77.5,25.2,0
719.0,71.3,0.0,0
1865.0,70.7,0.0,0
3793.0,58.5,32.3,0
3822.0,57.6,24.2,0
1880.0,64.5,27.3,0
2803.0,37.8,37.6,1
2044.0,51.4,5.0,1
3112.0,89.3,36.5,0
514.0,71.4,22.4,0
919.0,58.0,26.2,0
2611.0,47.2,0.0,1
1237.0,76.0,14.1,0
2798.0,49.3,7.3,1
1664.0,43.9,38.1,0
3592.0,43.5,0.0,1
3349.0,75.1,0.0,0
2174.0,70.4,0.0,0
3182.0,38.8,0.0,1
1376.0,41.3,16.8,1
2179.0,69.9,0.0,0
1111.0,66.4,0.0,0
3499.0,72.7,37.8,0
3363.0,44.8,0.0,1
3648.0,75.0,0.0,0
3559.0,86.5,17.2,0
3855.0,68.1,26.4,0
1222.0,45.8,26.4,0
3755.0,72.4,28.9,0
2456.0,53.9,23.7,0
1921.0,37.7,0.0,1
2417.0,51.6,7.7,1
1633.0,84.8,39.1,0
1439.0,57.6,31.1,0
1269.0,82.6,0.0,0
697.0,63.0,0.0,0
2188.0,63.4,0.0,1
3596.0,35.3,16.3,1
2669.0,70.0,36.8,0
2276.0,40.9,0.0,1
1943.0,61.3,29.3,0
2072.0,49.3,11.1,1
1153.0,56.6,8.7,0
3363.0,64.5,0.0,1
1114.0,35.8,23.5,1
2980.0,50.7,34.6,0
3136.0,89.4,40.0,0
2470.0,38.2,26.8,1
3507.0,52.6,23.7,1
1448.0,52.7,0.0,1
3574.0,55.9,7.2,1
3026.0,72.7,0.0,0
3275.0,48.6,31.5,0
2792.0,60.3,23.5,0
3447.0,70.5,5.8,0
3975.0,52.7,12.1,1
1913.0,87.2,0.0,0
3330.0,88.9,0.0,0
3080.0,41.6,27.3,1
2030.0,53.9,0.0,1
3737.0,46.4,0.0,1
1820.0,45.3,32.3,0
2436.0,62.0,0.0,0
781.0,66.0,0.0,0
1213.0,58.4,0.0,0
3427.0,50.0,16.5,1
1828.0,50.3,0.0,1
1819.0,89.6,20.9,0
1286.0,85.8,13.5,0
2170.0,39.2,0.0,1
3301.0,71.1,0.0,0
3623.0,60.1,0.0,1
652.0,72.9,38.8,0
2469.0,67.8,0.0,0
2082.0,83.9,0.0,0
2611.0,38.7,0.0,1
2010.0,54.2,0.0,1
1835.0,89.2,39.8,0
2099.0,45.0,0.0,1
2495.0,42.0,23.6,1
2204.0,75.1,0.0,0
2100.0,77.8,37.0,0
3344.0,72.0,27.5,0
3084.0,77.7,0.0,0
1629.0,73.2,15.5,0
3282.0,42.5,25.7,1
3473.0,68.5,31.2,0
953.0,77.7,23.0,0
2498.0,82.6,32.3,0
1427.0,48.5,0.0,1
3061.0,42.0,16.7,1
1260.0,78.0,0.0,0
2817.0,49.1,16.3,1
1318.0,36.8,26.8,1
2240.0,80.4,23.2,0
3815.0,62.8,37.8,0
1773.0,53.0,0.0,1
3553.0,35.6,15.5,1
3953.0,36.9,0.0,1
3549.0,78.6,28.3,0
997.0,61.9,24.0,0
3351.0,43.2,0.0,1
516.0,54.7,19.4,0
1816.0,44.1,0.0,1
3535.0,41.2,28.5,1
2880.0,50.2,37.5,0
2318.0,65.2,39.0,0
1796.0,46.6,24.1,0
3324.0,53.9,0.0,1
2954.0,61.3,0.0,1
2086.0,58.1,0.0,0
3613.0,42.1,0.0,1
1228.0,37.1,0.0,1
1013.0,37.0,38.0,0
2714.0,54.3,28.1,0
3899.0,74.5,0.0,0
1290.0,42.2,19.9,1
1299.0,78.3,21.6,0
902.0,74.4,0.0,0
3498.0,35.2,32.2,1
1215.0,36.5,0.0,1
2211.0,45.7,19.3,1
3967.0,38.1,31.9,1
444.0,64.2,0.0,0
2403.0,37.2,0.0,1
2244.0,79.1,14.3,0
3307.0,62.1,0.0,1
1679.0,75.0,12.8,0
1877.0,76.3,5.9,0
1005.0,62.9,0.0,0
3067.0,85.9,27.7,0
3225.0,89.5,19.6,0
892.0,54.8,0.0,1
1816.0,41.9,39.5,0
3614.0,55.0,0.0,1
410.0,47.3,32.9,0
1476.0,64.2,0.0,0
2398.0,55.8,0.0,1
1603.0,61.4,33.8,0
1379.0,77.0,14.4,0
2056.0,50.1,0.0,1
1053.0,64.6,28.9,0
2307.0,53.4,20.5,0
2944.0,78.2,0.0,0
2471.0,70.2,15.7,0
735.0,35.5,21.9,1
3440.0,71.3,39.7,0
1030.0,44.4,11.3,1
3153.0,74.8,10.2,0
1698.0,66.2,10.0,0
3218.0,57.1,39.9,0
1143.0,73.2,0.0,0
1072.0,82.1,0.0,0
2189.0,77.8,29.3,0
519.0,65.0,31.6,0
1211.0,74.7,0.0,0
3006.0,57.8,0.0,1
3415.0,78.4,0.0,0
691.0,80.6,26.7,0
3575.0,42.6,26.2,1
3271.0,48.1,16.2,1
3531.0,49.8,0.0,1
2914.0,44.1,24.4,1
2827.0,56.6,0.0,1
2290.0,45.6,0.0,1
2750.0,67.8,0.0,0
3709.0,40.6,36.4,1
762.0,49.8,13.8,0
1537.0,71.6,0.0,0
661.0,56.9,0.0,0
3801.0,58.2,39.4,0
2003.0,78.9,0.0,0
2831.0,89.1,0.0,0
3428.0,66.1,0.0,1
3968.0,39.3,0.0,1
982.0,40.7,0.0,1
3278.0,88.3,14.2,0
3595.0,72.4,0.0,0
576.0,76.4,0.0,0
3115.0,72.2,31.9,0
1677.0,44.9,0.0,1
2735.0,59.7,24.6,0
2251.0,78.9,0.0,0
1335.0,82.6,17.0,0
887.0,48.1,0.0,1
821.0,67.8,28.8,0
772.0,43.6,25.1,0
2696.0,87.7,39.7,0
1665.0,48.9,21.4,0
1180.0,75.0,0.0,0
2891.0,47.7,0.0,1
2873.0,68.9,14.1,0
2341.0,71.3,16.6,0
3766.0,53.1,0.0,1
1787.0,80.0,18.7,0
3409.0,83.7,28.8,0
671.0,82.0,24.8,0
3063.0,53.2,36.1,0
3958.0,75.9,31.5,0
3448.0,65.8,0.0,1
2487.0,67.6,17.4,0
2656.0,61.3,0.0,1
1672.0,68.0,0.0,0
2846.0,42.5,22.6,1
3173.0,57.5,16.1,0
3994.0,44.8,0.0,1
2173.0,50.4,39.9,0
621.0,42.0,0.0,1
2545.0,46.7,0.0,1
828.0,78.0,12.0,0
1281.0,65.2,39.6,0
1584.0,36.3,27.1,1
3032.0,78.4,0.0,0
1062.0,85.0,6.5,0
997.0,83.4,0.0,0
562.0,80.3,28.7,0
3544.0,89.6,0.0,0
2897.0,67.3,11.2,0
544.0,87.9,0.0,0
502.0,87.2,0.0,0
2411.0,52.2,0.0,1
1417.0,82.5,33.0,0
2548.0,78.6,37.3,0
1965.0,77.7,28.6,0
3724.0,84.3,0.0,0
1436.0,56.1,0.0,1
2845.0,57.0,9.3,1
595.0,70.2,0.0,0
3841.0,75.6,26.1,0
3931.0,83.4,0.0,0
3061.0,83.2,14.6,0
2075.0,74.7,32.4,0
1192.0,87.6,0.0,0
3325.0,44.8,0.0,1
3051.0,87.3,37.5,0
1199.0,38.5,0.0,1
2024.0,65.6,8.8,0
2066.0,40.0,10.8,1
3375.0,66.2,0.0,1
2862.0,56.5,7.8,1
2715.0,39.5,0.0,1
2739.0,70.6,32.8,0
1374.0,75.2,0.0,0
1738.0,44.6,36.3,0
564.0,73.2,0.0,0
3233.0,44.8,0.0,1
1959.0,42.6,0.0,1
1978.0,43.1,0.0,1
1283.0,67.9,28.0,0
1154.0,77.8,0.0,0
2516.0,67.8,0.0,0
1237.0,79.5,0.0,0
631.0,67.5,0.0,0
3163.0,78.9,0.0,0
1755.0,88.7,0.0,0
1769.0,56.5,18.2,0
1953.0,43.2,33.9,1
3334.0,42.4,28.9,1
1555.0,67.9,0.0,0
3129.0,65.1,28.5,0
3782.0,45.1,22.6,1
2779.0,83.5,6.4,0
1954.0,87.6,0.0,0
3092.0,48.9,0.0,1
2048.0,46.4,0.0,1
1892.0,46.8,0.0,1
2291.0,56.3,32.6,0
1544.0,81.9,0.0,0
775.0,67.8,0.0,0
1893.0,38.7,0.0,1
846.0,61.0,0.0,0
1878.0,40.0,0.0,1
2405.0,57.3,0.0,1
3751.0,57.2,14.7,1
530.0,70.7,0.0,0
2637.0,65.2,16.8,0
2048.0,83.1,12.4,0
473.0,35.9,22.3,0
1298.0,77.6,13.0,0
827.0,36.2,0.0,1
1180.0,51.7,19.0,0
1388.0,83.4,36.4,0
1845.0,73.0,0.0,0
2305.0,44.5,0.0,1
404.0,62.0,12.5,0
983.0,74.7,0.0,0
737.0,86.6,15.7,0
2379.0,69.9,0.0,0
1585.0,36.4,0.0,1
2374.0,62.5,28.2,0
1199.0,43.4,16.3,1
487.0,37.6,21.8,0
3789.0,67.9,16.3,0
790.0,77.7,17.8,0
857.0,37.0,0.0,1
928.0,78.1,25.8,0
3933.0,73.9,0.0,0
2624.0,76.4,0.0,0
2597.0,48.5,35.0,0
3952.0,56.6,0.0,1
718.0,41.6,26.7,0
3908.0,48.1,0.0,1
1134.0,51.7,0.0,1
2643.0,52.6,0.0,1
1912.0,44.6,5.5,1
1782.0,45.4,23.7,1
3752.0,84.6,0.0,0
937.0,78.1,0.0,0
3989.0,53.9,0.0,1
1765.0,87.1,0.0,0
2736.0,48.1,6.9,1
3884.0,57.4,33.1,0
607.0,79.7,0.0,0
3722.0,59.4,0.0,1
2444.0,47.9,29.1,0
2936.0,55.3,0.0,1
937.0,62.5,0.0,0
2320.0,69.1,21.3,0
2825.0,57.3,0.0,1
2042.0,58.7,0.0,1
958.0,49.5,0.0,1
1279.0,64.4,34.4,0
3476.0,47.1,0.0,1
524.0,82.7,11.6,0
2952.0,76.1,0.0,0
3998.0,57.6,0.0,1
427.0,76.1,5.2,0
980.0,35.4,0.0,1
2827.0,53.9,0.0,1
616.0,59.2,0.0,0
2523.0,60.8,36.7,0
2862.0,76.2,0.0,0
2517.0,88.0,24.4,0
1715.0,55.9,0.0,1
2910.0,54.3,0.0,1
2539.0,68.6,0.0,0
1147.0,50.5,0.0,1
2427.0,42.8,33.4,0
3575.0,87.9,0.0,0
2801.0,79.5,21.4,0
2098.0,87.7,0.0,0
1558.0,47.0,10.9,1
709.0,36.0,0.0,1
1281.0,59.0,25.3,0
440.0,86.3,0.0,0
3952.0,42.6,33.2,1
1201.0,41.4,25.5,1
3334.0,38.8,38.2,1
1007.0,77.1,0.0,0
1421.0,78.2,35.7,0
1906.0,73.2,0.0,0
1568.0,37.9,0.0,1
3274.0,74.8,0.0,0
3848.0,59.7,8.7,1
3551.0,43.7,0.0,1
953.0,51.2,39.4,0
3196.0,62.6,37.1,0
933.0,53.1,0.0,1
3688.0,88.3,0.0,0
2264.0,61.1,14.4,0
1611.0,55.5,0.0,1
965.0,72.0,0.0,0
443.0,70.8,0.0,0
1293.0,35.1,16.9,1
3690.0,69.0,0.0,0
3270.0,48.4,0.0,1
3891.0,55.6,0.0,1
763.0,73.8,0.0,0
2532.0,65.7,8.9,0
1326.0,55.3,30.6,0
2355.0,44.2,26.6,1
1554.0,62.8,26.0,0
1420.0,52.6,0.0,1
2466.0,85.2,15.3,0
1060.0,64.4,7.3,0
2089.0,82.6,38.1,0
2743.0,56.5,19.6,0
861.0,80.5,0.0,0
3750.0,38.1,18.2,1
2221.0,51.4,0.0,1
3350.0,39.3,32.9,1
2754.0,36.7,0.0,1
2956.0,85.5,26.3,0
2978.0,74.4,22.0,0
3550.0,69.4,32.8,0
2609.0,64.3,0.0,1
1402.0,66.3,31.1,0
758.0,70.1,35.3,0
2583.0,80.5,22.6,0
639.0,67.8,18.1,0
1269.0,76.2,27.5,0
619.0,50.5,31.2,0
2376.0,88.7,0.0,0
977.0,36.8,0.0,1
2597.0,56.3,9.0,1
3247.0,83.5,12.6,0
3359.0,44.9,0.0,1
1514.0,42.8,0.0,1
2376.0,55.1,0.0,1
2427.0,58.6,18.0,0
2102.0,86.3,28.2,0
2758.0,81.0,36.9,0
1156.0,60.5,0.0,0
3925.0,88.5,0.0,0
753.0,70.3,14.1,0
3385.0,83.1,0.0,0
2539.0,48.5,0.0,1
1281.0,61.9,0.0,0
3084.0,36.6,32.7,1
704.0,35.5,0.0,1
3188.0,73.8,0.0,0
2524.0,41.5,0.0,1
799.0,65.1,38.0,0
686.0,73.3,0.0,0
3103.0,36.8,0.0,1
1455.0,59.7,0.0,0
3601.0,72.6,0.0,0
3143.0,83.9,35.4,0
2913.0,51.5,14.1,1
1403.0,88.6,0.0,0
2952.0,81.4,15.5,0
3813.0,70.8,0.0,0
730.0,56.6,34.8,0
1574.0,74.1,0.0,0
1245.0,79.9,0.0,0
1816.0,51.7,28.4,0
3072.0,89.6,40.0,0
2107.0,85.0,9.6,0
2455.0,61.7,29.5,0
1531.0,74.8,23.4,0
909.0,63.8,19.4,0
1361.0,76.9,0.0,0
3495.0,80.5,0.0,0
2569.0,36.3,32.9,1
1761.0,39.4,31.0,1
3244.0,53.5,39.5,0
632.0,85.5,0.0,0
1314.0,56.9,0.0,1
1228.0,83.8,0.0,0
3947.0,60.4,27.7,0
2942.0,50.9,0.0,1
2624.0,84.5,26.2,0
418.0,65.8,0.0,0
1064.0,54.8,0.0,1
2688.0,37.4,20.2,1
1767.0,41.1,0.0,1
3727.0,42.7,19.5,1
3153.0,55.1,0.0,1
2011.0,68.4,10.9,0
3098.0,51.9,32.0,0
3911.0,38.6,32.2,1
2060.0,49.6,0.0,1
2713.0,57.5,0.0,1
3707.0,89.6,10.4,0
1295.0,56.6,11.8,0
3592.0,39.9,23.6,1
751.0,67.0,12.9,0
2734.0,85.6,33.2,0
3218.0,78.3,26.6,0
2613.0,81.0,7.0,0
2184.0,86.1,17.5,0
2622.0,70.0,35.0,0
946.0,89.7,14.7,0
1176.0,36.8,30.2,1
1372.0,80.9,0.0,0
2552.0,82.1,0.0,0
1991.0,85.4,20.7,0
1280.0,61.3,22.2,0
3578.0,78.3,0.0,0
1746.0,45.7,17.7,1
2006.0,68.2,30.4,0
1875.0,54.7,5.5,1
1055.0,67.8,10.7,0
3034.0,72.2,0.0,0
2014.0,54.1,0.0,1
459.0,46.9,0.0,1
3870.0,52.7,7.2,1
3337.0,71.5,0.0,0
3005.0,72.2,33.7,0
3529.0,75.8,7.7,0
3665.0,42.0,10.0,1
1615.0,80.0,17.3,0
2599.0,72.8,9.0,0
2592.0,36.7,31.5,1
1362.0,53.5,0.0,1
1199.0,60.7,0.0,0
810.0,54.8,30.4,0
2774.0,41.5,0.0,1
3211.0,46.4,35.5,1
3139.0,36.4,0.0,1
1539.0,40.1,17.1,1
1139.0,49.6,0.0,1
2033.0,80.1,14.1,0
2369.0,64.0,0.0,1
3709.0,58.3,20.2,0
3549.0,71.4,0.0,0
3698.0,64.8,39.2,0
3461.0,42.2,0.0,1
3872.0,47.2,30.5,1
2076.0,47.2,25.0,0
571.0,68.0,8.2,0
701.0,60.4,38.3,0
1805.0,56.3,21.0,0
1328.0,65.6,36.3,0
1012.0,88.4,0.0,0
3832.0,52.3,8.7,1
1104.0,63.6,0.0,0
3854.0,61.4,11.9,0
3139.0,74.4,0.0,0
2707.0,75.2,0.0,0
2834.0,75.1,6.1,0
1593.0,46.1,0.0,1
2727.0,59.7,0.0,1
1072.0,79.6,0.0,0
3776.0,56.0,15.5,1
1486.0,89.1,0.0,0
1319.0,55.1,0.0,1
2960.0,62.4,17.1,0
2763.0,61.1,26.8,0
2025.0,58.9,0.0,1
2677.0,81.5,12.6,0
974.0,43.5,0.0,1
2824.0,66.2,15.8,0
1374.0,69.0,0.0,0
1382.0,81.8,0.0,0
984.0,68.5,0.0,0
1597.0,87.8,14.4,0
1593.0,83.0,0.0,0
2035.0,54.2,21.7,0
1086.0,82.3,0.0,0
1095.0,87.7,34.5,0
2350.0,49.1,31.3,0
864.0,68.6,0.0,0
2880.0,50.5,0.0,1
3798.0,70.7,0.0,0
1936.0,40.2,33.8,0
3644.0,75.4,0.0,0
754.0,58.1,16.2,0
555.0,67.3,26.2,0
2997.0,36.4,31.4,1
3140.0,73.2,23.3,0
3435.0,62.3,0.0,1
605.0,69.4,0.0,0
3197.0,52.4,8.9,1
1756.0,43.0,0.0,1
1492.0,58.9,20.5,0
1023.0,86.9,38.1,0
3986.0,47.5,0.0,1
629.0,72.2,0.0,0
3377.0,37.7,0.0,1
2702.0,74.5,0.0,0
3046.0,48.1,7.9,1
2962.0,59.8,17.5,0
3490.0,55.2,0.0,1
1062.0,41.2,5.3,1
403.0,54.0,0.0,0
2555.0,54.3,39.1,0
1674.0,63.7,35.0,0
846.0,88.5,0.0,0
1070.0,60.9,23.5,0
1594.0,85.3,11.0,0
653.0,60.4,0.0,0
605.0,40.9,0.0,1
3698.0,47.7,39.9,0
1524.0,57.4,0.0,1
3936.0,52.9,0.0,1
3872.0,82.6,0.0,0
913.0,72.3,20.6,0
2974.0,66.8,0.0,0
2563.0,62.0,10.2,0
2886.0,56.8,0.0,1
746.0,68.7,0.0,0
1079.0,41.9,34.6,0
676.0,43.9,0.0,1
2575.0,51.7,23.8,0
3952.0,44.4,0.0,1
2819.0,72.2,34.1,0
2959.0,36.4,0.0,1
3945.0,43.8,36.1,1
2841.0,84.6,0.0,0
545.0,89.9,37.3,0
3521.0,61.8,0.0,1
1713.0,62.2,0.0,1
416.0,77.5,5.6,0
2226.0,37.0,0.0,1
3773.0,58.5,0.0,1
1326.0,40.5,5.7,1
2169.0,57.1,32.1,0
1026.0,89.1,8.6,0
608.0,76.4,23.9,0
690.0,89.2,0.0,0
3017.0,76.0,0.0,0
3511.0,68.4,34.9,0
916.0,76.5,0.0,0
1438.0,71.3,0.0,0
1102.0,60.5,0.0,0
497.0,51.1,0.0,0
2392.0,63.6,0.0,0
2920.0,49.2,0.0,1
2732.0,61.8,13.0,0
1797.0,43.0,21.0,1
2398.0,66.1,13.6,0
739.0,48.5,0.0,1
955.0,51.1,0.0,1
3754.0,62.4,27.2,0
3141.0,43.9,0.0,1
3722.0,87.9,0.0,0
3700.0,59.6,32.6,0
2738.0,54.4,24.0,0
3742.0,36.6,0.0,1
1900.0,81.4,23.8,0
413.0,69.4,12.5,0
625.0,57.9,29.4,0
794.0,48.5,0.0,1
743.0,76.0,7.3,0
1666.0,87.0,29.3,0
2925.0,55.9,0.0,1
3246.0,42.4,13.9,1
2525.0,41.0,6.1,1
927.0,35.3,0.0,1
3092.0,75.9,0.0,0
1677.0,89.0,0.0,0
447.0,89.6,32.7,0
1410.0,78.1,0.0,0
1590.0,43.9,19.3,1
1387.0,88.8,0.0,0
3323.0,53.0,14.8,1
3136.0,53.3,10.8,1
2904.0,72.8,38.6,0
900.0,37.7,33.6,0
3308.0,80.4,0.0,0
2838.0,89.9,0.0,0
1101.0,77.6,14.3,0
2733.0,78.0,0.0,0
2141.0,56.5,16.3,0
1982.0,38.6,9.5,1
804.0,78.6,12.8,0
2266.0,67.8,0.0,0
760.0,85.0,19.3,0
991.0,41.4,0.0,1
877.0,51.8,23.2,0
3835.0,54.8,18.0,1
1426.0,72.6,22.4,0
1679.0,78.3,19.6,0
1559.0,87.9,0.0,0
3634.0,51.2,7.4,1
2427.0,62.2,25.5,0
3709.0,36.6,0.0,1
1480.0,48.9,18.1,1
813.0,55.6,24.1,0
2402.0,67.7,31.6,0
1644.0,60.9,39.2,0
3287.0,55.0,0.0,1
3566.0,69.3,14.0,0
2101.0,80.6,0.0,0
3897.0,48.3,12.8,1
2391.0,53.9,0.0,1
1375.0,73.8,34.6,0
2160.0,77.8,0.0,0
534.0,80.4,0.0,0
3294.0,46.5,0.0,1
765.0,64.7,7.0,0
1511.0,84.5,0.0,0
2435.0,56.6,0.0,1
555.0,58.6,0.0,0
686.0,89.2,0.0,0
2906.0,41.2,18.1,1
658.0,73.8,0.0,0
2117.0,81.8,0.0,0
1619.0,43.3,0.0,1
1221.0,74.3,0.0,0
1080.0,60.8,0.0,0
3148.0,81.9,0.0,0
3826.0,84.9,0.0,0
905.0,83.0,0.0,0
3855.0,38.5,0.0,1
2541.0,76.6,38.2,0
2710.0,85.7,0.0,0
2956.0,69.2,16.1,0
2935.0,68.0,18.8,0
3351.0,37.5,34.5,1
2140.0,82.1,0.0,0
2320.0,37.6,15.3,1
1566.0,52.2,23.6,0
779.0,85.9,34.0,0
2793.0,87.2,24.8,0
521.0,89.6,0.0,0
1392.0,61.2,38.7,0
739.0,44.8,9.1,1
1087.0,61.8,0.0,0
2699.0,40.6,0.0,1
2663.0,83.0,30.6,0
1916.0,65.8,0.0,0
725.0,57.2,14.3,0
1960.0,39.4,0.0,1
1670.0,57.3,35.8,0
2994.0,82.6,0.0,0
2484.0,73.7,5.2,0
2170.0,39.5,7.0,1
2153.0,43.8,27.1,1
3879.0,56.6,0.0,1
3123.0,40.6,0.0,1
2189.0,86.4,0.0,0
2125.0,70.9,0.0,0
495.0,40.2,15.6,0
3793.0,78.3,0.0,0
1549.0,55.3,0.0,1
1321.0,48.5,23.9,0
3998.0,66.3,0.0,1
2987.0,35.7,0.0,1
571.0,60.6,12.3,0
623.0,81.4,0.0,0
492.0,86.0,15.2,0
2559.0,53.8,38.6,0
658.0,70.3,0.0,0
3760.0,47.5,36.8,0
3773.0,65.8,35.8,0
2366.0,49.0,0.0,1
2620.0,66.4,6.4,0
1451.0,44.4,0.0,1
630.0,86.8,30.2,0
3055.0,83.8,16.7,0
766.0,53.5,0.0,0
708.0,77.7,0.0,0
1520.0,40.3,0.0,1
445.0,75.7,32.3,0
1963.0,50.5,20.0,0
2948.0,42.5,0.0,1
3285.0,72.3,0.0,0
2576.0,60.8,19.8,0
3449.0,64.2,0.0,1
1863.0,63.6,0.0,0
3456.0,38.3,0.0,1
2223.0,37.8,22.8,1
1203.0,68.1,0.0,0
3799.0,69.3,31.0,0
1390.0,37.6,8.3,1
494.0,55.8,0.0,0
1274.0,68.7,38.2,0
1720.0,71.1,0.0,0
1665.0,80.6,0.0,0
2289.0,58.1,22.9,0
3579.0,65.2,0.0,1
1452.0,66.8,33.7,0
2275.0,52.2,14.9,1
1625.0,38.0,0.0,1
3358.0,35.2,12.0,1
967.0,81.0,35.8,0
773.0,46.0,0.0,1
2211.0,69.7,34.5,0
2819.0,66.7,22.3,0
3264.0,57.0,0.0,1
2523.0,80.8,0.0,0
3186.0,73.4,0.0,0
1814.0,36.3,0.0,1
518.0,77.7,0.0,0
818.0,62.9,25.6,0
539.0,54.1,26.4,0
1584.0,75.0,26.7,0
2184.0,72.7,0.0,0
1683.0,52.1,0.0,1
2418.0,89.1,0.0,0
2130.0,70.7,0.0,0
2841.0,68.3,9.0,0
2801.0,38.8,0.0,1
1545.0,50.4,10.7,1
1646.0,59.6,0.0,1
2507.0,69.7,30.3,0
2547.0,63.2,27.4,0
1533.0,77.0,27.4,0
1589.0,49.4,35.1,0
2899.0,73.6,16.7,0
2731.0,79.9,16.3,0
886.0,77.1,0.0,0
1988.0,77.4,0.0,0
3614.0,83.9,24.4,0
531.0,39.6,0.0,1
3479.0,73.3,33.3,0
987.0,88.3,0.0,0
2226.0,66.6,19.2,0
1928.0,47.0,0.0,1
436.0,89.9,39.6,0
3695.0,44.6,0.0,1
2038.0,53.5,0.0,1
3835.0,44.5,36.7,0
1432.0,60.5,0.0,0
3519.0,58.0,0.0,1
3721.0,62.0,14.0,0
2405.0,86.0,11.6,0
1130.0,61.3,0.0,0
2867.0,63.3,13.9,0
2376.0,83.8,0.0,0
3800.0,80.0,0.0,0
1981.0,48.2,34.2,0
1367.0,35.7,0.0,1
898.0,69.6,0.0,0
2915.0,81.5,0.0,0
3907.0,65.4,10.7,0
502.0,46.6,10.1,0
3066.0,75.8,0.0,0
3737.0,71.8,11.5,0
669.0,66.1,7.8,0
797.0,82.5,0.0,0
2891.0,78.1,35.6,0
2733.0,71.7,0.0,0
648.0,71.6,0.0,0
3404.0,71.4,0.0,0
2284.0,63.9,0.0,0
3666.0,60.5,22.7,0
3561.0,74.0,5.6,0
3325.0,68.6,6.7,0
2257.0,61.9,0.0,1
1306.0,42.0,0.0,1
2222.0,73.6,0.0,0
763.0,70.5,0.0,0
2772.0,53.8,39.4,0
882.0,54.6,32.3,0
2240.0,48.6,32.0,0
596.0,87.9,22.7,0
1478.0,82.3,0.0,0
1235.0,65.9,0.0,0
2632.0,57.1,0.0,1
3232.0,75.5,32.6,0
606.0,64.0,0.0,0
3461.0,88.7,0.0,0
3499.0,38.0,39.6,1
1632.0,36.9,0.0,1
2772.0,66.3,12.8,0
1849.0,46.2,0.0,1
955.0,68.2,16.3,0
2303.0,78.0,0.0,0
711.0,42.6,8.0,1
3562.0,59.2,33.3,0
3727.0,72.9,0.0,0
3358.0,80.9,8.3,0
2425.0,62.3,30.6,0
2407.0,46.3,35.1,0
3945.0,67.2,8.8,0
1292.0,60.0,13.6,0
673.0,77.5,0.0,0
2423.0,65.6,0.0,0
1584.0,50.4,0.0,1
1560.0,76.5,9.8,0
426.0,63.5,14.0,0
2546.0,44.8,21.4,1
1351.0,66.0,0.0,0
1076.0,87.2,27.1,0
546.0,73.8,5.9,0
1712.0,51.4,0.0,1
3564.0,74.1,30.7,0
1612.0,50.5,0.0,1
2845.0,64.8,10.5,0
3124.0,64.0,0.0,1
1581.0,48.6,32.3,0
3358.0,54.1,0.0,1
2891.0,86.8,0.0,0
2413.0,48.8,8.5,1
404.0,79.1,26.2,0
526.0,71.7,0.0,0
3967.0,64.3,0.0,1
3216.0,42.6,34.2,1
3775.0,46.3,30.3,1
3648.0,44.8,0.0,1
474.0,67.3,0.0,0
3251.0,88.5,0.0,0
2024.0,83.2,7.7,0
3242.0,36.4,33.6,1
424.0,50.1,17.6,0
1438.0,43.6,0.0,1
3105.0,88.7,9.1,0
3255.0,48.0,0.0,1
2631.0,46.1,32.1,1
1485.0,69.1,0.0,0
1517.0,65.6,0.0,0
3880.0,47.4,0.0,1
1981.0,71.9,0.0,0
2010.0,40.3,0.0,1
2388.0,36.1,37.2,1
1874.0,39.5,13.4,1
2390.0,55.1,26.0,0
1956.0,88.6,10.0,0
3376.0,65.1,0.0,1
3673.0,76.5,9.5,0
3756.0,52.7,0.0,1
2431.0,74.6,0.0,0
1992.0,88.1,0.0,0
2939.0,54.7,0.0,1
3418.0,89.9,14.0,0
2427.0,70.1,0.0,0
2920.0,76.2,0.0,0
3099.0,48.9,27.1,0
2835.0,70.4,0.0,0
3086.0,63.1,25.3,0
1151.0,87.6,0.0,0
2194.0,84.8,37.3,0
2518.0,56.8,10.8,0
409.0,87.1,0.0,0
3481.0,83.7,37.2,0
2596.0,67.5,0.0,0
865.0,39.5,0.0,1
3339.0,43.8,13.4,1
2981.0,39.2,26.1,1
3130.0,40.9,0.0,1
1811.0,88.7,0.0,0
3475.0,46.7,0.0,1
1890.0,73.0,14.3,0
2454.0,70.0,19.4,0
402.0,69.7,0.0,0
2722.0,46.4,32.5,0
2985.0,66.9,0.0,0
2442.0,69.4,8.7,0
2188.0,66.4,17.4,0
3316.0,45.2,27.1,1
2853.0,74.8,0.0,0
1401.0,39.0,0.0,1
3853.0,67.5,0.0,0
2946.0,59.0,23.5,0
3957.0,48.8,35.8,0
3897.0,79.4,0.0,0
3708.0,44.7,0.0,1
3119.0,86.3,0.0,0
2594.0,83.7,31.9,0
1020.0,54.8,32.1,0
2356.0,51.8,0.0,1
3155.0,42.6,36.0,0
2275.0,85.4,0.0,0
3526.0,69.5,38.2,0
795.0,36.7,0.0,1
1771.0,63.1,0.0,0
2221.0,39.7,32.5,0
1956.0,66.6,27.9,0
791.0,63.0,0.0,0
953.0,39.6,34.5,0
3415.0,79.9,31.7,0
2144.0,49.4,0.0,1
575.0,64.8,39.9,0
459.0,70.1,13.7,0
2105.0,87.9,0.0,0
992.0,62.2,16.2,0
2938.0,85.5,21.0,0
3263.0,54.5,0.0,1
1222.0,82.2,16.7,0
2532.0,48.0,0.0,1
956.0,73.9,7.0,0
1493.0,39.9,6.4,1
3600.0,89.2,0.0,0
2359.0,87.5,15.9,0
3589.0,59.3,0.0,1
1211.0,63.8,7.9,0
1588.0,67.9,11.9,0
2095.0,50.1,0.0,1
2128.0,72.1,38.1,0
3992.0,73.4,0.0,0
812.0,63.9,18.8,0
3467.0,43.1,23.6,1
3509.0,85.6,8.9,0
2392.0,41.3,0.0,1
1639.0,69.6,38.9,0
2269.0,40.7,9.6,1
1453.0,43.0,10.3,1
3277.0,36.1,27.0,1
2194.0,55.0,10.3,1
3733.0,70.2,0.0,0
2642.0,63.7,0.0,1
2252.0,72.1,26.7,0
2960.0,72.1,0.0,0
2214.0,42.7,33.8,1
3656.0,38.2,8.7,1
1064.0,69.4,16.6,0
3904.0,70.9,30.9,0
3324.0,65.6,26.5,0
3499.0,48.5,26.0,1
2138.0,79.6,29.0,0
3414.0,39.2,0.0,1
1504.0,69.8,0.0,0
3143.0,41.6,0.0,1
906.0,71.0,19.0,0
1505.0,58.0,0.0,1
2005.0,74.5,14.1,0
1560.0,37.9,31.6,1
1793.0,65.5,0.0,0
3352.0,43.0,21.8,1
1324.0,72.5,0.0,0
3083.0,41.6,27.0,1
665.0,39.0,0.0,1
3157.0,74.2,0.0,0
3251.0,38.5,0.0,1
1846.0,47.3,39.9,0
3001.0,80.4,0.0,0
3694.0,79.5,8.0,0
3283.0,82.0,17.8,0
1806.0,52.9,0.0,1
2143.0,64.0,0.0,0
3206.0,77.5,0.0,0
1453.0,42.5,23.9,1
3294.0,74.8,19.6,0
1581.0,40.4,0.0,1
3302.0,85.2,6.0,0
712.0,70.1,0.0,0
560.0,62.1,21.6,0
3992.0,61.7,0.0,1
3530.0,45.0,0.0,1
3578.0,54.0,0.0,1
3825.0,75.0,25.0,0
1978.0,64.8,36.0,0
1433.0,64.1,0.0,0
868.0,45.7,0.0,1
2204.0,73.0,35.3,0
1192.0,56.6,0.0,1
3768.0,45.1,20.4,1
414.0,86.9,0.0,0
916.0,62.9,0.0,0
1287.0,64.0,37.7,0
1116.0,89.0,0.0,0
1213.0,55.2,21.8,0
2762.0,86.9,0.0,0
1579.0,73.2,0.0,0
2614.0,69.8,23.9,0
3605.0,47.9,0.0,1
2569.0,37.8,20.9,1
2900.0,59.1,14.9,0
1716.0,35.6,5.7,1
975.0,38.9,0.0,1
1554.0,67.7,0.0,0
3871.0,74.8,0.0,0
2639.0,44.2,32.2,1
1399.0,75.3,0.0,0
2023.0,87.2,0.0,0
3408.0,75.9,37.7,0
2806.0,78.2,0.0,0
2418.0,73.5,19.2,0
3587.0,47.4,0.0,1
2821.0,54.8,34.8,0
2714.0,87.2,23.6,0
1083.0,71.4,0.0,0
783.0,78.4,9.0,0
3875.0,88.3,9.6,0
2556.0,47.7,0.0,1
1896.0,52.7,26.1,0
2520.0,70.5,15.5,0
623.0,36.3,10.7,1
3360.0,66.4,9.3,0
1180.0,79.5,0.0,0
3296.0,68.6,0.0,0
2324.0,51.2,0.0,1
1396.0,74.8,0.0,0
509.0,43.0,0.0,1
3337.0,84.2,0.0,0
1035.0,40.6,0.0,1
586.0,82.5,8.1,0
3121.0,62.4,0.0,1
1660.0,58.6,34.6,0
1802.0,62.5,6.8,0
1289.0,46.0,21.7,0
3493.0,60.2,0.0,1
1470.0,81.7,32.7,0
1157.0,79.1,22.3,0
1513.0,44.0,11.0,1
1131.0,72.0,0.0,0
1544.0,82.1,0.0,0
699.0,80.1,14.7,0
971.0,58.4,0.0,0
1901.0,37.6,21.1,1
3566.0,86.2,27.0,0
606.0,56.8,33.9,0
1166.0,54.9,21.1,0
3670.0,76.8,39.0,0
3604.0,49.5,25.9,0
2846.0,80.9,26.2,0
1266.0,39.2,0.0,1
1911.0,75.7,11.7,0
1160.0,88.1,25.2,0
863.0,89.8,30.2,0
1768.0,85.8,0.0,0
2473.0,82.9,0.0,0
1696.0,50.3,17.5,0
2599.0,88.2,0.0,0
1467.0,86.0,12.8,0
1645.0,64.4,9.9,0
3246.0,57.1,0.0,1
3562.0,41.0,0.0,1
1559.0,67.5,33.2,0
2457.0,73.5,0.0,0
1401.0,57.2,8.1,0
592.0,57.3,22.3,0
3056.0,66.5,14.7,0
1016.0,36.5,0.0,1
1933.0,87.7,0.0,0
2153.0,50.9,34.8,0
1064.0,42.7,0.0,1
740.0,35.3,0.0,1
1653.0,82.1,31.8,0
3828.0,82.5,0.0,0
2614.0,40.2,0.0,1
1773.0,43.4,21.5,1
540.0,59.6,0.0,0
2561.0,45.2,0.0,1
732.0,75.5,0.0,0
2353.0,38.2,35.1,0
3107.0,65.2,22.1,0
1925.0,56.1,30.6,0
1478.0,60.6,13.6,0
571.0,58.4,0.0,0
489.0,43.4,25.5,0
1948.0,47.1,0.0,1
3580.0,38.6,10.6,1
1279.0,41.3,31.6,0
2467.0,88.8,0.0,0
2864.0,50.4,23.2,1
619.0,51.9,11.6,0
951.0,42.0,0.0,1
1593.0,76.5,29.2,0
2812.0,85.8,34.8,0
1981.0,78.4,0.0,0
3043.0,68.7,0.0,0
3523.0,79.7,32.6,0
3130.0,57.2,0.0,1
3972.0,82.3,0.0,0
3116.0,78.9,17.3,0
3468.0,35.1,32.0,1
3397.0,61.8,0.0,1
3029.0,49.6,0.0,1
3286.0,39.7,19.1,1
3765.0,81.5,0.0,0
2111.0,35.4,22.7,1
2698.0,75.2,36.4,0
2254.0,89.4,0.0,0
3464.0,61.5,15.0,0
1953.0,55.4,38.7,0
3351.0,68.3,13.5,0
3278.0,79.3,0.0,0
3863.0,48.2,0.0,1
1296.0,48.8,38.4,0
2955.0,68.4,28.9,0
3125.0,86.7,19.3,0
3771.0,51.4,0.0,1
3665.0,55.7,34.1,0
2465.0,89.6,0.0,0
2485.0,44.7,8.6,1
1002.0,39.2,35.4,0
3910.0,67.4,26.6,0
1318.0,36.3,0.0,1
3009.0,44.9,8.8,1
3265.0,69.2,0.0,0
1988.0,71.3,0.0,0
1160.0,63.1,19.9,0
1080.0,56.1,30.0,0
3483.0,66.7,5.1,0
2239.0,70.4,32.8,0
724.0,79.2,0.0,0
2981.0,78.6,0.0,0
1301.0,71.6,23.2,0
3555.0,84.2,32.6,0
1514.0,81.1,27.0,0
1121.0,42.3,0.0,1
705.0,87.6,0.0,0
2242.0,84.0,22.3,0
2023.0,52.7,0.0,1
3105.0,36.1,6.3,1
2073.0,68.2,0.0,0
1638.0,59.1,0.0,1
1342.0,76.2,0.0,0
1401.0,63.9,0.0,0
3740.0,39.2,21.5,1
994.0,48.5,0.0,1
3957.0,83.5,0.0,0
1577.0,37.1,37.8,1
718.0,75.5,0.0,0
1295.0,51.1,7.6,1
610.0,59.9,0.0,0
3244.0,64.2,0.0,1
2245.0,48.8,0.0,1
1613.0,70.9,16.2,0
2783.0,73.1,0.0,0
2670.0,39.7,25.0,1
3784.0,55.6,39.7,0
3861.0,75.9,0.0,0
2850.0,74.7,19.5,0
3344.0,65.0,0.0,1
3253.0,77.8,0.0,0
2169.0,40.9,7.2,1
2936.0,41.5,0.0,1
682.0,71.2,20.9,0
3129.0,73.1,31.1,0
3863.0,79.8,0.0,0
706.0,45.0,0.0,1
3410.0,63.4,20.6,0
3759.0,71.3,0.0,0
1214.0,47.3,0.0,1
2289.0,63.4,0.0,1
3740.0,70.1,0.0,0
3857.0,46.8,12.4,1
860.0,55.7,0.0,1
1656.0,46.9,0.0,1
2913.0,84.7,38.0,0
1198.0,48.0,24.0,0
1569.0,41.6,22.3,1
484.0,36.9,31.8,0
953.0,37.5,0.0,1
2424.0,45.5,0.0,1
2751.0,68.5,10.8,0
2736.0,36.0,0.0,1
3202.0,50.8,29.9,0
1895.0,38.2,0.0,1
1385.0,57.2,16.3,0
456.0,37.7,24.4,0
1144.0,68.4,30.6,0
1525.0,72.9,0.0,0
1042.0,75.2,10.5,0
473.0,47.3,12.6,0
967.0,82.8,31.0,0
2798.0,73.0,9.1,0
2667.0,38.1,0.0,1
3768.0,59.2,0.0,1
3273.0,77.2,0.0,0
2444.0,52.1,32.9,0
895.0,56.0,6.9,0
2431.0,69.6,0.0,0
622.0,38.1,27.6,0
1951.0,88.2,0.0,0
1805.0,44.6,35.5,0
1940.0,36.5,0.0,1
1407.0,35.3,0.0,1
2869.0,57.0,0.0,1
3427.0,83.6,39.7,0
3167.0,80.1,6.1,0
2660.0,85.2,0.0,0
2338.0,64.4,10.9,0
512.0,59.7,19.3,0
3003.0,56.2,0.0,1
2362.0,37.6,11.8,1
1375.0,85.0,0.0,0
1580.0,62.3,5.3,0
3768.0,60.0,30.2,0
2648.0,63.3,0.0,0
2113.0,78.7,6.6,0
2635.0,47.3,0.0,1
1889.0,74.0,28.3,0
2093.0,74.1,14.2,0
1445.0,81.7,0.0,0
1983.0,35.5,22.1,1
2868.0,44.4,0.0,1
544.0,60.9,35.0,0
3262.0,81.8,25.6,0
1419.0,88.1,39.3,0
2857.0,67.7,30.4,0
2714.0,46.7,39.6,0
2749.0,45.2,0.0,1
2589.0,70.2,0.0,0
3853.0,46.6,30.8,1
2230.0,65.4,0.0,0
3036.0,80.9,0.0,0
2940.0,56.4,0.0,1
1251.0,55.8,13.0,0
1420.0,37.0,14.5,1
1926.0,49.0,0.0,1
1400.0,73.4,0.0,0
1720.0,54.8,10.0,0
1807.0,43.7,0.0,1
2574.0,40.8,13.5,1
1192.0,40.2,34.0,0
3295.0,71.3,37.1,0
1975.0,68.7,0.0,0
2942.0,63.5,19.6,0
693.0,62.5,38.3,0
2092.0,43.4,0.0,1
502.0,62.5,35.4,0
2833.0,38.3,0.0,1
1637.0,85.9,12.3,0
3817.0,38.2,29.2,1
1567.0,58.3,0.0,1
2430.0,35.0,0.0,1
1327.0,78.2,0.0,0
2632.0,44.1,0.0,1
2081.0,85.9,22.5,0
1734.0,37.4,0.0,1
1133.0,80.1,37.7,0
801.0,71.1,0.0,0
832.0,48.7,32.6,0
3997.0,46.1,11.8,1
1884.0,54.7,36.6,0
407.0,80.6,29.0,0
3831.0,82.4,10.3,0
472.0,44.6,30.9,0
1907.0,54.4,30.3,0
2983.0,48.1,0.0,1
3693.0,41.7,0.0,1
2966.0,70.6,0.0,0
2069.0,54.0,33.9,0
3908.0,47.4,17.1,1
542.0,82.6,12.3,0
3953.0,76.2,36.1,0
3458.0,77.6,0.0,0
3744.0,37.2,21.1,1
1317.0,85.3,0.0,0
913.0,66.6,0.0,0
2788.0,62.7,33.4,0
2257.0,35.6,0.0,1
2283.0,84.4,6.5,0
3729.0,64.9,39.0,0
2632.0,80.4,32.2,0
1520.0,71.1,0.0,0
1840.0,78.8,0.0,0
881.0,73.1,0.0,0
1092.0,85.7,0.0,0
916.0,47.4,0.0,1
3317.0,46.1,0.0,1
2938.0,74.2,31.4,0
2309.0,62.6,37.0,0
1748.0,68.0,12.5,0
2807.0,74.0,0.0,0
3326.0,65.1,10.4,0
3572.0,78.3,0.0,0
2369.0,52.5,0.0,1
3352.0,82.2,0.0,0
2241.0,40.9,27.5,1
2108.0,69.9,27.4,0
3516.0,84.0,0.0,0
1791.0,48.9,36.3,0
1825.0,53.0,9.7,1
1498.0,51.8,0.0,1
2267.0,66.0,22.4,0
2361.0,57.7,0.0,1
2778.0,40.9,0.0,1
1950.0,84.0,38.7,0
1184.0,46.3,0.0,1
3521.0,64.4,14.5,0
1646.0,67.7,0.0,0
3723.0,37.2,37.3,1
1146.0,40.3,23.8,1
2416.0,88.4,5.7,0
2332.0,71.5,17.4,0
3383.0,36.8,12.8,1
900.0,78.7,0.0,0
3676.0,63.0,0.0,1
2313.0,39.1,18.7,1
2510.0,72.4,0.0,0
2237.0,62.5,0.0,1
530.0,46.3,13.6,0
2190.0,83.3,0.0,0
1349.0,51.0,0.0,1
1634.0,50.7,6.3,1
2737.0,50.0,10.3,1
2192.0,77.2,5.4,0
736.0,73.8,0.0,0
663.0,84.7,0.0,0
1068.0,47.6,23.6,0
1087.0,78.3,0.0,0
2590.0,66.5,23.5,0
1040.0,52.0,0.0,1
3574.0,36.9,0.0,1
1155.0,80.0,0.0,0
728.0,48.3,0.0,1
3553.0,69.7,0.0,0
1463.0,65.2,32.7,0
1932.0,35.2,11.8,1
3852.0,89.7,0.0,0
3800.0,79.8,37.9,0
2974.0,61.8,0.0,1
648.0,72.4,0.0,0
2536.0,61.2,24.1,0
3961.0,76.0,25.6,0
3809.0,42.4,25.9,1
782.0,59.5,0.0,0
1825.0,53.5,0.0,1
1536.0,60.3,13.5,0
867.0,59.8,38.2,0
2901.0,42.9,13.0,1
1386.0,88.7,5.6,0
1642.0,35.9,0.0,1
725.0,35.6,12.1,1
2193.0,55.5,27.0,0
969.0,69.1,0.0,0
1956.0,44.9,0.0,1
916.0,64.3,11.3,0
3834.0,74.8,0.0,0
922.0,40.2,9.8,1
2279.0,89.1,16.8,0
1109.0,53.5,0.0,1
675.0,70.3,33.6,0
1128.0,41.1,30.5,0
597.0,74.0,0.0,0
902.0,81.2,7.9,0
2177.0,40.8,0.0,1
2747.0,41.9,12.9,1
714.0,50.5,0.0,1
1988.0,35.7,0.0,1
2492.0,89.2,39.0,0
1243.0,67.9,0.0,0
1739.0,68.4,0.0,0
659.0,87.7,0.0,0
1192.0,80.8,5.9,0
2080.0,79.8,9.8,0
3966.0,53.7,0.0,1
3987.0,53.4,0.0,1
3927.0,51.0,0.0,1
1923.0,54.1,9.1,1
690.0,55.3,0.0,1
1565.0,42.7,5.7,1
1256.0,54.6,0.0,1
451.0,59.6,18.3,0
743.0,52.0,16.8,0
2031.0,44.1,0.0,1
1623.0,55.5,23.1,0
1049.0,61.4,0.0,0
2978.0,74.6,22.0,0
1686.0,74.1,0.0,0
3467.0,46.1,0.0,1
1268.0,37.0,0.0,1
2338.0,51.7,0.0,1
1063.0,43.6,26.6,0
2183.0,56.8,28.4,0
949.0,88.9,0.0,0
982.0,45.0,21.6,0
2604.0,52.5,35.9,0
1350.0,74.9,0.0,0
1021.0,63.0,0.0,0
3747.0,37.4,27.2,1
555.0,43.9,0.0,1
2435.0,86.4,12.6,0
2374.0,40.7,0.0,1
1302.0,69.9,0.0,0
2030.0,78.6,13.3,0
716.0,49.6,32.8,0
2997.0,74.9,21.2,0
1198.0,44.3,0.0,1
1096.0,50.7,7.1,1
1534.0,52.2,37.2,0
3649.0,89.8,38.5,0
3267.0,46.8,27.4,1
3809.0,42.1,11.5,1
2747.0,85.9,17.9,0
2787.0,43.9,15.7,1
2128.0,83.4,32.5,0
3659.0,70.8,0.0,0
2239.0,66.7,32.3,0
1678.0,76.3,17.6,0
2705.0,74.9,0.0,0
2366.0,41.1,0.0,1
846.0,90.0,0.0,0
1814.0,86.8,22.1,0
1528.0,84.3,0.0,0
3449.0,69.2,0.0,0
1764.0,63.8,21.0,0
3358.0,64.5,0.0,1
1993.0,35.8,18.8,1
3113.0,62.5,0.0,1
887.0,69.3,0.0,0
3729.0,71.2,0.0,0
2130.0,53.3,34.7,0
1335.0,60.9,7.8,0
1269.0,70.0,0.0,0
1354.0,58.6,0.0,1
1720.0,87.9,31.1,0
2983.0,73.8,37.6,0
3819.0,35.1,33.6,1
2809.0,36.3,0.0,1
2370.0,73.0,21.0,0
2015.0,57.7,13.6,0
3382.0,81.2,0.0,0
3459.0,44.5,9.2,1
1455.0,35.8,38.3,1
3832.0,56.3,33.5,0
1822.0,75.5,29.9,0
3280.0,88.4,0.0,0
3881.0,83.6,16.9,0
2933.0,61.6,0.0,1
982.0,79.7,18.3,0
2510.0,38.9,0.0,1
828.0,66.5,0.0,0
3241.0,85.8,21.6,0
1413.0,56.8,0.0,1
2903.0,87.8,35.7,0
3676.0,47.1,0.0,1
1052.0,40.8,0.0,1
1814.0,63.9,0.0,0
2730.0,84.9,0.0,0
1911.0,52.1,0.0,1
1029.0,79.0,0.0,0
505.0,44.3,30.2,0
1864.0,76.0,0.0,0
2737.0,65.6,0.0,0
2466.0,44.6,0.0,1
962.0,74.5,0.0,0
2022.0,74.3,0.0,0
1730.0,63.3,0.0,0
1387.0,47.4,9.3,1
3025.0,42.3,34.1,1
1515.0,87.6,15.7,0
2345.0,71.1,19.7,0
3724.0,79.5,21.2,0
2341.0,73.3,0.0,0
2621.0,80.6,0.0,0
664.0,43.9,12.0,1
1041.0,62.3,0.0,0
763.0,71.7,0.0,0
3153.0,40.7,38.0,1
3409.0,43.2,0.0,1
1071.0,69.9,0.0,0
1189.0,82.8,32.5,0
1564.0,71.3,0.0,0
2528.0,37.0,0.0,1
2638.0,88.4,0.0,0
2872.0,42.7,0.0,1
3659.0,47.8,8.9,1
1462.0,88.6,34.4,0
2772.0,77.4,0.0,0
2415.0,86.5,0.0,0
1501.0,79.4,0.0,0
3667.0,70.8,10.8,0
744.0,50.7,0.0,1
2963.0,53.0,0.0,1
3020.0,87.1,7.1,0
3695.0,82.3,32.9,0
2267.0,54.8,32.6,0
1558.0,55.5,21.9,0
3380.0,51.4,30.6,0
3175.0,52.9,6.4,1
2201.0,82.3,16.1,0
3164.0,35.6,0.0,1
1364.0,59.0,0.0,1
2522.0,86.9,0.0,0
3515.0,64.8,37.6,0
1545.0,59.8,33.9,0
2141.0,52.2,24.5,0
3824.0,39.1,0.0,1
3274.0,47.3,36.0,0
3593.0,40.0,0.0,1
1787.0,42.0,0.0,1
3987.0,44.0,21.3,1
949.0,51.6,11.7,0
2268.0,35.6,7.9,1
2125.0,87.3,0.0,0
3274.0,41.8,0.0,1
3671.0,56.1,0.0,1
3032.0,83.4,0.0,0
2657.0,40.9,19.8,1
1939.0,61.6,0.0,0
2237.0,81.5,0.0,0
2233.0,65.6,0.0,0
473.0,46.6,8.6,0
2211.0,75.5,39.2,0
3481.0,72.5,0.0,0
2953.0,54.9,0.0,1
3265.0,37.5,16.1,1
1806.0,35.4,23.8,1
2304.0,80.4,0.0,0
521.0,52.7,0.0,0
1779.0,42.6,13.4,1
2108.0,63.5,36.9,0
1319.0,85.6,0.0,0
512.0,35.5,0.0,1
2885.0,38.1,0.0,1
1966.0,57.9,0.0,1
1896.0,72.2,0.0,0
1300.0,61.2,0.0,0
2336.0,84.4,0.0,0
1977.0,37.4,0.0,1
2106.0,53.7,0.0,1
2491.0,54.3,0.0,1
423.0,53.7,13.2,0
3668.0,61.8,0.0,1
656.0,78.5,13.3,0
2023.0,52.5,9.1,1
1147.0,75.9,28.6,0
2286.0,43.1,0.0,1
1409.0,65.8,0.0,0
3496.0,55.6,9.4,1
1827.0,64.7,0.0,0
2700.0,40.9,0.0,1
1296.0,87.4,0.0,0
470.0,84.8,27.4,0
1855.0,80.5,37.9,0
2331.0,84.1,0.0,0
2054.0,43.1,17.5,1
3863.0,62.7,38.1,0
2945.0,52.5,0.0,1
3984.0,83.8,0.0,0
1462.0,45.4,0.0,1
3241.0,47.1,6.2,1
2400.0,72.8,7.6,0
2602.0,39.9,33.2,1
3949.0,75.3,9.8,0
2754.0,49.7,0.0,1
3636.0,71.4,25.5,0
3013.0,83.0,38.5,0
859.0,68.5,24.8,0
2918.0,46.7,0.0,1
2144.0,37.7,0.0,1
3708.0,37.5,0.0,1
3305.0,39.9,0.0,1
775.0,66.9,14.9,0
882.0,54.2,20.9,0
651.0,48.4,12.9,0
2176.0,47.1,0.0,1
691.0,87.2,0.0,0
3005.0,41.5,0.0,1
2388.0,51.8,5.3,1
3409.0,60.9,7.6,1
1407.0,35.0,0.0,1
2269.0,85.7,36.7,0
823.0,40.5,26.8,0
3585.0,72.5,0.0,0
1030.0,69.6,0.0,0
769.0,79.5,0.0,0
1138.0,70.8,0.0,0
3302.0,77.3,37.5,0
781.0,58.2,0.0,0
2612.0,61.9,23.3,0
3086.0,73.6,9.3,0
3104.0,66.3,32.8,0
1084.0,63.1,19.4,0
622.0,46.3,0.0,1
2016.0,49.2,6.1,1
1129.0,54.7,0.0,1
2917.0,35.5,13.0,1
1684.0,58.0,34.5,0
2018.0,35.2,0.0,1
809.0,66.1,0.0,0
2443.0,73.7,9.7,0
1068.0,65.9,28.2,0
2844.0,73.1,32.3,0
656.0,35.0,0.0,1
3913.0,38.3,13.6,1
2864.0,73.4,17.1,0
1054.0,79.2,0.0,0
451.0,74.5,27.2,0
1604.0,71.5,6.6,0
950.0,73.9,6.5,0
1186.0,75.7,0.0,0
3542.0,74.8,0.0,0
2572.0,75.6,11.2,0
1035.0,39.1,30.1,0
2404.0,38.5,0.0,1
1321.0,54.9,37.3,0
3914.0,64.0,0.0,1
518.0,76.9,19.1,0
3036.0,53.4,0.0,1
3183.0,50.1,0.0,1
642.0,78.0,25.0,0
1019.0,48.7,0.0,1
1784.0,80.1,28.2,0
3525.0,44.7,0.0,1
2333.0,54.8,0.0,1
2759.0,57.1,9.1,1
3219.0,51.5,20.6,1
3381.0,35.2,26.6,1
2115.0,48.0,10.4,1
2232.0,53.6,0.0,1
2985.0,52.2,0.0,1
1348.0,78.2,0.0,0
3476.0,37.6,8.3,1
475.0,56.4,0.0,0
1105.0,37.1,0.0,1
3281.0,86.2,29.3,0
1625.0,78.5,0.0,0
939.0,89.0,34.4,0
1072.0,85.1,0.0,0
2311.0,52.4,0.0,1
3446.0,73.0,0.0,0
654.0,51.9,0.0,0
510.0,83.9,26.8,0
2075.0,57.6,0.0,1
3842.0,55.7,6.4,1
1404.0,85.3,8.7,0
3853.0,81.0,0.0,0
3596.0,88.2,39.0,0
1419.0,38.7,31.6,1
3341.0,48.4,0.0,1
2869.0,51.5,28.2,0
2243.0,58.3,0.0,1
1922.0,61.0,30.7,0
3336.0,51.0,0.0,1
3255.0,78.5,22.5,0
3125.0,47.3,19.2,1
3994.0,73.3,10.8,0
2123.0,81.8,12.8,0
3305.0,68.2,0.0,0
3505.0,54.5,11.1,1
1162.0,45.3,0.0,1
551.0,42.4,0.0,1
1857.0,75.9,0.0,0
3484.0,60.8,34.0,0
1441.0,37.5,7.3,1
2920.0,89.1,0.0,0
426.0,71.9,31.8,0
1679.0,81.4,36.7,0
2616.0,59.1,0.0,1
867.0,87.5,0.0,0
3628.0,46.0,17.6,1
963.0,45.2,20.1,0
3675.0,84.0,0.0,0
1179.0,84.0,6.7,0
3979.0,62.4,0.0,1
2577.0,41.9,35.6,0
704.0,51.8,0.0,1
635.0,76.5,0.0,0
670.0,81.5,0.0,0
2524.0,54.1,17.8,0
3314.0,38.4,0.0,1
1851.0,71.6,0.0,0
2001.0,75.7,0.0,0
2521.0,58.3,35.6,0
2319.0,67.1,0.0,0
2877.0,89.3,0.0,0
2098.0,48.5,0.0,1
2970.0,66.5,8.1,0
3990.0,68.6,0.0,1
1661.0,65.2,0.0,0
444.0,82.8,32.7,0
852.0,68.3,16.8,0
2393.0,62.9,7.4,0
1639.0,41.8,0.0,1
3784.0,73.7,37.9,0
2659.0,42.3,27.8,1
2273.0,36.5,28.9,1
3273.0,61.9,37.7,0
1331.0,66.5,27.5,0
3351.0,89.9,32.6,0
411.0,74.2,0.0,0
2631.0,81.7,13.0,0
3765.0,54.1,34.1,0
3236.0,63.0,29.0,0
3473.0,88.6,0.0,0
1829.0,58.0,0.0,1
3367.0,79.4,33.6,0
2383.0,63.9,14.5,0
2627.0,47.3,0.0,1
612.0,66.9,7.5,0
1126.0,47.0,0.0,1
2383.0,35.2,0.0,1
612.0,48.0,35.3,0
3069.0,45.6,35.6,0
3424.0,55.4,0.0,1
3713.0,83.9,0.0,0
766.0,56.3,0.0,0
3783.0,81.5,16.2,0
643.0,65.6,24.3,0
2107.0,35.4,23.9,1
3425.0,45.4,24.0,1
653.0,86.2,0.0,0
466.0,68.2,0.0,0
490.0,86.1,16.6,0
2241.0,52.1,12.9,1
3322.0,74.4,0.0,0
859.0,77.5,9.1,0
849.0,88.7,36.6,0
2447.0,36.0,0.0,1
1243.0,87.4,0.0,0
3029.0,56.5,13.4,1
3819.0,81.1,0.0,0
3158.0,65.0,0.0,1
3558.0,66.1,37.2,0
2271.0,54.8,35.5,0
3396.0,80.6,0.0,0
1058.0,49.5,0.0,1
646.0,62.1,0.0,0
2761.0,65.8,0.0,0
587.0,75.8,36.0,0
3613.0,60.9,35.5,0
2890.0,72.4,0.0,0
3828.0,61.7,28.5,0
1530.0,71.3,0.0,0
2150.0,72.1,28.7,0
3070.0,74.0,26.5,0
1274.0,80.3,0.0,0
2351.0,64.7,0.0,0
2774.0,45.6,13.6,1
3924.0,72.4,0.0,0
3081.0,39.2,0.0,1
825.0,47.0,0.0,1
2111.0,78.6,0.0,0
2520.0,58.9,7.4,0
928.0,62.4,0.0,0
1955.0,89.3,0.0,0
1422.0,47.9,0.0,1
828.0,36.1,9.6,1
2243.0,41.1,21.6,1
996.0,48.4,14.8,0
2526.0,74.9,14.7,0
1011.0,77.7,27.4,0
3005.0,66.1,0.0,0
1103.0,49.0,0.0,1
3627.0,63.7,0.0,1
494.0,35.8,0.0,1
2279.0,72.5,18.9,0
1552.0,68.8,0.0,0
1210.0,36.2,21.5,1
2098.0,79.9,0.0,0
3431.0,77.0,0.0,0
3695.0,52.0,0.0,1
1492.0,69.9,0.0,0
955.0,68.1,0.0,0
2993.0,42.9,8.0,1
2495.0,45.6,0.0,1
1124.0,72.6,14.7,0
3137.0,86.3,35.6,0
2268.0,66.7,0.0,0
2752.0,66.2,10.3,0
1694.0,70.6,0.0,0
1981.0,59.2,0.0,1
1049.0,38.0,0.0,1
3123.0,56.8,33.3,0
965.0,84.5,25.1,0
3202.0,79.3,14.5,0
3273.0,86.0,20.3,0
3088.0,43.4,0.0,1
470.0,62.8,28.3,0
1383.0,67.2,27.2,0
2086.0,46.5,0.0,1
2544.0,46.1,0.0,1
3709.0,78.0,0.0,0
1752.0,72.0,0.0,0
3550.0,70.6,14.5,0
988.0,49.7,0.0,1
1737.0,62.9,0.0,0
588.0,36.3,33.6,0
3073.0,42.1,33.3,1
942.0,63.5,35.3,0
1325.0,52.0,13.1,0
3191.0,88.1,31.2,0
2325.0,60.9,0.0,1
450.0,39.6,10.8,1
408.0,36.0,0.0,1
2238.0,74.9,0.0,0
1498.0,44.4,26.2,0
1049.0,45.3,19.8,1
2609.0,58.3,11.8,1
1222.0,49.5,0.0,1
2532.0,68.9,32.5,0
1765.0,61.7,0.0,1
1072.0,41.1,0.0,1
897.0,78.2,0.0,0
1253.0,58.4,0.0,0
507.0,68.6,0.0,0
1509.0,35.2,19.6,1
3647.0,69.5,0.0,0
3393.0,50.6,36.4,0
1739.0,62.2,29.0,0
2473.0,51.4,0.0,1
2442.0,89.8,14.9,0
3383.0,47.7,0.0,1
1251.0,85.2,9.6,0
1467.0,85.5,0.0,0
1486.0,58.2,0.0,1
547.0,51.7,0.0,0
1533.0,56.0,35.8,0
3560.0,89.4,0.0,0
3683.0,69.0,34.5,0
795.0,65.0,0.0,0
2049.0,37.0,12.8,1
1773.0,81.6,0.0,0
2162.0,39.6,0.0,1
2397.0,37.6,0.0,1
473.0,50.1,0.0,0
3432.0,61.2,12.9,0
3905.0,84.2,17.4,0
2752.0,78.5,0.0,0
2778.0,45.9,0.0,1
2301.0,55.5,0.0,1
1603.0,77.9,35.1,0
936.0,64.0,8.4,0
2503.0,44.6,13.8,1
562.0,56.8,5.5,0
3368.0,69.4,0.0,0
1915.0,88.5,0.0,0
1893.0,71.4,27.5,0
1578.0,35.9,0.0,1
3890.0,73.8,0.0,0
1030.0,48.8,0.0,1
945.0,82.4,32.7,0
996.0,56.1,33.2,0
2771.0,46.0,6.3,1
3971.0,60.7,0.0,1
1248.0,49.0,0.0,1
3660.0,48.0,0.0,1
1403.0,66.5,14.9,0
2732.0,77.2,0.0,0
546.0,80.9,10.5,0
2184.0,56.9,29.6,0
2756.0,38.7,22.3,1
2331.0,61.6,27.4,0
1256.0,58.9,0.0,1
3383.0,45.8,19.4,1
3892.0,84.3,0.0,0
2053.0,88.6,36.5,0
2689.0,37.8,18.9,1
3245.0,78.8,27.5,0
1269.0,70.5,0.0,0
3512.0,49.4,26.7,1
1409.0,69.9,12.9,0
3193.0,42.1,9.3,1
804.0,38.8,25.7,0
1438.0,89.6,30.5,0
2321.0,70.0,0.0,0
2290.0,48.9,0.0,1
3462.0,59.8,0.0,1
3986.0,87.3,32.1,0
786.0,59.1,26.2,0
1377.0,84.5,0.0,0
1687.0,82.8,0.0,0
2124.0,53.9,20.1,0
2178.0,73.3,28.7,0
3482.0,71.3,26.6,0
3174.0,77.4,0.0,0
468.0,55.1,23.7,0
2038.0,37.9,0.0,1
2625.0,44.4,0.0,1
2057.0,68.9,30.7,0
870.0,77.6,0.0,0
1831.0,76.6,31.4,0
1882.0,67.1,0.0,0
1076.0,39.7,0.0,1
3123.0,36.0,30.9,1
1557.0,78.0,0.0,0
2520.0,65.2,0.0,0
2257.0,78.0,0.0,0
3559.0,44.0,0.0,1
839.0,57.4,32.8,0
811.0,85.6,0.0,0
1481.0,44.4,13.2,1
1952.0,38.4,27.0,1
1475.0,70.9,21.4,0
3147.0,67.7,0.0,0
1283.0,87.4,18.4,0
705.0,84.9,10.6,0
1890.0,76.2,0.0,0
3184.0,36.1,27.5,1
3462.0,61.4,0.0,1
3040.0,84.3,0.0,0
2408.0,58.9,26.1,0
3007.0,87.9,0.0,0
2853.0,70.9,0.0,0
1244.0,41.0,0.0,1
2383.0,63.0,0.0,1
3174.0,73.3,31.9,0
1542.0,38.6,0.0,1
2754.0,54.0,31.4,0
2133.0,74.4,5.5,0
2211.0,43.6,0.0,1
724.0,54.2,0.0,0
2798.0,72.9,0.0,0
3516.0,77.7,14.5,0
909.0,63.5,0.0,0
1718.0,87.6,0.0,0
575.0,85.9,13.9,0
507.0,61.0,0.0,0
3963.0,43.8,0.0,1
2176.0,77.5,14.6,0
1680.0,48.4,15.3,1
1390.0,81.4,0.0,0
3928.0,67.3,0.0,0
1308.0,56.7,0.0,1
3013.0,65.6,0.0,0
1422.0,64.3,0.0,0
654.0,85.9,0.0,0
2860.0,46.8,26.1,1
406.0,86.0,23.1,0
2833.0,36.7,31.9,1
1301.0,77.3,6.1,0
3086.0,85.6,0.0,0
3171.0,56.7,0.0,1
3007.0,39.0,38.0,1
488.0,79.3,0.0,0
2933.0,81.4,0.0,0
3965.0,53.5,31.4,0
1273.0,63.5,0.0,0
1387.0,79.5,0.0,0
3329.0,45.6,9.5,1
977.0,69.6,26.5,0
2778.0,58.7,6.8,1
3118.0,44.6,0.0,1
534.0,80.7,13.3,0
2394.0,52.9,38.5,0
2473.0,86.4,0.0,0
1492.0,66.3,22.1,0
3555.0,63.3,18.1,0
986.0,58.3,9.8,0
1711.0,57.0,0.0,1
3455.0,80.0,32.3,0
1086.0,72.3,0.0,0
3357.0,77.6,0.0,0
685.0,58.2,0.0,0
2161.0,49.4,0.0,1
671.0,39.8,0.0,1
2840.0,77.7,7.1,0
3246.0,57.8,35.5,0
3459.0,63.0,0.0,1
3933.0,60.8,33.7,0
2819.0,58.7,5.7,1
3169.0,72.6,0.0,0
2221.0,68.5,34.0,0
3686.0,88.5,24.1,0
2718.0,42.6,17.6,1
3581.0,66.5,21.5,0
1248.0,38.5,7.8,1
2188.0,79.4,22.4,0
3027.0,68.9,0.0,0
1130.0,58.6,0.0,0
1161.0,79.1,18.7,0
3921.0,60.0,0.0,1
1965.0,47.5,0.0,1
1055.0,61.0,0.0,0
1593.0,38.9,24.5,1
1831.0,84.4,27.6,0
2643.0,75.2,0.0,0
3723.0,76.8,0.0,0
3952.0,83.1,0.0,0
2746.0,78.5,0.0,0
2920.0,58.8,13.8,0
1559.0,41.5,0.0,1
3486.0,55.5,12.2,1
1184.0,86.4,0.0,0
783.0,87.2,0.0,0
3904.0,77.2,13.2,0
3511.0,46.2,0.0,1
1493.0,45.7,0.0,1
2831.0,83.4,0.0,0
2081.0,42.8,35.3,0
1563.0,67.1,0.0,0
1432.0,55.8,29.6,0
890.0,51.6,21.5,0
2378.0,72.3,20.6,0
2008.0,87.8,5.4,0
2244.0,77.8,26.0,0
1175.0,61.7,25.2,0
3779.0,59.2,0.0,1
2699.0,84.9,9.8,0
3639.0,66.8,5.4,1
793.0,62.3,0.0,0
2642.0,72.6,5.1,0
3458.0,48.0,0.0,1
1591.0,38.5,21.7,1
1103.0,82.0,0.0,0
1354.0,68.4,0.0,0
1383.0,44.1,0.0,1
2010.0,51.4,0.0,1
1573.0,89.4,0.0,0
1377.0,69.9,0.0,0
2735.0,70.0,24.0,0
591.0,39.0,0.0,1
1625.0,88.3,16.8,0
2883.0,84.1,20.8,0
1033.0,65.1,0.0,0
1195.0,52.0,0.0,1
1122.0,73.4,0.0,0
403.0,80.8,0.0,0
2106.0,78.2,0.0,0
540.0,88.7,38.5,0
1383.0,70.0,22.6,0
3981.0,52.7,0.0,1
3706.0,62.4,31.7,0
1174.0,79.9,0.0,0
1516.0,49.6,13.0,1
2069.0,47.7,10.6,1
3440.0,74.9,0.0,0
3290.0,59.4,15.7,0
854.0,79.9,28.7,0
848.0,42.9,0.0,1
1900.0,53.5,0.0,1
3532.0,49.7,31.3,1
3576.0,73.4,0.0,0
787.0,76.8,0.0,0
2467.0,60.1,23.2,0
960.0,61.3,0.0,0
2870.0,42.3,0.0,1
3699.0,73.6,24.2,0
2037.0,89.6,0.0,0
699.0,77.8,20.2,0
2485.0,47.3,6.9,1
1871.0,69.3,0.0,0
3319.0,51.2,23.4,1
1625.0,36.7,33.3,1
3550.0,44.9,0.0,1
1385.0,40.6,25.6,1
967.0,45.8,16.6,1
1503.0,78.8,19.3,0
526.0,51.1,0.0,0
1412.0,76.6,0.0,0
2776.0,87.2,14.8,0
912.0,66.6,15.6,0
801.0,61.7,17.4,0
877.0,76.3,0.0,0
679.0,40.3,25.2,0
3549.0,58.6,0.0,1
3799.0,62.4,0.0,1
568.0,80.7,19.8,0
3136.0,79.8,0.0,0
3054.0,81.7,9.9,0
3989.0,73.4,0.0,0
1652.0,64.2,35.7,0
1428.0,80.5,21.1,0
2031.0,83.0,0.0,0
3484.0,61.4,10.5,1
3023.0,89.2,30.8,0
2098.0,83.1,0.0,0
1280.0,63.1,28.9,0
3017.0,38.8,28.2,1
3476.0,47.3,0.0,1
1840.0,77.7,31.0,0
2807.0,41.1,0.0,1
1841.0,60.8,0.0,1
2123.0,68.3,0.0,0
2290.0,83.3,11.6,0
3193.0,81.6,36.9,0
3919.0,77.0,0.0,0
2000.0,57.4,0.0,1
1632.0,42.8,0.0,1
1745.0,71.8,27.1,0
882.0,45.0,0.0,1
1469.0,65.9,0.0,0
711.0,88.9,0.0,0
1940.0,65.3,0.0,0
1002.0,70.5,7.5,0
1647.0,72.3,14.3,0
3257.0,80.7,0.0,0
1285.0,58.9,0.0,1
2603.0,62.4,0.0,1
3644.0,44.7,18.6,1
2441.0,68.8,0.0,0
1098.0,51.3,0.0,1
1641.0,62.9,27.8,0
2525.0,77.2,0.0,0
2224.0,36.0,14.3,1
935.0,66.0,0.0,0
2008.0,44.5,0.0,1
2355.0,50.4,29.8,0
1362.0,36.9,0.0,1
2605.0,44.3,0.0,1
653.0,89.3,38.6,0
1612.0,89.9,0.0,0
3295.0,74.6,13.3,0
1333.0,68.7,0.0,0
2579.0,77.7,13.5,0
1876.0,84.3,31.3,0
1539.0,63.6,0.0,0
3698.0,36.9,34.8,1
1636.0,74.0,11.3,0
1252.0,89.2,0.0,0
3673.0,49.2,0.0,1
3085.0,60.5,25.3,0
2854.0,54.9,14.2,1
578.0,56.5,5.0,0
872.0,74.7,5.2,0
2698.0,55.8,14.6,1
1154.0,86.8,23.4,0
1212.0,78.4,22.0,0
3205.0,36.5,37.3,1
1429.0,80.0,31.7,0
658.0,77.5,0.0,0
531.0,63.4,22.9,0
1995.0,62.3,0.0,0
2622.0,81.0,24.8,0
3528.0,58.4,18.0,0
799.0,43.8,12.4,1
1108.0,52.2,0.0,1
2307.0,49.6,28.8,0
1711.0,72.5,0.0,0
2137.0,44.8,20.6,1
3727.0,70.5,12.9,0
2362.0,60.6,0.0,1
1894.0,81.2,0.0,0
3962.0,61.7,35.6,0
635.0,86.1,0.0,0
3756.0,84.5,19.4,0
2206.0,45.2,31.2,0
2214.0,72.7,36.7,0
3719.0,46.8,0.0,1
2226.0,80.3,0.0,0
1978.0,70.0,17.5,0
1381.0,51.2,28.2,0
2772.0,48.7,0.0,1
2451.0,58.6,39.3,0
1172.0,79.0,0.0,0
2954.0,78.8,0.0,0
2719.0,36.8,15.3,1
1830.0,51.6,8.1,1
416.0,58.3,13.9,0
2008.0,67.2,0.0,0
422.0,43.2,0.0,1
670.0,53.4,18.1,0
1950.0,83.7,28.7,0
695.0,61.2,0.0,0
1392.0,75.9,10.9,0
2760.0,61.7,0.0,1
1511.0,60.6,11.6,0
3992.0,69.2,5.2,0
3699.0,49.3,0.0,1
2507.0,48.7,0.0,1
3881.0,89.4,17.0,0
3525.0,82.8,27.3,0
1548.0,75.6,0.0,0
3099.0,42.5,0.0,1
893.0,36.7,30.3,1
2864.0,44.6,0.0,1
2168.0,86.6,23.1,0
461.0,79.9,36.0,0
1387.0,63.8,0.0,0
3839.0,88.3,21.4,0
1537.0,43.1,13.4,1
1053.0,65.8,6.3,0
1075.0,45.1,39.3,0
2125.0,51.9,0.0,1
3434.0,86.7,0.0,0
3129.0,82.8,0.0,0
1973.0,40.6,0.0,1
1151.0,48.7,0.0,1
566.0,67.7,0.0,0
2065.0,38.4,37.2,0
3333.0,65.3,0.0,1
3027.0,67.1,17.2,0
1871.0,51.0,37.6,0
2541.0,51.1,0.0,1
1970.0,47.6,15.3,1
2484.0,86.5,0.0,0
2263.0,56.4,35.9,0
2851.0,67.2,28.5,0
2228.0,51.6,27.3,0
3786.0,73.6,28.1,0
1941.0,40.6,37.2,0
457.0,38.9,23.1,0
1251.0,75.9,11.4,0
2202.0,75.0,0.0,0
2346.0,49.6,30.5,0
2389.0,54.5,22.2,0
2972.0,87.6,0.0,0
1389.0,40.7,28.3,1
2794.0,45.1,20.8,1
2935.0,58.7,38.7,0
1881.0,50.5,0.0,1
1848.0,70.7,30.1,0
1044.0,73.0,24.4,0
1890.0,64.0,0.0,0
3233.0,68.6,21.4,0
3672.0,58.8,6.0,1
2537.0,76.8,0.0,0
1478.0,37.3,30.7,1
2856.0,52.2,0.0,1
3065.0,72.6,22.5,0
1596.0,53.1,38.7,0
3376.0,39.3,0.0,1
665.0,54.0,36.7,0
439.0,74.1,0.0,0
843.0,41.7,0.0,1
962.0,74.9,23.6,0
3564.0,77.7,0.0,0
1930.0,69.9,0.0,0
1390.0,48.4,0.0,1
1945.0,79.3,29.0,0
1821.0,46.8,28.6,0
1485.0,84.8,0.0,0
896.0,73.9,0.0,0
2761.0,38.0,0.0,1
892.0,79.0,0.0,0
3192.0,62.9,0.0,1
1126.0,59.9,17.3,0
3033.0,58.1,21.3,0
3300.0,68.4,0.0,1
851.0,74.9,16.6,0
712.0,84.3,19.5,0
3818.0,50.0,0.0,1
2067.0,69.7,0.0,0
2669.0,72.7,34.1,0
484.0,72.1,0.0,0
1403.0,62.1,16.8,0
2219.0,56.5,38.1,0
3590.0,76.9,38.2,0
1377.0,51.5,0.0,1
3191.0,46.4,0.0,1
2784.0,65.0,18.0,0
815.0,49.7,0.0,1
1456.0,36.8,0.0,1
1256.0,37.8,27.2,1
1993.0,73.2,0.0,0
2687.0,88.5,31.9,0
1960.0,60.0,38.2,0
1280.0,43.1,24.3,1
2905.0,80.0,0.0,0
2504.0,49.4,33.5,0
2270.0,89.8,16.8,0
2396.0,66.0,0.0,0
1199.0,47.8,9.1,1
2850.0,62.3,0.0,1
1795.0,53.4,0.0,1
1708.0,77.9,20.0,0
939.0,40.8,0.0,1
2549.0,82.1,0.0,0
2570.0,77.2,17.7,0
1625.0,82.4,0.0,0
3495.0,84.2,7.7,0
3444.0,47.6,0.0,1
793.0,63.7,12.0,0
2902.0,81.7,7.3,0
1818.0,55.8,0.0,1
3999.0,38.3,16.5,1
1210.0,51.0,0.0,1
1410.0,48.3,0.0,1
1992.0,82.9,0.0,0
1367.0,60.5,0.0,0
2891.0,72.6,0.0,0
2131.0,87.9,16.8,0
1195.0,51.5,15.9,0
2223.0,76.9,8.8,0
3600.0,36.3,9.0,1
3253.0,40.7,0.0,1
2196.0,43.9,0.0,1
1439.0,52.2,0.0,1
1048.0,57.2,10.8,0
3562.0,61.2,33.1,0
2957.0,48.5,0.0,1
2460.0,38.6,0.0,1
3566.0,72.3,0.0,0
838.0,36.3,18.9,1
2857.0,79.5,0.0,0
1180.0,86.1,18.4,0
834.0,74.1,0.0,0
2076.0,67.8,0.0,0
1795.0,71.1,0.0,0
3788.0,70.9,37.0,0
1566.0,86.2,30.6,0
3334.0,88.0,0.0,0
3096.0,58.5,0.0,1
2805.0,68.9,0.0,0
3713.0,79.2,0.0,0
1869.0,35.1,0.0,1
1803.0,64.0,0.0,0
979.0,70.9,12.7,0
1393.0,74.4,32.5,0
3567.0,55.3,27.5,0
2108.0,51.3,23.1,0
1629.0,45.0,17.8,1
1178.0,65.7,8.3,0
2146.0,85.6,0.0,0
2980.0,84.3,0.0,0
1432.0,54.8,0.0,1
3128.0,49.2,6.8,1
2667.0,78.4,0.0,0
3235.0,74.9,0.0,0
1303.0,62.8,23.5,0
2672.0,56.4,22.4,0
953.0,41.8,16.8,1
1710.0,78.2,17.0,0
3008.0,69.0,7.4,0
2674.0,55.7,29.0,0
1076.0,85.5,0.0,0
3490.0,71.3,5.0,0
592.0,86.1,6.1,0
2543.0,61.1,0.0,1
3942.0,60.0,25.0,0
2313.0,86.5,28.8,0
3282.0,87.8,19.7,0
2543.0,87.8,19.3,0
3219.0,80.0,0.0,0
2760.0,60.4,0.0,1
2888.0,46.6,0.0,1
1220.0,56.1,33.7,0
3071.0,86.6,33.8,0
1256.0,55.0,34.5,0
3930.0,76.6,35.8,0
1220.0,85.8,24.4,0
1252.0,88.4,0.0,0
3491.0,87.1,0.0,0
1275.0,65.5,0.0,0
1699.0,62.1,17.6,0
2973.0,89.3,0.0,0
971.0,47.0,23.3,0
973.0,45.3,6.8,1
2151.0,88.0,0.0,0
1277.0,72.9,10.6,0
1248.0,64.5,17.5,0
433.0,42.3,24.1,0
1734.0,63.2,0.0,0
1546.0,86.9,0.0,0
512.0,68.2,0.0,0
2636.0,57.3,20.6,0
2656.0,65.3,6.0,0
655.0,83.7,19.2,0
1541.0,85.2,27.6,0
3542.0,57.0,0.0,1
2496.0,68.4,37.1,0
1883.0,50.4,0.0,1
2074.0,59.8,0.0,1
1150.0,47.1,18.8,1
3323.0,64.2,8.4,0
3690.0,66.8,5.8,0
3678.0,53.6,37.1,0
1206.0,50.0,0.0,1
1519.0,43.3,0.0,1
978.0,42.7,0.0,1
1506.0,74.1,36.7,0
1598.0,47.2,0.0,1
2679.0,41.5,0.0,1
1083.0,89.9,0.0,0
3710.0,49.3,18.9,1
771.0,84.3,16.9,0
425.0,68.5,0.0,0
3478.0,74.3,0.0,0
2934.0,65.9,32.9,0
1679.0,44.9,5.3,1
2544.0,81.6,0.0,0
1205.0,80.5,0.0,0
1006.0,54.2,5.2,1
2096.0,77.0,34.6,0
1671.0,64.9,0.0,0
2615.0,85.0,30.4,0
1185.0,79.2,35.7,0
2787.0,37.3,0.0,1
3161.0,83.4,0.0,0
1000.0,88.3,9.2,0
558.0,75.8,8.4,0
1983.0,41.6,0.0,1
3186.0,79.4,33.2,0
2743.0,70.6,0.0,0
2927.0,53.6,29.1,0
1850.0,83.6,0.0,0
1246.0,66.1,0.0,0
2314.0,81.9,0.0,0
1136.0,71.9,33.8,0
3014.0,50.9,30.3,0
1109.0,88.6,10.6,0
1449.0,66.4,0.0,0
2224.0,63.4,10.6,0
2152.0,57.2,0.0,1
2563.0,42.5,27.7,1
1975.0,72.7,0.0,0
3710.0,58.7,32.3,0
3424.0,86.4,0.0,0
3565.0,88.1,0.0,0
2666.0,77.2,27.4,0
2686.0,48.3,0.0,1
2593.0,74.4,0.0,0
1966.0,36.1,12.2,1
1560.0,80.5,0.0,0
2531.0,62.1,27.5,0
492.0,86.5,14.8,0
427.0,55.8,38.8,0
3466.0,49.5,0.0,1
567.0,89.7,9.4,0
2289.0,64.2,10.7,0
2614.0,82.5,0.0,0
1113.0,85.1,8.6,0
3625.0,63.5,38.8,0
1084.0,60.1,0.0,0
3584.0,65.4,0.0,1
3147.0,81.6,20.5,0
1267.0,88.1,0.0,0
943.0,53.1,22.2,0
1538.0,75.6,0.0,0
1833.0,50.7,0.0,1
1285.0,68.6,30.2,0
3996.0,79.3,36.7,0
1227.0,83.8,0.0,0
3390.0,59.7,18.5,0
973.0,55.3,0.0,0
3929.0,48.9,0.0,1
1212.0,42.3,18.3,1
1918.0,55.1,0.0,1
2411.0,83.0,32.0,0
833.0,58.0,0.0,0
3341.0,52.5,0.0,1
1389.0,75.7,0.0,0
2377.0,46.9,20.8,1
2379.0,49.1,20.8,1
2570.0,86.5,0.0,0
600.0,39.5,0.0,1
1007.0,57.8,18.7,0
980.0,66.7,0.0,0
1487.0,47.7,35.0,0
922.0,50.5,32.1,0
3719.0,47.2,11.9,1
2247.0,54.0,0.0,1
2645.0,84.4,0.0,0
1687.0,58.7,0.0,1
1394.0,58.0,0.0,0
2211.0,56.3,0.0,1
1460.0,88.0,32.3,0
1637.0,41.5,0.0,1
2030.0,83.0,0.0,0
2221.0,53.0,0.0,1
3944.0,87.6,0.0,0
1204.0,52.3,39.5,0
2157.0,39.6,0.0,1
938.0,63.6,38.5,0
1660.0,47.5,22.3,1
2982.0,76.4,0.0,0
1028.0,71.2,25.1,0
2493.0,72.8,0.0,0
1900.0,45.6,0.0,1
586.0,74.0,7.9,0
3759.0,52.1,7.6,1
1889.0,89.9,0.0,0
3222.0,75.2,0.0,0
1899.0,67.5,0.0,0
3774.0,82.7,31.6,0
1446.0,67.4,13.2,0
1884.0,65.4,0.0,0
3132.0,48.1,19.2,1
1637.0,72.3,7.1,0
1712.0,55.6,0.0,1
3981.0,37.4,9.6,1
2400.0,79.9,34.9,0
2882.0,37.9,0.0,1
2716.0,72.0,15.1,0
3381.0,43.6,26.4,1
3503.0,58.8,17.7,0
2428.0,82.3,0.0,0
1460.0,40.2,27.7,1
482.0,71.7,31.6,0
2612.0,68.7,32.1,0
3372.0,82.7,0.0,0
2022.0,44.5,22.9,1
993.0,79.0,5.8,0
1437.0,59.8,0.0,0
2236.0,58.6,0.0,1
3412.0,54.9,7.0,1
1018.0,56.2,16.7,0
2604.0,63.6,17.5,0
3112.0,40.9,0.0,1
3770.0,58.4,16.5,1
820.0,70.9,0.0,0
3735.0,62.4,38.1,0
2565.0,44.1,0.0,1
3160.0,55.0,0.0,1
594.0,59.4,17.7,0
2222.0,71.8,10.9,0
2641.0,84.5,0.0,0
1505.0,65.3,0.0,0
1954.0,72.2,8.4,0
2395.0,39.2,30.4,1
2389.0,87.5,0.0,0
551.0,52.3,13.4,0
1982.0,54.5,0.0,1
1170.0,47.3,19.5,0
3700.0,39.7,0.0,1
3916.0,78.5,0.0,0
1479.0,48.2,33.1,0
1031.0,50.5,0.0,1
1190.0,45.0,29.2,0
2120.0,88.6,0.0,0
3548.0,78.0,0.0,0
2200.0,86.1,17.3,0
599.0,82.4,30.2,0
544.0,84.8,0.0,0
1219.0,61.3,9.9,0
3434.0,44.4,0.0,1
2637.0,53.0,30.6,0
2427.0,51.1,0.0,1
1548.0,74.4,20.8,0
3746.0,36.4,0.0,1
1592.0,42.8,34.0,0
3406.0,72.6,9.3,0
3625.0,41.8,18.4,1
2140.0,37.7,0.0,1
3619.0,41.0,0.0,1
1396.0,73.0,0.0,0
2770.0,42.7,12.9,1
717.0,43.0,0.0,1
2106.0,47.7,19.3,1
1182.0,76.3,0.0,0
626.0,46.0,32.2,0
413.0,36.9,35.2,0
1569.0,84.8,5.6,0
2522.0,83.2,21.7,0
2039.0,45.2,14.1,1
1486.0,49.6,14.6,0
3968.0,45.4,14.4,1
3782.0,74.6,18.6,0
852.0,48.8,0.0,1
1894.0,86.2,0.0,0
2736.0,80.5,15.5,0
3041.0,67.4,14.5,0
1719.0,35.5,0.0,1
3087.0,83.6,0.0,0
847.0,75.0,5.0,0
1595.0,78.3,0.0,0
2979.0,39.0,16.9,1
2652.0,74.0,25.2,0
3414.0,79.3,0.0,0
569.0,87.6,0.0,0
1028.0,66.9,0.0,0
575.0,62.9,0.0,0
1092.0,58.4,6.0,0
415.0,73.6,17.2,0
2215.0,85.6,37.4,0
2302.0,68.0,0.0,0
2768.0,47.5,26.6,1
1786.0,36.0,0.0,1
412.0,69.1,16.6,0
2826.0,82.6,0.0,0
595.0,38.6,29.4,0
3518.0,56.9,15.0,1
482.0,86.7,0.0,0
2310.0,62.6,32.3,0
3622.0,47.1,0.0,1
2461.0,54.5,0.0,1
2590.0,57.4,19.2,0
2854.0,41.5,17.2,1
841.0,71.3,0.0,0
2830.0,67.6,0.0,0
3569.0,70.6,0.0,0
3907.0,68.6,7.6,0
1995.0,35.9,15.9,1
1640.0,44.6,0.0,1
3112.0,44.1,0.0,1
2354.0,40.4,13.2,1
1326.0,75.5,21.1,0
1020.0,41.6,0.0,1
1013.0,71.8,10.2,0
2053.0,44.8,0.0,1
1012.0,41.5,0.0,1
471.0,43.9,25.4,0
588.0,63.0,21.9,0
3748.0,70.5,0.0,0
663.0,79.7,38.2,0
663.0,42.1,33.7,0
2024.0,68.9,19.3,0
1282.0,77.6,26.4,0
3866.0,52.2,23.4,1
3680.0,39.4,15.6,1
1857.0,43.6,0.0,1
2015.0,40.0,34.0,0
1750.0,83.8,0.0,0
536.0,55.7,36.1,0
1454.0,63.8,0.0,0
842.0,77.3,0.0,0
769.0,55.4,9.3,0
2419.0,70.7,0.0,0
756.0,39.2,0.0,1
771.0,61.4,0.0,0
2130.0,40.3,6.4,1
1992.0,48.7,0.0,1
895.0,51.1,0.0,1
416.0,74.5,15.4,0
1095.0,72.1,37.2,0
1249.0,76.1,11.1,0
3281.0,38.4,0.0,1
3696.0,89.7,29.2,0
1861.0,38.0,38.3,0
1858.0,80.4,18.6,0
2965.0,75.7,32.1,0
2657.0,67.5,0.0,0
1063.0,59.1,33.8,0
788.0,76.6,30.3,0
1975.0,75.7,0.0,0
2433.0,42.5,0.0,1
899.0,78.6,0.0,0
1456.0,39.3,18.6,1
1501.0,62.5,0.0,1
1341.0,70.5,30.4,0
2059.0,80.2,14.4,0
2751.0,60.5,0.0,1
2234.0,48.0,0.0,1
1125.0,62.0,0.0,0
771.0,48.8,0.0,1
3359.0,64.1,34.4,0
2125.0,60.4,16.0,0
624.0,77.9,38.8,0
1329.0,48.2,5.8,1
3295.0,46.0,0.0,1
3106.0,61.1,8.9,1
3553.0,37.8,0.0,1
2568.0,47.6,0.0,1
1922.0,54.5,0.0,1
1936.0,61.8,0.0,0
1098.0,49.8,17.9,0
2743.0,65.8,33.3,0
2506.0,83.3,0.0,0
958.0,64.9,0.0,0
3588.0,50.8,17.0,1
1726.0,38.4,12.4,1
579.0,42.5,7.2,1
1580.0,65.9,0.0,0
3531.0,72.6,0.0,0
3701.0,37.7,20.5,1
2165.0,45.2,38.3,0
3843.0,52.5,0.0,1
3551.0,52.6,0.0,1
3371.0,87.7,0.0,0
3495.0,46.2,31.6,0
1775.0,38.4,0.0,1
3123.0,54.4,11.7,1
2478.0,42.4,35.2,1
2991.0,42.0,0.0,1
1040.0,57.4,0.0,0
3033.0,51.9,0.0,1
3847.0,40.0,0.0,1
1490.0,68.2,19.6,0
3950.0,62.6,27.4,0
1762.0,39.2,0.0,1
1119.0,82.5,11.1,0
804.0,50.7,0.0,1
3226.0,87.9,6.5,0
2397.0,86.2,10.5,0
1506.0,58.9,0.0,1
2590.0,47.6,7.5,1
1596.0,80.9,17.4,0
2014.0,54.9,0.0,1
3506.0,44.0,32.8,1
2805.0,65.3,0.0,1
3145.0,61.9,0.0,1
2501.0,81.8,31.6,0
3969.0,75.1,0.0,0
1269.0,83.2,0.0,0
1344.0,75.4,0.0,0
733.0,70.3,0.0,0
2394.0,62.5,0.0,1
2608.0,89.3,0.0,0
3013.0,87.8,13.9,0
1608.0,81.7,0.0,0
444.0,77.6,10.5,0
2676.0,66.8,32.1,0
3995.0,49.3,0.0,1
1460.0,83.1,25.4,0
1062.0,35.6,38.9,0
1414.0,47.5,22.7,0
1931.0,57.2,9.1,0
1303.0,67.2,0.0,0
1649.0,65.8,0.0,0
2698.0,44.7,25.4,1
1642.0,40.8,34.9,0
1826.0,47.2,21.7,1
544.0,54.2,16.0,0
3705.0,35.8,0.0,1
1865.0,73.1,0.0,0
1581.0,48.6,15.8,1
711.0,54.3,0.0,0
2683.0,53.4,13.9,0
3510.0,63.2,6.4,1
548.0,82.3,0.0,0
923.0,43.2,0.0,1
927.0,53.7,18.7,0
2568.0,73.1,39.9,0
3716.0,37.4,8.9,1
1976.0,80.6,0.0,0
1638.0,87.9,0.0,0
3157.0,68.4,0.0,0
3073.0,87.6,0.0,0
1288.0,57.7,0.0,1
979.0,57.8,23.5,0
1688.0,40.8,0.0,1
3192.0,36.9,17.6,1
2902.0,48.4,33.9,0
2797.0,61.3,7.0,0
3386.0,62.9,31.9,0
1398.0,47.0,0.0,1
1623.0,68.7,29.7,0
552.0,45.0,0.0,1
3527.0,52.9,0.0,1
2497.0,45.8,30.3,1
1473.0,73.3,0.0,0
650.0,63.4,0.0,0
3004.0,75.5,9.6,0
3095.0,38.1,0.0,1
2798.0,58.4,0.0,1
1134.0,88.2,0.0,0
3688.0,37.9,0.0,1
3111.0,58.0,9.8,1
2768.0,37.2,11.5,1
2743.0,43.1,0.0,1
3656.0,60.4,33.9,0
3742.0,43.7,6.3,1
2544.0,63.5,27.1,0
1900.0,85.8,25.4,0
1709.0,46.0,22.9,0
3349.0,40.9,18.1,1
2721.0,80.4,15.5,0
678.0,60.3,0.0,0
912.0,83.5,0.0,0
3641.0,51.8,0.0,1
3584.0,69.5,30.7,0
3827.0,85.8,0.0,0
1940.0,44.4,38.7,0
3223.0,79.0,0.0,0
3382.0,69.7,36.7,0
1537.0,79.7,0.0,0
923.0,44.4,0.0,1
3989.0,58.9,0.0,1
509.0,42.1,20.9,0
2550.0,87.8,0.0,0
2741.0,38.4,0.0,1
2854.0,38.6,23.8,1
1320.0,84.4,35.5,0
2998.0,51.5,17.1,1
1179.0,67.8,16.1,0
3385.0,50.8,0.0,1
1189.0,70.7,27.7,0
2908.0,45.6,0.0,1
3220.0,60.2,15.8,0
1080.0,64.3,5.2,0
1257.0,53.4,0.0,1
3205.0,48.8,0.0,1
710.0,42.7,28.8,0
1087.0,73.8,16.3,0
2040.0,44.3,19.8,1
3749.0,51.1,34.3,0
2423.0,53.5,19.7,0
1796.0,60.0,0.0,0
3922.0,73.6,31.4,0
2069.0,58.5,0.0,1
1961.0,82.9,14.6,0
1882.0,72.4,23.8,0
1524.0,81.1,0.0,0
1573.0,74.4,26.7,0
2876.0,43.2,18.3,1
547.0,88.8,0.0,0
2855.0,78.3,17.2,0
1124.0,66.5,36.1,0
1783.0,44.1,0.0,1
928.0,44.5,0.0,1
2390.0,68.8,0.0,0
3026.0,57.9,17.8,0
1677.0,72.2,0.0,0
988.0,55.5,0.0,1
1215.0,63.2,26.6,0
3345.0,45.3,36.6,0
1364.0,43.5,34.6,0
3189.0,39.2,23.0,1
1592.0,80.1,0.0,0
1079.0,65.5,0.0,0
3018.0,87.1,32.2,0
2087.0,76.2,0.0,0
513.0,77.3,0.0,0
3856.0,63.0,23.9,0
932.0,79.8,0.0,0
1672.0,86.8,30.5,0
1785.0,74.7,8.5,0
2162.0,40.8,5.3,1
3228.0,70.8,0.0,0
422.0,41.6,0.0,1
3757.0,39.2,38.3,1
2726.0,73.1,13.7,0
3822.0,80.9,0.0,0
3343.0,43.7,0.0,1
3740.0,39.1,20.5,1
2564.0,83.8,0.0,0
1686.0,42.3,0.0,1
1994.0,36.9,0.0,1
2769.0,74.7,0.0,0
1937.0,81.6,0.0,0
3034.0,63.3,0.0,1
731.0,64.7,9.6,0
3388.0,53.5,0.0,1
1135.0,48.1,0.0,1
3798.0,76.5,0.0,0
960.0,81.7,25.1,0
865.0,52.7,0.0,1
3323.0,50.1,0.0,1
3347.0,49.7,39.3,0
3060.0,37.8,14.5,1
3858.0,50.5,9.8,1
1374.0,36.4,0.0,1
3376.0,78.4,0.0,0
1667.0,49.1,0.0,1
2335.0,73.0,26.8,0
2004.0,64.9,0.0,0
421.0,81.1,0.0,0
2468.0,87.8,0.0,0
3091.0,55.2,6.6,1
1028.0,39.9,0.0,1
3754.0,76.2,0.0,0
2309.0,36.2,16.0,1
1042.0,47.3,20.9,0
2725.0,37.9,30.1,1
1091.0,84.4,10.7,0
629.0,35.3,0.0,1
2867.0,62.1,16.3,0
799.0,58.3,0.0,0
782.0,70.9,15.0,0
3064.0,50.9,0.0,1
599.0,83.1,18.2,0
3315.0,75.4,34.3,0
3266.0,58.8,0.0,1
909.0,54.7,0.0,0
2266.0,79.9,31.4,0
748.0,76.6,0.0,0
2677.0,56.9,13.7,0
627.0,53.8,0.0,0
3800.0,37.1,39.7,1
1148.0,39.5,37.4,0
2858.0,38.0,0.0,1
862.0,36.3,12.1,1
1155.0,43.4,8.7,1
2023.0,82.1,12.0,0
2463.0,78.9,15.2,0
3996.0,81.5,34.3,0
493.0,69.3,0.0,0
401.0,69.3,0.0,0
1661.0,41.8,0.0,1
1718.0,73.4,14.9,0
3582.0,50.4,21.0,1
3685.0,63.6,0.0,1
3570.0,87.5,12.2,0
915.0,82.9,0.0,0
1884.0,47.8,25.3,0
3085.0,75.5,8.9,0
1525.0,40.7,36.4,0
2788.0,36.5,15.6,1
1254.0,36.5,10.5,1
1564.0,44.4,0.0,1
3498.0,73.2,8.6,0
1302.0,55.0,0.0,1
3872.0,35.9,13.3,1
1503.0,89.3,16.2,0
485.0,64.3,0.0,0
1318.0,56.7,0.0,1
1016.0,63.5,0.0,0
2225.0,63.6,24.6,0
806.0,60.9,0.0,0
2654.0,68.7,18.5,0
3550.0,83.7,0.0,0
1705.0,51.6,32.1,0
1007.0,61.8,30.9,0
1840.0,35.2,0.0,1
3229.0,82.3,22.1,0
2529.0,51.8,0.0,1
764.0,49.9,35.8,0
2334.0,89.9,0.0,0
2085.0,67.1,21.0,0
1578.0,41.8,0.0,1
797.0,49.6,9.2,1
3932.0,54.4,0.0,1
1034.0,89.2,17.6,0
1094.0,58.7,0.0,1
924.0,47.7,0.0,1
2453.0,66.3,25.9,0
1997.0,57.3,0.0,1
1298.0,38.0,0.0,1
1946.0,82.4,12.9,0
2825.0,35.9,0.0,1
1414.0,84.4,39.3,0
3695.0,78.6,0.0,0
1503.0,39.2,35.6,0
1113.0,74.8,18.3,0
3836.0,77.4,0.0,0
3318.0,68.1,0.0,0
1635.0,66.8,29.1,0
3429.0,37.7,36.4,1
2268.0,38.3,0.0,1
1648.0,75.0,0.0,0
3423.0,40.8,0.0,1
3108.0,48.3,32.6,0
1472.0,62.4,5.9,0
2584.0,44.0,0.0,1
1730.0,78.4,35.9,0
404.0,79.4,30.5,0
3863.0,81.3,38.5,0
2379.0,37.7,0.0,1
2554.0,58.5,0.0,1
2560.0,81.6,0.0,0
2382.0,55.0,35.0,0
1444.0,73.3,0.0,0
3898.0,67.4,0.0,1
2638.0,54.1,28.8,0
2815.0,50.2,26.2,1
2037.0,70.9,0.0,0
1436.0,42.3,0.0,1
632.0,82.3,0.0,0
1661.0,66.7,0.0,0
1034.0,41.1,0.0,1
2784.0,73.7,0.0,0
3564.0,58.7,0.0,1
1490.0,46.2,28.5,0
1598.0,87.9,15.7,0
2813.0,74.6,0.0,0
937.0,67.6,16.1,0
3746.0,81.7,0.0,0
1710.0,64.9,33.7,0
764.0,59.3,18.2,0
1029.0,45.4,8.4,1
3758.0,43.4,35.4,1
1290.0,58.8,0.0,0
2784.0,60.1,0.0,1
962.0,75.3,0.0,0
1099.0,59.3,0.0,0
3565.0,67.6,11.2,0
933.0,80.8,0.0,0
468.0,89.6,0.0,0
2204.0,52.7,31.7,0
3506.0,84.6,28.5,0
1574.0,79.3,6.7,0
861.0,38.7,34.3,0
3936.0,53.4,21.5,0
2836.0,47.0,0.0,1
3462.0,71.5,15.5,0
3108.0,65.5,0.0,1
2914.0,62.2,0.0,1
1784.0,77.0,13.8,0
1568.0,53.3,0.0,1
2981.0,56.1,0.0,1
2980.0,82.6,0.0,0
3822.0,88.5,24.8,0
2447.0,77.7,11.9,0
1461.0,46.9,0.0,1
2162.0,41.2,13.4,1
2609.0,46.5,0.0,1
1936.0,58.3,26.8,0
3248.0,48.0,0.0,1
2505.0,84.6,0.0,0
434.0,71.9,23.7,0
2451.0,57.9,33.6,0
2681.0,50.1,0.0,1
3695.0,55.9,0.0,1
1889.0,61.2,20.7,0
2468.0,74.3,0.0,0
2110.0,39.9,0.0,1
2314.0,81.7,38.0,0
642.0,42.0,0.0,1
3630.0,49.4,0.0,1
3677.0,89.6,0.0,0
2373.0,45.5,0.0,1
2404.0,40.6,9.6,1
607.0,70.1,19.6,0
2553.0,56.6,0.0,1
1945.0,40.1,28.5,1
2953.0,35.2,0.0,1
570.0,39.4,0.0,1
2959.0,63.8,12.8,0
1433.0,47.7,0.0,1
2746.0,77.8,34.6,0
2658.0,82.2,0.0,0
1217.0,43.0,30.9,0
1986.0,53.5,14.4,1
3408.0,43.1,0.0,1
2580.0,50.8,26.0,0
647.0,48.2,0.0,1
1994.0,78.3,0.0,0
1522.0,54.0,0.0,1
2710.0,62.3,14.7,0
2612.0,72.1,22.9,0
437.0,80.2,19.6,0
2588.0,51.6,36.1,0
3045.0,46.5,0.0,1
3167.0,88.8,7.8,0
612.0,52.6,16.4,0
1493.0,71.9,10.9,0
1917.0,72.3,19.2,0
1047.0,63.3,30.1,0
1915.0,47.6,0.0,1
656.0,42.8,12.1,1
808.0,61.8,14.3,0
2807.0,63.1,31.9,0
1345.0,77.5,0.0,0
2961.0,74.0,0.0,0
573.0,85.2,25.4,0
2426.0,88.4,34.9,0
1809.0,75.0,6.2,0
3269.0,39.2,39.3,1
3222.0,57.3,38.7,0
1752.0,68.5,5.8,0
2642.0,67.5,0.0,0
1219.0,45.0,0.0,1
2489.0,67.1,13.9,0
693.0,54.2,0.0,0
1965.0,53.6,0.0,1
1058.0,80.9,14.2,0
3580.0,58.2,0.0,1
2002.0,64.0,25.3,0
2527.0,66.0,0.0,0
1697.0,66.0,26.8,0
1439.0,46.7,0.0,1
1131.0,68.0,7.3,0
3683.0,53.4,30.0,0
3278.0,71.0,0.0,0
880.0,43.0,0.0,1
3088.0,89.7,0.0,0
1907.0,77.5,0.0,0
455.0,57.9,0.0,0
2302.0,51.6,0.0,1
868.0,56.3,20.1,0
1156.0,74.7,0.0,0
2906.0,71.0,0.0,0
1326.0,73.6,0.0,0
3611.0,83.9,0.0,0
2766.0,60.1,26.3,0
3396.0,71.8,15.5,0
2615.0,59.3,12.7,0
3528.0,70.1,0.0,0
1702.0,61.1,0.0,0
2377.0,77.7,0.0,0
2257.0,35.3,23.4,1
3654.0,46.9,0.0,1
994.0,51.3,29.2,0
2481.0,87.0,10.7,0
3116.0,62.9,11.7,0
1732.0,55.0,12.3,0
3523.0,57.2,37.6,0
1743.0,59.9,0.0,1
1024.0,82.7,0.0,0
2503.0,87.9,18.2,0
1914.0,81.4,28.1,0
455.0,81.3,0.0,0
651.0,45.9,0.0,1
1103.0,49.8,0.0,1
3170.0,67.8,37.4,0
3611.0,71.1,0.0,0
2364.0,46.1,0.0,1
780.0,76.0,0.0,0
2324.0,46.0,24.4,1
3480.0,49.5,9.9,1
3098.0,51.9,0.0,1
1448.0,81.5,25.3,0
846.0,75.3,0.0,0
3642.0,64.2,30.8,0
3475.0,80.1,27.9,0
593.0,79.7,0.0,0
3365.0,56.4,16.1,0
750.0,78.0,13.8,0
628.0,46.3,0.0,1
3131.0,62.7,0.0,1
2331.0,41.5,9.2,1
1892.0,58.5,0.0,1
3654.0,63.6,12.3,0
3421.0,39.4,0.0,1
607.0,60.4,34.7,0
2618.0,70.8,29.6,0
3180.0,68.8,31.8,0
2382.0,38.0,0.0,1
3939.0,40.2,26.6,1
2870.0,54.3,37.6,0
775.0,81.3,14.9,0
1114.0,82.8,7.4,0
3374.0,52.0,0.0,1
3988.0,74.5,36.4,0
754.0,66.8,0.0,0
761.0,89.1,0.0,0
3148.0,40.2,23.7,1
632.0,65.1,0.0,0
647.0,67.6,15.6,0
3600.0,51.9,0.0,1
3282.0,37.6,0.0,1
3574.0,37.9,12.0,1
2742.0,59.9,0.0,1
1561.0,73.1,7.2,0
3663.0,73.5,14.2,0
1475.0,45.0,0.0,1
1392.0,82.2,0.0,0
3591.0,55.7,0.0,1
2851.0,88.0,32.9,0
3624.0,41.5,0.0,1
961.0,81.0,19.2,0
3828.0,85.0,29.2,0
2606.0,80.2,0.0,0
2805.0,79.5,15.6,0
3691.0,54.9,0.0,1
1771.0,74.2,8.8,0
2990.0,66.9,0.0,0
2705.0,58.3,34.6,0
3236.0,89.6,0.0,0
3629.0,51.0,10.2,1
2848.0,57.7,0.0,1
644.0,84.7,28.4,0
1059.0,50.9,16.6,0
3834.0,43.4,7.9,1
3887.0,52.0,16.3,1
3883.0,76.8,0.0,0
532.0,82.3,0.0,0
1777.0,41.3,0.0,1
3135.0,69.2,37.0,0
3110.0,66.2,0.0,0
709.0,71.8,0.0,0
2594.0,71.9,35.2,0
914.0,87.8,0.0,0
2176.0,54.1,7.2,1
1263.0,51.5,0.0,1
591.0,67.0,0.0,0
688.0,58.6,24.4,0
3679.0,61.1,16.5,0
3081.0,38.8,25.4,1
3755.0,43.2,0.0,1
2092.0,86.4,0.0,0
1888.0,38.8,0.0,1
1690.0,67.5,0.0,0
2619.0,76.5,14.6,0
1666.0,35.7,0.0,1
3087.0,47.3,37.2,0
3285.0,55.7,11.3,1
3553.0,62.9,0.0,1
1274.0,53.8,17.4,0
2297.0,70.7,0.0,0
1204.0,47.5,7.6,1
535.0,36.4,0.0,1
2948.0,35.1,10.1,1
2376.0,54.0,0.0,1
3006.0,54.9,0.0,1
715.0,87.2,0.0,0
3984.0,37.5,0.0,1
3980.0,64.2,6.1,1
2074.0,66.8,0.0,0
3518.0,73.5,39.9,0
1277.0,70.1,0.0,0
3055.0,35.4,0.0,1
3565.0,69.8,0.0,0
3333.0,52.7,0.0,1
3322.0,77.5,10.1,0
2067.0,45.4,0.0,1
3352.0,74.4,33.6,0
2887.0,69.4,0.0,0
877.0,70.9,0.0,0
811.0,44.7,0.0,1
3179.0,71.8,17.2,0
2652.0,75.5,27.8,0
2270.0,61.9,24.2,0
3666.0,53.7,0.0,1
2775.0,44.2,0.0,1
1826.0,50.9,15.3,1
1890.0,77.0,29.9,0
2579.0,57.5,5.8,1
3137.0,73.6,0.0,0
2432.0,75.7,23.1,0
2232.0,72.1,0.0,0
3017.0,72.0,16.7,0
2939.0,68.6,0.0,0
3389.0,63.5,18.4,0
625.0,45.9,0.0,1
3118.0,81.4,38.7,0
2250.0,88.0,9.6,0
669.0,60.7,32.9,0
2844.0,86.3,0.0,0
2980.0,89.9,0.0,0
2285.0,61.7,23.0,0
3258.0,74.8,6.0,0
1481.0,70.4,30.7,0
1127.0,48.0,0.0,1
1663.0,37.6,0.0,1
1876.0,59.9,0.0,1
2905.0,78.3,25.7,0
3444.0,52.9,0.0,1
2995.0,78.1,0.0,0
1026.0,71.0,6.6,0
1718.0,73.3,37.0,0
970.0,50.7,25.7,0
2872.0,60.9,0.0,1
1293.0,45.0,0.0,1
2291.0,48.6,18.0,1
3251.0,39.9,0.0,1
2815.0,42.0,10.9,1
1474.0,46.6,0.0,1
1598.0,66.9,13.5,0
2752.0,59.3,0.0,1
2378.0,49.7,24.1,0
747.0,82.4,21.2,0
3546.0,63.9,0.0,1
2245.0,85.8,0.0,0
2104.0,69.9,0.0,0
1114.0,35.9,5.0,1
1757.0,85.2,0.0,0
1598.0,82.2,0.0,0
1375.0,69.9,23.1,0
2443.0,64.4,36.1,0
2064.0,59.9,8.8,0
3601.0,61.5,0.0,1
3789.0,77.3,14.9,0
1190.0,63.2,0.0,0
760.0,44.7,0.0,1
3227.0,38.2,14.9,1
3982.0,41.9,0.0,1
3509.0,48.8,22.3,1
485.0,55.2,0.0,0
1305.0,84.1,0.0,0
556.0,48.1,5.4,1
3355.0,52.6,0.0,1
2493.0,47.3,21.5,1
2249.0,65.0,21.3,0
2396.0,68.9,0.0,0
1309.0,64.3,39.7,0
2566.0,87.4,6.0,0
510.0,89.7,18.9,0
2726.0,81.1,0.0,0
3044.0,79.3,26.9,0
2823.0,55.1,39.4,0
1596.0,66.9,30.0,0
3375.0,54.3,0.0,1
2976.0,78.1,0.0,0
862.0,44.5,14.6,0
1103.0,46.9,25.4,0
2694.0,37.1,23.3,1
1442.0,68.5,31.7,0
830.0,72.9,0.0,0
958.0,35.2,12.2,1
996.0,63.1,0.0,0
2120.0,55.7,0.0,1
2587.0,78.6,0.0,0
1035.0,37.1,33.6,0
2965.0,37.7,0.0,1
1412.0,69.1,0.0,0
1522.0,67.5,0.0,0
1205.0,80.7,0.0,0
3227.0,67.6,9.6,0
3855.0,87.2,0.0,0
2173.0,52.3,0.0,1
551.0,56.9,0.0,0
1338.0,88.8,26.4,0
969.0,40.9,17.5,1
3434.0,78.8,30.0,0
705.0,35.6,0.0,1
3879.0,61.8,0.0,1
2519.0,43.4,0.0,1
2264.0,67.9,21.4,0
3450.0,78.9,0.0,0
499.0,36.8,0.0,1
3198.0,44.0,22.8,1
820.0,53.8,39.2,0
3427.0,49.1,0.0,1
2305.0,56.1,15.3,0
620.0,87.4,0.0,0
3400.0,40.6,0.0,1
498.0,58.3,0.0,0
898.0,60.1,12.8,0
3272.0,50.4,0.0,1
2074.0,50.3,37.4,0
3573.0,74.3,0.0,0
2688.0,69.0,31.6,0
2645.0,79.7,34.3,0
1452.0,57.3,18.2,0
881.0,68.4,35.5,0
3860.0,84.1,39.6,0
777.0,81.8,38.9,0
2304.0,85.6,0.0,0
1381.0,49.8,18.0,0
1351.0,89.2,0.0,0
2541.0,79.9,0.0,0
3273.0,78.7,14.7,0
3198.0,71.7,0.0,0
3528.0,89.1,14.2,0
1454.0,59.3,0.0,1
2077.0,75.8,0.0,0
434.0,73.4,33.3,0
3089.0,75.3,22.7,0
1488.0,76.3,0.0,0
2421.0,45.5,17.7,1
1009.0,54.2,0.0,1
3350.0,56.6,0.0,1
3342.0,76.1,36.6,0
3559.0,74.4,34.5,0
565.0,80.8,20.6,0
3973.0,78.4,0.0,0
1292.0,67.8,0.0,0
1514.0,42.7,0.0,1
1298.0,70.0,28.6,0
1363.0,83.8,0.0,0
2390.0,70.4,0.0,0
1263.0,84.3,0.0,0
1818.0,89.9,15.8,0
2760.0,54.8,0.0,1
3410.0,74.8,17.4,0
2894.0,64.7,25.5,0
2540.0,60.0,0.0,1
932.0,48.2,0.0,1
3338.0,48.5,0.0,1
534.0,45.2,24.6,0
1351.0,69.7,8.7,0
605.0,42.8,0.0,1
2803.0,58.7,31.2,0
1726.0,63.8,0.0,1
2747.0,59.1,26.4,0
1649.0,82.0,6.2,0
2041.0,59.4,9.1,1
2049.0,39.6,0.0,1
564.0,89.6,0.0,0
1949.0,81.5,24.1,0
2708.0,71.3,0.0,0
2366.0,76.6,19.4,0
671.0,42.1,24.9,0
2805.0,77.1,26.7,0
1512.0,46.4,14.4,1
452.0,61.9,11.9,0
960.0,44.8,22.3,0
2191.0,76.5,0.0,0
1517.0,48.5,33.6,0
2900.0,48.9,0.0,1
1266.0,41.0,29.2,0
3182.0,74.6,21.9,0
1431.0,51.3,24.8,0
2635.0,63.5,0.0,1
3277.0,53.3,0.0,1
1788.0,77.6,37.7,0
568.0,47.5,17.1,0
2328.0,86.7,0.0,0
3983.0,52.7,24.6,0
3888.0,40.7,34.9,1
1196.0,48.2,9.0,1
3121.0,39.1,35.9,1
1642.0,60.8,9.8,0
977.0,48.8,10.1,1
2797.0,83.7,0.0,0
2203.0,63.4,14.0,0
2341.0,47.8,26.4,0
3379.0,59.8,21.2,0
1612.0,45.8,37.7,0
2802.0,44.8,32.4,0
1718.0,51.5,0.0,1
554.0,41.0,0.0,1
1761.0,45.4,0.0,1
3820.0,86.6,26.5,0
2140.0,71.7,31.3,0
790.0,85.7,0.0,0
2876.0,49.1,0.0,1
3868.0,82.1,34.0,0
3669.0,54.9,0.0,1
2459.0,42.9,0.0,1
1755.0,79.3,0.0,0
2490.0,38.3,17.4,1
3337.0,57.3,32.4,0
3500.0,80.1,15.8,0
3348.0,68.9,0.0,0
