well,lom,depth_ft,toc_core,gr,res_ohmm,dtc,rhob,nphi
A,8.0,9000.0,1.25,124.9,1.99,101.1,2.626,0.219
A,8.0,9000.5,1.05,123.9,2.09,99.8,2.631,0.217
A,8.0,9001.0,1.32,132.9,2.3,101.8,2.63,0.205
A,8.0,9001.5,1.35,119.2,2.21,99.9,2.594,0.21
A,8.0,9002.0,0.92,112.2,2.04,98.7,2.625,0.191
A,8.0,9002.5,1.01,115.2,2.06,97.8,2.615,0.213
A,8.0,9003.0,1.23,128.8,2.09,101.8,2.588,0.194
A,8.0,9003.5,1.16,123.1,2.05,100.6,2.628,0.22
A,8.0,9004.0,1.21,103.3,2.65,98.8,2.619,0.188
A,8.0,9004.5,1.08,121.3,2.23,101.5,2.627,0.205
A,8.0,9005.0,1.34,115.5,2.39,97.5,2.644,0.196
A,8.0,9005.5,1.33,133.6,2.14,98.6,2.607,0.196
A,8.0,9006.0,1.22,107.7,2.17,99.3,2.616,0.177
A,8.0,9006.5,1.38,120.1,2.11,101.4,2.61,0.202
A,8.0,9007.0,1.28,125.4,1.79,100.0,2.629,0.172
A,8.0,9007.5,1.08,121.5,1.95,97.9,2.619,0.19
A,8.0,9008.0,1.27,123.0,1.92,101.9,2.604,0.22
A,8.0,9008.5,1.07,118.5,1.82,100.9,2.633,0.192
A,8.0,9009.0,1.35,124.4,2.03,100.7,2.619,0.196
A,8.0,9009.5,1.21,117.6,2.45,101.2,2.586,0.213
A,8.0,9010.0,1.19,110.5,2.19,97.1,2.604,0.195
A,8.0,9010.5,1.11,119.5,2.43,100.7,2.638,0.19
A,8.0,9011.0,1.4,133.7,2.31,102.6,2.614,0.194
A,8.0,9011.5,1.19,116.6,2.34,100.2,2.611,0.2
A,8.0,9012.0,1.15,123.9,2.04,99.2,2.615,0.201
A,8.0,9012.5,1.17,124.3,2.29,100.2,2.621,0.21
A,8.0,9013.0,1.3,131.5,2.35,101.1,2.624,0.193
A,8.0,9013.5,1.27,126.2,2.12,103.5,2.593,0.204
A,8.0,9014.0,1.28,117.5,2.32,98.3,2.609,0.197
A,8.0,9014.5,1.29,120.1,2.32,97.7,2.627,0.174
A,8.0,9015.0,1.54,126.3,2.17,103.8,2.598,0.226
A,8.0,9015.5,1.16,138.1,2.01,102.3,2.616,0.238
A,8.0,9016.0,1.15,113.5,2.0,98.0,2.606,0.183
A,8.0,9016.5,1.1,111.0,2.2,98.1,2.633,0.17
A,8.0,9017.0,1.32,120.1,2.28,100.8,2.628,0.191
A,8.0,9017.5,1.4,117.7,2.1,100.6,2.618,0.181
A,8.0,9018.0,1.21,115.4,2.21,100.0,2.62,0.19
A,8.0,9018.5,1.1,115.7,2.29,98.1,2.625,0.194
A,8.0,9019.0,1.11,127.4,2.3,101.8,2.609,0.203
A,8.0,9019.5,1.33,124.6,2.52,99.8,2.61,0.189
A,8.0,9020.0,1.34,116.1,2.47,98.3,2.634,0.163
A,8.0,9020.5,1.31,128.7,2.05,101.0,2.61,0.221
A,8.0,9021.0,1.13,124.9,2.51,102.6,2.601,0.218
A,8.0,9021.5,1.27,126.4,2.12,98.5,2.609,0.191
A,8.0,9022.0,1.25,124.1,2.41,98.2,2.62,0.188
A,8.0,9022.5,1.27,134.2,2.23,97.6,2.612,0.179
A,8.0,9023.0,1.37,124.3,2.16,101.2,2.615,0.218
A,8.0,9023.5,1.27,111.3,1.92,97.2,2.629,0.171
A,8.0,9024.0,1.34,127.5,2.2,100.1,2.623,0.212
A,8.0,9024.5,1.25,123.8,1.95,100.5,2.635,0.191
A,8.0,9025.0,1.29,128.2,2.4,101.2,2.619,0.232
A,8.0,9025.5,1.34,119.9,2.52,100.5,2.603,0.197
A,8.0,9026.0,1.03,129.2,2.04,100.4,2.606,0.221
A,8.0,9026.5,1.2,111.4,2.26,99.6,2.621,0.188
A,8.0,9027.0,1.18,121.4,2.08,100.9,2.611,0.208
A,8.0,9027.5,1.16,122.3,2.09,99.2,2.604,0.201
A,8.0,9028.0,1.21,121.9,2.35,98.9,2.616,0.182
A,8.0,9028.5,1.48,122.7,2.25,102.5,2.602,0.219
A,8.0,9029.0,1.13,116.6,2.52,101.2,2.607,0.199
A,8.0,9029.5,1.41,112.7,2.16,98.8,2.608,0.194
A,8.0,9030.0,1.01,104.0,2.35,98.3,2.645,0.173
A,8.0,9030.5,1.22,114.6,2.22,98.6,2.62,0.199
A,8.0,9031.0,1.29,117.3,2.37,101.1,2.648,0.181
A,8.0,9031.5,1.36,115.8,2.15,101.5,2.616,0.196
A,8.0,9032.0,1.38,119.8,2.23,100.9,2.608,0.195
A,8.0,9032.5,1.39,111.9,2.22,99.3,2.618,0.162
A,8.0,9033.0,1.23,111.7,2.06,98.2,2.626,0.177
A,8.0,9033.5,1.21,130.4,2.33,101.3,2.62,0.191
A,8.0,9034.0,1.41,125.2,2.36,99.9,2.637,0.175
A,8.0,9034.5,1.26,110.0,2.32,98.0,2.616,0.167
A,8.0,9035.0,1.1,121.6,2.47,101.4,2.628,0.209
A,8.0,9035.5,1.12,119.7,2.46,99.3,2.621,0.204
A,8.0,9036.0,1.16,119.3,2.13,98.4,2.603,0.193
A,8.0,9036.5,1.37,120.8,2.3,98.1,2.626,0.164
A,8.0,9037.0,1.32,123.0,2.12,100.1,2.625,0.195
A,8.0,9037.5,1.41,126.7,2.24,99.1,2.598,0.224
A,8.0,9038.0,1.24,123.9,2.11,103.4,2.606,0.216
A,8.0,9038.5,1.33,127.0,2.54,103.2,2.59,0.21
A,8.0,9039.0,1.41,130.7,2.31,103.1,2.593,0.198
A,8.0,9039.5,1.27,121.0,2.18,98.3,2.628,0.198
A,8.0,9040.0,1.39,138.0,2.46,102.6,2.601,0.204
A,8.0,9040.5,1.23,121.4,1.86,102.6,2.6,0.212
A,8.0,9041.0,1.27,130.6,1.89,101.1,2.612,0.216
A,8.0,9041.5,1.28,121.0,2.36,100.1,2.61,0.189
A,8.0,9042.0,1.16,119.5,2.21,97.2,2.614,0.183
A,8.0,9042.5,1.41,122.9,2.29,101.0,2.62,0.199
A,8.0,9043.0,1.28,128.2,1.99,100.1,2.597,0.198
A,8.0,9043.5,1.35,136.5,2.23,102.6,2.594,0.224
A,8.0,9044.0,1.43,130.9,2.63,98.9,2.612,0.224
A,8.0,9044.5,1.43,124.3,2.4,101.5,2.621,0.211
A,8.0,9045.0,1.46,132.5,2.28,103.0,2.62,0.215
A,8.0,9045.5,1.35,120.8,2.15,99.8,2.604,0.199
A,8.0,9046.0,1.31,133.4,2.15,100.4,2.619,0.194
A,8.0,9046.5,1.37,111.3,1.88,96.3,2.609,0.163
A,8.0,9047.0,1.13,124.2,2.24,99.0,2.643,0.204
A,8.0,9047.5,1.17,130.6,2.35,98.9,2.606,0.184
A,8.0,9048.0,1.2,112.0,1.94,96.3,2.641,0.167
A,8.0,9048.5,1.25,109.1,2.1,100.3,2.61,0.19
A,8.0,9049.0,1.47,120.6,2.05,100.2,2.634,0.184
A,8.0,9049.5,1.28,130.4,2.05,99.3,2.62,0.189
A,8.0,9050.0,1.36,134.6,2.24,101.6,2.593,0.218
A,8.0,9050.5,1.62,130.3,1.93,103.4,2.595,0.196
A,8.0,9051.0,1.38,127.0,2.35,101.0,2.622,0.186
A,8.0,9051.5,1.55,131.5,2.41,101.8,2.616,0.199
A,8.0,9052.0,1.3,137.2,2.18,102.8,2.606,0.223
A,8.0,9052.5,1.42,127.7,1.84,99.2,2.612,0.193
A,8.0,9053.0,1.31,129.7,2.05,100.3,2.623,0.193
A,8.0,9053.5,1.41,132.4,2.47,102.3,2.606,0.22
A,8.0,9054.0,1.6,134.0,1.82,101.6,2.586,0.206
A,8.0,9054.5,1.22,126.9,2.15,101.9,2.601,0.21
A,8.0,9055.0,1.55,127.0,2.06,101.2,2.605,0.214
A,8.0,9055.5,1.53,141.8,2.41,103.4,2.615,0.225
A,8.0,9056.0,1.41,124.4,2.12,101.3,2.63,0.194
A,8.0,9056.5,1.29,130.7,2.29,97.6,2.62,0.208
A,8.0,9057.0,1.53,129.7,2.37,103.4,2.607,0.2
A,8.0,9057.5,1.45,120.3,2.6,97.0,2.619,0.186
A,8.0,9058.0,1.57,123.4,2.23,100.1,2.599,0.2
A,8.0,9058.5,1.55,141.1,2.33,104.2,2.597,0.224
A,8.0,9059.0,1.79,135.2,2.05,102.6,2.585,0.214
A,8.0,9059.5,1.52,117.0,2.49,99.5,2.592,0.202
A,8.0,9060.0,1.42,127.5,2.11,100.4,2.611,0.209
A,8.0,9060.5,1.61,146.0,2.18,104.9,2.597,0.233
A,8.0,9061.0,1.62,120.0,2.28,98.2,2.616,0.195
A,8.0,9061.5,1.8,118.4,2.04,103.4,2.605,0.206
A,8.0,9062.0,1.73,138.7,2.34,102.2,2.601,0.202
A,8.0,9062.5,1.67,143.3,2.47,102.9,2.598,0.245
A,8.0,9063.0,1.85,136.4,2.38,103.2,2.589,0.222
A,8.0,9063.5,1.46,131.9,1.98,101.6,2.606,0.227
A,8.0,9064.0,1.55,131.3,2.24,102.4,2.597,0.202
A,8.0,9064.5,1.52,122.9,2.4,102.1,2.611,0.202
A,8.0,9065.0,1.61,140.2,1.96,101.1,2.605,0.212
A,8.0,9065.5,1.48,133.4,2.07,101.7,2.595,0.22
A,8.0,9066.0,1.79,138.7,2.48,103.0,2.591,0.251
A,8.0,9066.5,1.67,133.1,2.34,104.4,2.59,0.209
A,8.0,9067.0,1.5,131.3,2.33,100.9,2.595,0.217
A,8.0,9067.5,1.58,138.0,2.64,104.7,2.586,0.211
A,8.0,9068.0,1.79,134.4,2.4,104.2,2.605,0.221
A,8.0,9068.5,1.88,132.0,2.45,103.3,2.599,0.243
A,8.0,9069.0,2.07,134.2,2.93,102.3,2.596,0.194
A,8.0,9069.5,2.22,133.4,2.35,102.2,2.61,0.19
A,8.0,9070.0,1.85,143.1,2.18,103.2,2.584,0.213
A,8.0,9070.5,1.66,140.9,2.37,104.2,2.629,0.222
A,8.0,9071.0,1.5,124.5,2.34,99.8,2.604,0.184
A,8.0,9071.5,1.87,131.2,2.23,99.5,2.6,0.201
A,8.0,9072.0,1.72,134.4,2.12,102.9,2.589,0.245
A,8.0,9072.5,1.8,137.2,2.78,102.3,2.593,0.224
A,8.0,9073.0,1.78,142.0,2.37,104.3,2.595,0.221
A,8.0,9073.5,1.87,148.7,2.19,103.2,2.586,0.233
A,8.0,9074.0,2.06,128.4,2.54,103.3,2.606,0.208
A,8.0,9074.5,1.94,135.3,2.32,105.7,2.594,0.22
A,8.0,9075.0,1.91,128.3,2.29,104.1,2.591,0.215
A,8.0,9075.5,1.79,133.0,2.42,103.5,2.583,0.206
A,8.0,9076.0,1.71,126.8,2.07,100.1,2.604,0.201
A,8.0,9076.5,1.91,135.9,2.4,105.2,2.579,0.25
A,8.0,9077.0,1.99,148.1,2.74,106.3,2.571,0.237
A,8.0,9077.5,2.28,145.2,2.49,105.4,2.562,0.23
A,8.0,9078.0,2.05,123.5,2.29,104.8,2.619,0.206
A,8.0,9078.5,2.19,148.7,2.29,104.5,2.572,0.218
A,8.0,9079.0,1.99,147.7,2.27,104.5,2.566,0.23
A,8.0,9079.5,1.9,145.8,2.28,103.6,2.579,0.204
A,8.0,9080.0,1.95,144.6,2.27,105.5,2.581,0.228
A,8.0,9080.5,2.01,140.8,2.53,104.2,2.589,0.233
A,8.0,9081.0,2.45,153.9,2.12,106.6,2.573,0.235
A,8.0,9081.5,2.03,149.2,2.52,104.7,2.59,0.231
A,8.0,9082.0,2.29,148.7,2.33,104.9,2.566,0.224
A,8.0,9082.5,2.05,124.7,2.43,103.3,2.595,0.208
A,8.0,9083.0,2.35,143.4,2.21,106.0,2.563,0.231
A,8.0,9083.5,2.28,140.5,2.67,104.8,2.571,0.218
A,8.0,9084.0,2.22,124.9,2.64,103.4,2.572,0.213
A,8.0,9084.5,2.26,150.9,2.59,107.8,2.556,0.247
A,8.0,9085.0,2.18,159.1,2.11,106.3,2.585,0.235
A,8.0,9085.5,2.37,151.6,2.59,106.6,2.576,0.223
A,8.0,9086.0,2.25,148.8,2.48,105.6,2.588,0.226
A,8.0,9086.5,2.16,146.2,2.09,108.1,2.576,0.239
A,8.0,9087.0,2.17,138.6,2.38,103.2,2.59,0.228
A,8.0,9087.5,2.41,145.0,2.5,106.9,2.55,0.213
A,8.0,9088.0,2.64,136.0,2.59,103.4,2.579,0.2
A,8.0,9088.5,2.45,139.6,2.47,106.6,2.571,0.229
A,8.0,9089.0,2.43,148.8,2.49,107.8,2.579,0.22
A,8.0,9089.5,2.51,143.8,2.75,105.5,2.579,0.186
A,8.0,9090.0,2.68,140.3,2.74,107.0,2.551,0.225
A,8.0,9090.5,2.54,147.9,1.95,105.5,2.55,0.201
A,8.0,9091.0,2.47,150.5,2.38,107.7,2.555,0.231
A,8.0,9091.5,2.72,151.7,2.46,107.5,2.565,0.246
A,8.0,9092.0,2.64,146.9,2.15,105.7,2.573,0.239
A,8.0,9092.5,2.83,153.2,2.53,107.3,2.541,0.213
A,8.0,9093.0,2.65,145.1,2.74,106.9,2.553,0.217
A,8.0,9093.5,2.46,147.8,2.24,104.7,2.563,0.216
A,8.0,9094.0,2.46,138.0,2.5,103.8,2.571,0.222
A,8.0,9094.5,2.94,150.6,2.35,106.0,2.539,0.216
A,8.0,9095.0,2.97,140.8,2.41,107.6,2.54,0.209
A,8.0,9095.5,2.71,149.6,2.8,106.2,2.558,0.22
A,8.0,9096.0,2.7,149.4,2.38,107.5,2.562,0.222
A,8.0,9096.5,3.0,154.1,2.64,109.5,2.537,0.235
A,8.0,9097.0,2.64,126.9,2.13,104.8,2.571,0.182
A,8.0,9097.5,2.69,139.5,2.88,107.0,2.577,0.215
A,8.0,9098.0,2.95,158.6,2.66,109.0,2.535,0.217
A,8.0,9098.5,2.82,152.2,2.47,108.0,2.553,0.222
A,8.0,9099.0,2.9,142.1,2.65,107.8,2.565,0.241
A,8.0,9099.5,2.9,152.1,2.26,110.1,2.552,0.22
A,8.0,9100.0,3.0,141.2,2.8,106.4,2.55,0.208
A,8.0,9100.5,3.18,152.3,2.52,106.7,2.565,0.202
A,8.0,9101.0,3.01,149.2,2.51,108.7,2.548,0.223
A,8.0,9101.5,3.12,152.2,2.47,108.9,2.561,0.229
A,8.0,9102.0,2.74,156.0,2.38,106.2,2.563,0.242
A,8.0,9102.5,3.06,149.2,2.71,110.4,2.543,0.208
A,8.0,9103.0,2.97,141.4,2.59,107.3,2.561,0.209
A,8.0,9103.5,2.94,139.5,2.67,104.9,2.565,0.205
A,8.0,9104.0,3.01,150.1,2.55,108.8,2.567,0.215
A,8.0,9104.5,3.12,143.3,2.68,109.1,2.542,0.227
A,8.0,9105.0,3.33,142.5,2.53,107.3,2.544,0.223
A,8.0,9105.5,3.02,148.7,3.05,109.3,2.555,0.209
A,8.0,9106.0,3.25,148.7,2.29,109.7,2.553,0.219
A,8.0,9106.5,3.2,145.3,2.86,107.9,2.537,0.212
A,8.0,9107.0,3.25,138.0,2.9,109.9,2.56,0.225
A,8.0,9107.5,3.47,151.4,2.47,110.0,2.542,0.22
A,8.0,9108.0,3.42,150.7,3.15,108.9,2.525,0.217
A,8.0,9108.5,3.57,160.4,2.89,109.4,2.548,0.229
A,8.0,9109.0,3.37,149.2,2.84,110.0,2.567,0.241
A,8.0,9109.5,3.31,153.7,2.62,108.3,2.56,0.204
A,8.0,9110.0,3.41,146.5,2.59,108.8,2.559,0.226
A,8.0,9110.5,3.51,157.0,2.61,110.0,2.532,0.253
A,8.0,9111.0,3.52,155.8,2.74,108.7,2.521,0.209
A,8.0,9111.5,3.36,142.2,2.93,106.8,2.529,0.194
A,8.0,9112.0,3.56,142.4,2.7,106.4,2.546,0.198
A,8.0,9112.5,3.6,154.0,2.49,108.2,2.526,0.222
A,8.0,9113.0,3.97,166.7,2.94,112.2,2.51,0.237
A,8.0,9113.5,3.9,165.5,2.95,108.0,2.523,0.228
A,8.0,9114.0,3.51,155.1,2.8,111.0,2.539,0.239
A,8.0,9114.5,3.62,142.5,2.84,107.0,2.526,0.182
A,8.0,9115.0,3.47,155.0,2.59,111.3,2.531,0.217
A,8.0,9115.5,3.63,157.4,2.49,110.9,2.545,0.264
A,8.0,9116.0,3.79,151.4,2.53,110.4,2.519,0.21
A,8.0,9116.5,3.94,157.4,2.41,110.5,2.534,0.215
A,8.0,9117.0,3.68,157.6,2.74,109.7,2.528,0.229
A,8.0,9117.5,3.71,157.7,2.68,110.4,2.54,0.217
A,8.0,9118.0,3.51,150.0,2.56,108.7,2.552,0.224
A,8.0,9118.5,3.83,163.4,2.15,113.5,2.529,0.242
A,8.0,9119.0,3.72,168.2,2.44,111.0,2.533,0.244
A,8.0,9119.5,3.82,153.0,2.98,110.9,2.514,0.22
A,8.0,9120.0,3.79,169.2,2.57,113.7,2.533,0.235
A,8.0,9120.5,3.93,158.8,2.83,112.2,2.512,0.227
A,8.0,9121.0,3.71,159.5,2.41,114.4,2.526,0.249
A,8.0,9121.5,3.77,151.7,3.04,109.7,2.531,0.243
A,8.0,9122.0,4.33,172.6,2.8,111.5,2.514,0.235
A,8.0,9122.5,3.84,158.9,2.79,110.1,2.528,0.207
A,8.0,9123.0,3.89,182.1,3.3,115.0,2.501,0.264
A,8.0,9123.5,4.36,166.7,3.21,114.5,2.488,0.27
A,8.0,9124.0,4.54,165.8,2.81,113.3,2.514,0.235
A,8.0,9124.5,3.95,176.1,2.62,111.0,2.52,0.231
A,8.0,9125.0,4.09,154.5,2.71,112.6,2.532,0.231
A,8.0,9125.5,4.21,151.5,2.93,110.6,2.514,0.218
A,8.0,9126.0,4.44,177.4,2.84,115.8,2.484,0.232
A,8.0,9126.5,4.06,157.2,2.69,115.4,2.529,0.227
A,8.0,9127.0,4.19,164.3,3.15,113.2,2.508,0.236
A,8.0,9127.5,4.36,162.7,2.82,113.9,2.511,0.215
A,8.0,9128.0,4.33,168.1,3.41,112.8,2.499,0.226
A,8.0,9128.5,4.22,161.1,2.83,110.9,2.53,0.237
A,8.0,9129.0,4.28,154.4,3.26,110.3,2.507,0.206
A,8.0,9129.5,4.11,167.8,2.87,111.5,2.509,0.243
A,8.0,9130.0,4.3,155.3,3.05,110.3,2.514,0.21
A,8.0,9130.5,4.31,154.8,2.67,113.8,2.501,0.224
A,8.0,9131.0,4.4,164.6,2.66,113.8,2.509,0.223
A,8.0,9131.5,4.3,158.5,2.93,113.6,2.528,0.252
A,8.0,9132.0,4.47,162.3,3.1,112.8,2.499,0.211
A,8.0,9132.5,4.57,173.8,2.9,114.8,2.501,0.237
A,8.0,9133.0,4.46,159.2,2.58,113.6,2.475,0.225
A,8.0,9133.5,4.5,165.1,2.58,113.5,2.503,0.249
A,8.0,9134.0,4.47,165.1,2.56,113.9,2.501,0.233
A,8.0,9134.5,4.48,164.7,2.49,113.6,2.492,0.243
A,8.0,9135.0,4.38,171.8,2.87,113.4,2.517,0.24
A,8.0,9135.5,4.55,171.8,3.16,111.6,2.499,0.217
A,8.0,9136.0,4.5,170.0,2.87,112.4,2.496,0.242
A,8.0,9136.5,4.84,176.5,2.47,115.3,2.484,0.232
A,8.0,9137.0,4.78,162.6,2.9,113.5,2.476,0.207
A,8.0,9137.5,4.61,163.1,2.86,111.2,2.491,0.221
A,8.0,9138.0,4.45,176.3,3.39,113.9,2.514,0.228
A,8.0,9138.5,4.41,169.5,2.54,113.6,2.479,0.239
A,8.0,9139.0,4.77,163.8,2.85,112.6,2.482,0.229
A,8.0,9139.5,4.64,173.6,3.33,113.7,2.491,0.245
A,8.0,9140.0,4.68,179.4,3.02,115.7,2.514,0.24
A,8.0,9140.5,4.36,171.1,2.97,115.0,2.511,0.264
A,8.0,9141.0,4.77,173.2,2.96,112.9,2.489,0.234
A,8.0,9141.5,4.7,163.7,3.0,114.2,2.513,0.242
A,8.0,9142.0,4.48,157.0,3.05,114.4,2.496,0.221
A,8.0,9142.5,4.58,173.3,2.71,115.9,2.508,0.247
A,8.0,9143.0,4.7,170.2,3.13,116.3,2.472,0.25
A,8.0,9143.5,4.67,169.5,2.61,114.1,2.508,0.235
A,8.0,9144.0,4.63,166.6,2.98,111.8,2.5,0.211
A,8.0,9144.5,4.66,155.1,2.95,114.0,2.488,0.217
A,8.0,9145.0,4.65,162.2,2.77,114.5,2.495,0.223
A,8.0,9145.5,4.71,165.8,2.92,115.6,2.498,0.225
A,8.0,9146.0,4.92,174.3,2.83,116.0,2.481,0.22
A,8.0,9146.5,4.31,166.6,2.6,114.7,2.512,0.231
A,8.0,9147.0,4.67,178.8,2.83,115.0,2.488,0.248
A,8.0,9147.5,4.73,184.1,2.68,117.4,2.494,0.244
A,8.0,9148.0,4.75,173.9,3.01,116.0,2.498,0.226
A,8.0,9148.5,4.66,170.0,2.65,113.4,2.496,0.254
A,8.0,9149.0,4.45,174.9,3.03,112.6,2.493,0.244
A,8.0,9149.5,4.76,163.4,2.67,116.1,2.498,0.233
A,8.0,9150.0,4.97,184.3,2.85,117.3,2.487,0.262
A,8.0,9150.5,4.49,166.3,2.73,112.6,2.523,0.253
A,8.0,9151.0,4.85,180.0,3.29,115.1,2.498,0.233
A,8.0,9151.5,4.67,187.7,2.99,117.8,2.498,0.265
A,8.0,9152.0,4.71,172.8,2.87,114.6,2.531,0.225
A,8.0,9152.5,4.56,181.7,3.01,116.3,2.494,0.296
A,8.0,9153.0,4.66,175.2,2.46,116.9,2.499,0.23
A,8.0,9153.5,4.91,157.3,2.96,113.9,2.498,0.226
A,8.0,9154.0,4.8,178.1,3.45,115.1,2.475,0.241
A,8.0,9154.5,4.97,173.0,3.02,115.9,2.481,0.225
A,8.0,9155.0,4.88,173.7,2.98,116.1,2.482,0.256
A,8.0,9155.5,4.77,181.5,3.07,116.9,2.495,0.28
A,8.0,9156.0,4.96,181.1,3.2,118.3,2.478,0.255
A,8.0,9156.5,4.76,167.4,2.5,115.5,2.493,0.23
A,8.0,9157.0,4.81,180.9,2.58,117.6,2.496,0.241
A,8.0,9157.5,4.64,180.4,2.96,116.2,2.499,0.261
A,8.0,9158.0,4.69,182.7,2.76,117.1,2.484,0.264
A,8.0,9158.5,4.57,176.9,3.21,115.7,2.485,0.249
A,8.0,9159.0,4.81,188.8,2.87,117.7,2.495,0.271
A,8.0,9159.5,4.48,158.0,2.46,113.9,2.515,0.23
A,8.0,9160.0,4.77,175.9,2.65,116.3,2.47,0.251
A,8.0,9160.5,4.61,176.7,2.33,114.6,2.493,0.236
A,8.0,9161.0,4.81,169.1,2.89,115.3,2.488,0.243
A,8.0,9161.5,4.74,174.4,2.89,115.4,2.501,0.251
A,8.0,9162.0,4.89,174.7,2.87,116.3,2.495,0.252
A,8.0,9162.5,4.72,183.2,3.19,117.8,2.486,0.283
A,8.0,9163.0,4.37,165.7,3.13,116.8,2.51,0.253
A,8.0,9163.5,4.58,175.3,2.85,115.0,2.494,0.241
A,8.0,9164.0,4.41,179.8,2.4,114.8,2.494,0.231
A,8.0,9164.5,4.49,167.0,3.02,116.2,2.494,0.242
A,8.0,9165.0,4.79,171.2,3.08,116.2,2.488,0.242
A,8.0,9165.5,4.65,170.7,2.98,118.8,2.49,0.264
A,8.0,9166.0,4.44,186.3,3.09,115.3,2.472,0.266
A,8.0,9166.5,4.38,176.9,2.59,116.4,2.49,0.278
A,8.0,9167.0,4.52,174.7,3.38,114.3,2.496,0.257
A,8.0,9167.5,4.33,171.4,2.62,114.3,2.498,0.256
A,8.0,9168.0,4.4,161.3,3.03,113.6,2.503,0.246
A,8.0,9168.5,4.53,171.8,2.52,116.0,2.503,0.253
A,8.0,9169.0,4.65,191.8,2.7,116.8,2.476,0.263
A,8.0,9169.5,4.55,184.7,3.26,117.4,2.473,0.275
A,8.0,9170.0,4.11,164.1,2.73,113.3,2.506,0.248
A,8.0,9170.5,4.48,180.1,3.07,115.2,2.504,0.256
A,8.0,9171.0,4.43,170.1,2.91,118.3,2.518,0.245
A,8.0,9171.5,4.47,169.3,2.84,116.4,2.503,0.27
A,8.0,9172.0,4.64,181.2,3.24,114.9,2.474,0.266
A,8.0,9172.5,4.08,170.8,2.73,111.9,2.511,0.238
A,8.0,9173.0,4.28,176.5,2.45,113.1,2.507,0.263
A,8.0,9173.5,4.45,155.5,2.68,112.9,2.513,0.192
A,8.0,9174.0,4.11,168.1,2.91,113.1,2.516,0.247
A,8.0,9174.5,4.56,159.5,2.98,111.7,2.5,0.204
A,8.0,9175.0,4.38,164.4,2.51,112.5,2.51,0.218
A,8.0,9175.5,4.43,171.6,2.7,115.8,2.504,0.276
A,8.0,9176.0,4.21,162.4,2.68,113.0,2.516,0.249
A,8.0,9176.5,4.4,165.9,2.77,111.9,2.497,0.228
A,8.0,9177.0,4.43,173.1,2.56,114.0,2.499,0.238
A,8.0,9177.5,4.29,169.7,2.69,115.9,2.468,0.241
A,8.0,9178.0,4.28,169.8,2.66,113.7,2.501,0.23
A,8.0,9178.5,4.27,181.1,3.0,114.9,2.491,0.28
A,8.0,9179.0,4.09,169.8,2.97,113.7,2.501,0.235
A,8.0,9179.5,4.18,173.6,2.77,112.8,2.51,0.239
A,8.0,9180.0,4.17,171.3,2.71,114.2,2.503,0.274
A,8.0,9180.5,4.23,160.5,2.85,112.5,2.48,0.257
A,8.0,9181.0,4.31,161.5,2.65,114.4,2.512,0.236
A,8.0,9181.5,3.99,168.3,2.52,113.1,2.506,0.233
A,8.0,9182.0,4.12,163.2,2.59,113.7,2.518,0.238
A,8.0,9182.5,4.35,159.2,2.7,114.1,2.494,0.218
A,8.0,9183.0,4.0,153.9,2.52,115.6,2.518,0.226
A,8.0,9183.5,3.98,169.0,2.79,109.6,2.517,0.219
A,8.0,9184.0,4.12,174.3,2.96,112.9,2.512,0.244
A,8.0,9184.5,4.21,170.8,2.47,112.5,2.511,0.23
A,8.0,9185.0,4.07,168.3,2.78,111.4,2.512,0.219
A,8.0,9185.5,4.26,169.7,2.77,112.0,2.49,0.241
A,8.0,9186.0,4.17,165.9,2.88,112.9,2.492,0.244
A,8.0,9186.5,4.16,167.9,2.79,112.1,2.502,0.263
A,8.0,9187.0,4.11,158.0,2.48,112.2,2.517,0.219
A,8.0,9187.5,4.36,176.6,2.57,112.9,2.501,0.231
A,8.0,9188.0,3.97,171.0,2.76,113.8,2.521,0.252
A,8.0,9188.5,3.69,154.6,2.92,111.2,2.526,0.225
A,8.0,9189.0,4.23,161.7,2.36,112.5,2.504,0.229
A,8.0,9189.5,3.91,158.7,2.82,111.8,2.516,0.247
A,8.0,9190.0,3.98,172.4,3.03,115.1,2.519,0.244
A,8.0,9190.5,4.16,154.3,2.76,111.6,2.522,0.216
A,8.0,9191.0,3.71,162.2,2.82,108.9,2.55,0.23
A,8.0,9191.5,3.76,168.0,2.56,110.6,2.515,0.227
A,8.0,9192.0,3.7,161.9,2.67,109.1,2.526,0.227
A,8.0,9192.5,3.81,163.2,2.39,111.9,2.527,0.233
A,8.0,9193.0,3.99,155.4,2.29,110.5,2.524,0.205
A,8.0,9193.5,3.99,163.4,2.98,111.8,2.511,0.242
A,8.0,9194.0,3.95,157.0,2.54,113.9,2.503,0.241
A,8.0,9194.5,3.69,153.1,2.6,110.9,2.525,0.214
A,8.0,9195.0,3.55,167.2,2.38,111.8,2.518,0.241
A,8.0,9195.5,3.9,167.0,2.45,111.8,2.495,0.239
A,8.0,9196.0,3.82,163.8,2.68,111.7,2.508,0.249
A,8.0,9196.5,3.95,164.7,2.59,113.0,2.502,0.24
A,8.0,9197.0,3.99,166.3,2.84,111.9,2.527,0.236
A,8.0,9197.5,3.9,165.1,2.84,109.6,2.528,0.228
A,8.0,9198.0,3.99,167.7,2.83,112.3,2.505,0.251
A,8.0,9198.5,3.91,159.2,2.79,111.6,2.519,0.229
A,8.0,9199.0,3.95,164.0,3.12,111.5,2.498,0.225
A,8.0,9199.5,3.76,158.5,2.49,110.6,2.518,0.225
A,8.0,9200.0,3.84,157.2,2.71,110.4,2.53,0.23
A,8.0,9200.5,3.9,160.8,3.0,110.4,2.536,0.229
A,8.0,9201.0,3.99,163.1,3.05,111.4,2.513,0.228
A,8.0,9201.5,3.81,156.2,2.43,112.3,2.536,0.258
A,8.0,9202.0,3.94,155.7,2.68,112.8,2.503,0.243
A,8.0,9202.5,3.83,160.4,3.03,111.0,2.509,0.229
A,8.0,9203.0,3.85,170.3,2.84,111.2,2.531,0.233
A,8.0,9203.5,3.99,149.1,2.8,111.8,2.541,0.229
A,8.0,9204.0,3.57,159.5,2.62,111.4,2.538,0.225
A,8.0,9204.5,3.68,150.8,2.61,110.2,2.529,0.241
A,8.0,9205.0,3.65,146.4,2.75,110.0,2.51,0.214
A,8.0,9205.5,3.53,158.8,2.6,112.2,2.506,0.243
A,8.0,9206.0,3.78,152.7,2.7,111.8,2.531,0.227
A,8.0,9206.5,3.99,149.6,2.78,112.2,2.522,0.226
A,8.0,9207.0,3.84,153.0,2.58,108.9,2.516,0.216
A,8.0,9207.5,3.92,151.5,2.86,110.3,2.528,0.214
A,8.0,9208.0,4.06,153.9,3.5,111.9,2.519,0.245
A,8.0,9208.5,4.1,164.1,2.41,111.6,2.529,0.236
A,8.0,9209.0,3.89,160.7,2.81,110.1,2.527,0.22
A,8.0,9209.5,4.11,168.8,2.62,110.9,2.528,0.237
A,8.0,9210.0,3.93,152.9,2.87,111.7,2.521,0.233
A,8.0,9210.5,3.79,160.1,2.72,110.1,2.525,0.233
A,8.0,9211.0,3.83,163.0,2.9,111.4,2.537,0.217
A,8.0,9211.5,3.71,153.7,2.96,110.0,2.516,0.216
A,8.0,9212.0,3.8,147.2,2.76,107.4,2.569,0.191
A,8.0,9212.5,3.89,156.1,3.0,111.1,2.53,0.213
A,8.0,9213.0,4.07,159.7,2.3,110.0,2.531,0.196
A,8.0,9213.5,4.21,172.8,3.19,113.2,2.519,0.237
A,8.0,9214.0,3.75,148.2,2.79,113.2,2.551,0.223
A,8.0,9214.5,4.03,177.9,3.02,113.1,2.524,0.243
A,8.0,9215.0,3.82,158.6,2.47,112.6,2.502,0.228
A,8.0,9215.5,4.05,166.7,2.59,110.7,2.534,0.227
A,8.0,9216.0,3.97,162.1,2.79,109.5,2.519,0.228
A,8.0,9216.5,3.72,153.5,2.7,112.8,2.529,0.237
A,8.0,9217.0,4.14,162.0,2.86,110.6,2.502,0.216
A,8.0,9217.5,3.92,158.5,2.99,110.0,2.529,0.229
A,8.0,9218.0,3.94,166.8,2.38,112.3,2.51,0.262
A,8.0,9218.5,3.86,156.8,2.95,110.4,2.528,0.22
A,8.0,9219.0,3.93,169.2,2.75,111.1,2.516,0.231
A,8.0,9219.5,4.1,165.4,2.74,112.4,2.537,0.236
A,8.0,9220.0,4.02,155.1,2.46,112.3,2.547,0.219
A,8.0,9220.5,4.1,172.0,2.9,112.1,2.513,0.24
A,8.0,9221.0,4.11,168.3,2.3,111.2,2.514,0.239
A,8.0,9221.5,4.26,168.3,2.97,114.0,2.506,0.219
A,8.0,9222.0,4.02,153.8,2.45,111.7,2.535,0.211
A,8.0,9222.5,3.86,149.2,2.74,109.5,2.524,0.216
A,8.0,9223.0,4.24,158.7,2.79,110.3,2.508,0.225
A,8.0,9223.5,4.04,160.8,3.04,111.5,2.528,0.231
A,8.0,9224.0,4.26,163.8,2.78,111.9,2.508,0.22
A,8.0,9224.5,4.16,170.1,2.65,114.3,2.512,0.238
A,8.0,9225.0,4.09,155.4,2.67,109.7,2.502,0.225
A,8.0,9225.5,4.16,169.5,3.1,112.2,2.523,0.229
A,8.0,9226.0,4.41,174.2,2.98,114.4,2.528,0.241
A,8.0,9226.5,4.43,180.2,2.77,113.1,2.503,0.26
A,8.0,9227.0,4.13,152.4,2.74,112.3,2.537,0.222
A,8.0,9227.5,4.15,178.4,2.47,112.5,2.498,0.255
A,8.0,9228.0,4.29,165.9,2.92,113.7,2.511,0.246
A,8.0,9228.5,4.01,164.2,2.4,112.6,2.506,0.244
A,8.0,9229.0,4.19,163.1,2.98,114.1,2.509,0.242
A,8.0,9229.5,4.13,161.3,2.82,113.6,2.521,0.238
A,8.0,9230.0,4.19,156.3,3.39,109.7,2.514,0.235
A,8.0,9230.5,4.02,172.2,2.53,112.5,2.495,0.261
A,8.0,9231.0,3.9,154.5,2.72,111.3,2.508,0.22
A,8.0,9231.5,3.83,180.4,3.14,112.2,2.503,0.238
A,8.0,9232.0,3.97,153.3,3.03,111.9,2.528,0.227
A,8.0,9232.5,4.07,156.7,2.63,113.2,2.541,0.238
A,8.0,9233.0,4.1,161.1,2.83,112.2,2.535,0.214
A,8.0,9233.5,4.43,178.3,2.86,114.1,2.478,0.244
A,8.0,9234.0,4.3,174.1,2.89,112.6,2.519,0.254
A,8.0,9234.5,3.99,165.0,2.61,111.5,2.53,0.211
A,8.0,9235.0,4.18,155.2,2.78,113.2,2.494,0.233
A,8.0,9235.5,4.07,155.0,2.44,110.1,2.516,0.221
A,8.0,9236.0,4.08,157.6,2.81,113.1,2.529,0.232
A,8.0,9236.5,4.15,148.0,2.9,112.4,2.525,0.232
A,8.0,9237.0,4.21,162.2,2.76,112.4,2.498,0.215
A,8.0,9237.5,4.06,153.9,2.44,109.0,2.522,0.231
A,8.0,9238.0,4.26,166.7,3.05,113.1,2.477,0.229
A,8.0,9238.5,3.92,173.2,2.82,116.9,2.506,0.265
A,8.0,9239.0,4.09,157.8,2.62,111.5,2.53,0.227
A,8.0,9239.5,4.47,179.1,2.8,113.3,2.495,0.255
A,8.0,9240.0,4.1,167.9,2.47,114.5,2.506,0.253
A,8.0,9240.5,4.27,171.4,2.6,113.4,2.518,0.248
A,8.0,9241.0,4.06,170.6,2.66,114.4,2.524,0.245
A,8.0,9241.5,4.13,171.8,3.08,113.3,2.528,0.237
A,8.0,9242.0,4.02,164.9,2.63,113.2,2.526,0.25
A,8.0,9242.5,3.99,163.6,2.9,112.4,2.531,0.233
A,8.0,9243.0,3.89,158.5,2.62,111.5,2.535,0.212
A,8.0,9243.5,4.05,158.4,2.83,114.0,2.524,0.204
A,8.0,9244.0,3.85,163.5,2.7,113.6,2.52,0.241
A,8.0,9244.5,4.06,162.4,2.98,110.6,2.512,0.244
A,8.0,9245.0,4.11,159.2,2.67,113.0,2.5,0.257
A,8.0,9245.5,3.99,166.7,2.43,113.9,2.505,0.24
A,8.0,9246.0,3.87,166.4,2.45,114.2,2.514,0.24
A,8.0,9246.5,3.97,162.0,2.64,112.1,2.519,0.23
A,8.0,9247.0,3.83,156.2,2.47,112.7,2.542,0.236
A,8.0,9247.5,4.0,164.9,2.85,114.9,2.51,0.238
A,8.0,9248.0,3.57,171.6,2.57,115.4,2.537,0.26
A,8.0,9248.5,3.78,164.8,3.28,111.3,2.535,0.252
A,8.0,9249.0,3.51,158.7,2.31,110.9,2.526,0.251
A,8.0,9249.5,3.56,169.2,2.71,111.6,2.533,0.249
A,8.0,9250.0,3.97,167.6,2.52,113.0,2.509,0.26
A,8.0,9250.5,3.88,159.7,2.63,111.7,2.533,0.249
A,8.0,9251.0,3.62,168.1,2.71,108.3,2.534,0.237
A,8.0,9251.5,3.48,158.0,2.2,110.5,2.517,0.26
A,8.0,9252.0,3.23,147.6,2.65,108.9,2.548,0.216
A,8.0,9252.5,3.57,163.3,3.11,111.0,2.547,0.253
A,8.0,9253.0,4.0,164.8,2.66,113.7,2.519,0.202
A,8.0,9253.5,3.67,157.5,2.75,110.6,2.535,0.242
A,8.0,9254.0,3.5,159.1,2.88,113.5,2.534,0.267
A,8.0,9254.5,3.63,167.4,2.64,112.3,2.512,0.248
A,8.0,9255.0,3.3,160.8,2.49,112.3,2.54,0.258
A,8.0,9255.5,3.47,166.5,2.2,110.6,2.518,0.239
A,8.0,9256.0,3.5,153.4,2.79,111.2,2.53,0.216
A,8.0,9256.5,3.45,145.8,2.62,110.3,2.548,0.239
A,8.0,9257.0,3.55,161.9,2.46,111.6,2.535,0.231
A,8.0,9257.5,3.46,168.5,2.67,111.0,2.53,0.231
A,8.0,9258.0,3.48,172.0,2.53,111.3,2.534,0.262
A,8.0,9258.5,3.25,162.9,2.49,109.8,2.542,0.239
A,8.0,9259.0,3.46,155.0,2.77,113.5,2.533,0.234
A,8.0,9259.5,3.54,159.4,2.39,109.6,2.543,0.218
A,8.0,9260.0,3.12,152.3,2.8,110.1,2.535,0.231
A,8.0,9260.5,3.11,154.6,2.3,110.6,2.547,0.24
A,8.0,9261.0,3.41,147.8,2.5,111.0,2.535,0.217
A,8.0,9261.5,3.15,149.8,3.01,109.0,2.527,0.234
A,8.0,9262.0,3.37,152.8,2.87,107.1,2.527,0.241
A,8.0,9262.5,3.06,156.0,2.58,109.2,2.568,0.227
A,8.0,9263.0,3.32,168.9,2.42,108.9,2.537,0.266
A,8.0,9263.5,3.09,154.1,2.46,110.6,2.532,0.228
A,8.0,9264.0,3.08,145.0,2.58,108.9,2.53,0.227
A,8.0,9264.5,3.24,143.7,2.61,108.8,2.549,0.199
A,8.0,9265.0,2.93,142.8,2.51,106.3,2.575,0.229
A,8.0,9265.5,2.81,152.2,2.5,105.6,2.556,0.217
A,8.0,9266.0,2.85,152.3,2.47,107.6,2.574,0.224
A,8.0,9266.5,2.96,163.1,2.26,109.7,2.55,0.246
A,8.0,9267.0,2.63,141.9,2.37,106.2,2.57,0.213
A,8.0,9267.5,2.93,143.1,2.72,109.6,2.532,0.239
A,8.0,9268.0,2.72,139.2,2.23,110.7,2.571,0.241
A,8.0,9268.5,2.95,158.1,2.5,109.3,2.548,0.232
A,8.0,9269.0,2.39,140.4,2.27,107.1,2.583,0.211
A,8.0,9269.5,2.6,142.1,2.49,107.8,2.555,0.228
A,8.0,9270.0,2.44,159.9,2.36,109.5,2.566,0.242
A,8.0,9270.5,2.54,140.0,2.76,104.1,2.58,0.23
A,8.0,9271.0,2.67,137.1,2.58,102.7,2.568,0.204
A,8.0,9271.5,2.58,141.1,2.22,105.9,2.573,0.213
A,8.0,9272.0,2.54,144.0,2.59,107.5,2.564,0.237
A,8.0,9272.5,2.52,148.8,2.3,105.9,2.557,0.213
A,8.0,9273.0,2.55,154.9,2.35,106.7,2.584,0.229
A,8.0,9273.5,2.34,141.9,2.48,104.4,2.588,0.236
A,8.0,9274.0,2.57,153.2,2.37,109.3,2.553,0.234
A,8.0,9274.5,2.53,155.0,2.63,108.3,2.57,0.217
A,8.0,9275.0,2.47,138.2,2.29,107.0,2.56,0.219
A,8.0,9275.5,2.46,151.4,2.32,107.7,2.552,0.247
A,8.0,9276.0,2.4,141.8,2.3,106.0,2.584,0.227
A,8.0,9276.5,2.63,129.9,2.36,106.4,2.546,0.207
A,8.0,9277.0,2.29,133.0,2.63,104.5,2.585,0.22
A,8.0,9277.5,2.23,134.8,2.52,102.5,2.575,0.213
A,8.0,9278.0,2.14,140.6,2.72,104.8,2.579,0.219
A,8.0,9278.5,2.07,144.6,2.83,106.1,2.583,0.246
A,8.0,9279.0,2.01,125.2,2.17,103.1,2.603,0.195
A,8.0,9279.5,2.04,139.3,2.37,104.7,2.581,0.201
A,8.0,9280.0,2.14,125.6,2.16,105.3,2.595,0.187
A,8.0,9280.5,2.18,136.2,2.24,103.1,2.584,0.197
A,8.0,9281.0,2.11,137.3,2.25,103.7,2.569,0.216
A,8.0,9281.5,1.97,124.0,2.15,102.9,2.592,0.18
A,8.0,9282.0,2.19,133.4,2.19,106.8,2.601,0.2
A,8.0,9282.5,2.15,125.1,2.35,105.4,2.606,0.206
A,8.0,9283.0,1.99,153.8,2.13,107.5,2.587,0.23
A,8.0,9283.5,1.89,138.7,2.49,104.6,2.57,0.222
A,8.0,9284.0,2.05,143.8,2.19,102.5,2.593,0.206
A,8.0,9284.5,1.98,132.5,2.94,104.3,2.6,0.211
A,8.0,9285.0,1.71,130.2,2.21,100.1,2.611,0.204
A,8.0,9285.5,1.9,123.7,2.34,101.2,2.609,0.192
A,8.0,9286.0,1.93,132.7,2.11,103.1,2.595,0.209
A,8.0,9286.5,1.73,122.9,2.64,103.5,2.601,0.187
A,8.0,9287.0,1.88,132.7,2.54,102.6,2.585,0.197
A,8.0,9287.5,1.61,122.6,2.33,97.5,2.585,0.18
A,8.0,9288.0,2.01,126.7,2.11,103.5,2.595,0.204
A,8.0,9288.5,1.98,133.8,2.39,102.8,2.591,0.214
A,8.0,9289.0,1.74,128.9,2.1,102.9,2.603,0.189
A,8.0,9289.5,1.81,144.7,2.6,103.1,2.577,0.203
A,8.0,9290.0,1.38,118.2,2.38,99.3,2.623,0.197
A,8.0,9290.5,1.55,139.1,2.28,103.4,2.626,0.214
A,8.0,9291.0,1.66,124.0,1.88,99.5,2.605,0.18
A,8.0,9291.5,1.53,131.2,2.09,101.5,2.602,0.233
A,8.0,9292.0,1.78,123.7,2.44,103.4,2.6,0.204
A,8.0,9292.5,1.96,123.9,2.58,101.2,2.62,0.194
A,8.0,9293.0,1.47,125.3,2.46,99.0,2.597,0.201
A,8.0,9293.5,1.5,135.9,1.99,102.5,2.607,0.202
A,8.0,9294.0,1.65,132.2,2.34,103.9,2.589,0.203
A,8.0,9294.5,1.84,137.0,2.52,102.5,2.589,0.224
A,8.0,9295.0,1.4,135.1,1.96,100.0,2.603,0.228
A,8.0,9295.5,1.61,140.4,2.28,103.6,2.615,0.222
A,8.0,9296.0,1.83,128.9,2.37,100.4,2.618,0.207
A,8.0,9296.5,1.3,138.5,2.17,101.5,2.616,0.196
A,8.0,9297.0,1.34,130.3,1.92,101.4,2.6,0.234
A,8.0,9297.5,1.46,130.6,2.19,101.5,2.63,0.214
A,8.0,9298.0,1.44,112.7,2.19,99.2,2.609,0.187
A,8.0,9298.5,1.62,134.4,2.25,100.6,2.6,0.173
A,8.0,9299.0,1.53,137.0,2.16,102.0,2.579,0.197
A,8.0,9299.5,1.21,114.6,2.13,99.7,2.638,0.186
B,9.0,9000.0,1.09,126.9,2.32,100.3,2.629,0.207
B,9.0,9000.5,0.91,120.8,2.46,99.7,2.632,0.215
B,9.0,9001.0,1.29,128.1,2.21,101.8,2.619,0.201
B,9.0,9001.5,1.53,134.0,2.56,103.4,2.601,0.203
B,9.0,9002.0,1.42,127.9,2.56,97.3,2.604,0.185
B,9.0,9002.5,1.17,109.9,2.65,99.6,2.612,0.193
B,9.0,9003.0,1.21,132.2,2.14,101.1,2.623,0.212
B,9.0,9003.5,1.34,122.0,2.49,98.6,2.623,0.199
B,9.0,9004.0,1.38,126.0,2.29,100.3,2.604,0.197
B,9.0,9004.5,1.16,119.0,2.51,100.5,2.618,0.202
B,9.0,9005.0,1.22,111.0,2.59,98.4,2.612,0.205
B,9.0,9005.5,1.26,116.4,2.71,101.0,2.602,0.186
B,9.0,9006.0,1.29,123.7,2.36,101.5,2.615,0.19
B,9.0,9006.5,1.19,122.7,2.61,100.2,2.612,0.206
B,9.0,9007.0,1.19,131.7,2.7,99.3,2.605,0.195
B,9.0,9007.5,1.42,117.1,2.2,97.7,2.601,0.145
B,9.0,9008.0,1.39,134.5,2.63,104.0,2.584,0.23
B,9.0,9008.5,1.29,122.6,2.66,98.5,2.61,0.187
B,9.0,9009.0,1.47,134.3,2.48,103.1,2.604,0.213
B,9.0,9009.5,1.16,112.0,2.19,98.4,2.613,0.195
B,9.0,9010.0,1.46,122.7,2.73,100.6,2.618,0.195
B,9.0,9010.5,1.3,114.7,2.24,97.8,2.616,0.2
B,9.0,9011.0,1.71,143.1,2.6,103.4,2.6,0.222
B,9.0,9011.5,1.04,118.7,2.36,99.5,2.623,0.204
B,9.0,9012.0,1.11,120.6,2.53,98.8,2.608,0.194
B,9.0,9012.5,1.28,119.1,2.34,100.3,2.618,0.19
B,9.0,9013.0,1.28,123.1,2.33,100.0,2.601,0.199
B,9.0,9013.5,1.51,123.5,2.57,100.3,2.614,0.195
B,9.0,9014.0,1.12,123.8,2.6,101.9,2.604,0.222
B,9.0,9014.5,1.36,111.3,2.99,96.2,2.631,0.171
B,9.0,9015.0,1.4,119.5,2.22,99.9,2.612,0.203
B,9.0,9015.5,1.33,112.0,2.54,100.6,2.634,0.195
B,9.0,9016.0,1.08,112.1,2.18,100.1,2.613,0.184
B,9.0,9016.5,1.44,113.9,2.73,100.6,2.605,0.194
B,9.0,9017.0,1.41,116.7,2.33,98.9,2.621,0.19
B,9.0,9017.5,1.32,118.3,2.34,98.9,2.631,0.176
B,9.0,9018.0,1.26,110.6,2.34,97.8,2.644,0.158
B,9.0,9018.5,1.26,118.0,2.44,99.8,2.62,0.196
B,9.0,9019.0,1.22,130.7,2.5,100.1,2.634,0.212
B,9.0,9019.5,1.33,128.2,2.57,101.7,2.608,0.199
B,9.0,9020.0,1.24,125.1,2.44,102.8,2.629,0.197
B,9.0,9020.5,1.11,113.6,2.15,98.4,2.614,0.158
B,9.0,9021.0,1.08,108.9,2.52,96.2,2.633,0.173
B,9.0,9021.5,1.12,109.1,2.39,96.8,2.597,0.172
B,9.0,9022.0,1.27,118.6,2.69,101.0,2.602,0.204
B,9.0,9022.5,1.23,125.6,2.31,100.7,2.619,0.215
B,9.0,9023.0,1.27,122.2,2.16,102.1,2.596,0.212
B,9.0,9023.5,1.32,125.9,2.47,100.3,2.617,0.207
B,9.0,9024.0,1.15,111.7,2.67,99.9,2.634,0.17
B,9.0,9024.5,1.46,116.3,2.57,100.8,2.603,0.204
B,9.0,9025.0,1.21,123.4,2.39,98.7,2.607,0.197
B,9.0,9025.5,1.18,117.2,2.26,99.1,2.614,0.204
B,9.0,9026.0,1.32,128.1,2.85,100.9,2.594,0.242
B,9.0,9026.5,0.98,103.8,2.16,99.6,2.632,0.154
B,9.0,9027.0,1.13,120.9,2.27,99.2,2.622,0.187
B,9.0,9027.5,1.4,136.4,2.62,102.6,2.602,0.204
B,9.0,9028.0,1.0,109.0,2.02,96.9,2.651,0.176
B,9.0,9028.5,1.43,119.9,2.79,98.9,2.604,0.19
B,9.0,9029.0,1.49,127.8,2.67,100.3,2.627,0.19
B,9.0,9029.5,1.21,111.0,2.61,101.0,2.606,0.203
B,9.0,9030.0,1.31,124.7,2.58,98.2,2.621,0.166
B,9.0,9030.5,1.43,139.4,2.49,100.4,2.621,0.195
B,9.0,9031.0,1.2,110.7,2.23,100.7,2.629,0.193
B,9.0,9031.5,1.4,125.9,2.48,101.8,2.604,0.2
B,9.0,9032.0,1.17,113.0,2.23,100.9,2.629,0.172
B,9.0,9032.5,1.2,120.4,2.52,100.5,2.622,0.196
B,9.0,9033.0,1.16,114.3,2.57,99.7,2.616,0.183
B,9.0,9033.5,1.33,125.7,2.79,101.0,2.622,0.186
B,9.0,9034.0,1.46,134.8,2.61,101.7,2.622,0.234
B,9.0,9034.5,1.26,118.2,2.64,99.2,2.621,0.197
B,9.0,9035.0,1.1,113.6,2.33,97.1,2.632,0.191
B,9.0,9035.5,1.13,124.1,2.31,98.3,2.627,0.196
B,9.0,9036.0,1.35,111.4,2.58,100.3,2.6,0.182
B,9.0,9036.5,1.57,113.0,2.5,100.8,2.614,0.181
B,9.0,9037.0,1.36,129.0,2.54,99.8,2.604,0.186
B,9.0,9037.5,1.25,117.2,2.25,96.7,2.61,0.199
B,9.0,9038.0,1.42,128.9,2.34,104.4,2.631,0.207
B,9.0,9038.5,1.27,123.9,2.58,99.9,2.609,0.211
B,9.0,9039.0,1.26,128.2,2.63,103.3,2.604,0.197
B,9.0,9039.5,1.17,125.5,2.23,97.2,2.636,0.192
B,9.0,9040.0,1.53,127.3,2.7,100.0,2.596,0.19
B,9.0,9040.5,0.94,112.5,2.23,96.7,2.619,0.207
B,9.0,9041.0,1.45,116.0,2.53,101.1,2.625,0.195
B,9.0,9041.5,1.26,120.1,2.75,98.9,2.616,0.211
B,9.0,9042.0,1.28,124.5,2.62,99.7,2.593,0.194
B,9.0,9042.5,1.6,118.0,2.76,99.9,2.61,0.185
B,9.0,9043.0,1.24,128.6,2.84,101.6,2.609,0.197
B,9.0,9043.5,1.25,125.8,2.31,102.9,2.627,0.206
B,9.0,9044.0,1.33,131.6,2.29,102.9,2.605,0.186
B,9.0,9044.5,1.42,141.0,2.37,101.5,2.616,0.223
B,9.0,9045.0,1.3,126.1,2.42,101.5,2.632,0.208
B,9.0,9045.5,1.13,117.6,1.99,97.1,2.614,0.178
B,9.0,9046.0,1.24,112.6,2.4,99.1,2.616,0.184
B,9.0,9046.5,1.57,127.9,2.47,100.5,2.611,0.19
B,9.0,9047.0,1.39,119.8,2.67,101.0,2.602,0.21
B,9.0,9047.5,1.46,121.5,2.6,102.6,2.61,0.196
B,9.0,9048.0,1.36,127.5,2.37,102.9,2.605,0.198
B,9.0,9048.5,1.3,129.1,2.59,101.1,2.604,0.226
B,9.0,9049.0,1.66,130.3,2.77,103.9,2.599,0.21
B,9.0,9049.5,1.38,129.3,2.35,100.8,2.611,0.22
B,9.0,9050.0,1.35,112.4,2.39,98.8,2.62,0.175
B,9.0,9050.5,1.59,138.8,2.16,101.4,2.594,0.217
B,9.0,9051.0,1.32,119.6,2.27,100.4,2.604,0.216
B,9.0,9051.5,1.35,135.6,2.34,103.5,2.608,0.202
B,9.0,9052.0,1.44,133.1,2.54,104.0,2.597,0.225
B,9.0,9052.5,1.45,134.2,2.34,103.1,2.596,0.23
B,9.0,9053.0,1.5,130.3,2.44,102.3,2.605,0.223
B,9.0,9053.5,1.78,126.7,2.41,105.1,2.576,0.186
B,9.0,9054.0,1.52,131.0,2.59,103.1,2.597,0.191
B,9.0,9054.5,1.12,131.0,2.48,99.4,2.614,0.178
B,9.0,9055.0,1.53,132.1,2.64,101.0,2.595,0.206
B,9.0,9055.5,1.5,129.8,2.55,102.2,2.621,0.213
B,9.0,9056.0,1.51,132.3,2.25,102.6,2.602,0.212
B,9.0,9056.5,1.55,121.1,2.44,100.3,2.609,0.18
B,9.0,9057.0,1.51,130.7,2.47,103.8,2.593,0.213
B,9.0,9057.5,1.52,124.8,2.47,104.0,2.602,0.207
B,9.0,9058.0,1.63,121.2,2.61,99.4,2.591,0.184
B,9.0,9058.5,1.46,130.4,2.84,100.5,2.603,0.211
B,9.0,9059.0,1.41,120.6,2.68,101.4,2.594,0.219
B,9.0,9059.5,2.01,141.7,2.56,104.7,2.578,0.251
B,9.0,9060.0,1.46,135.6,2.67,104.0,2.575,0.206
B,9.0,9060.5,1.59,141.1,2.72,104.5,2.583,0.233
B,9.0,9061.0,1.36,126.4,2.34,102.9,2.625,0.204
B,9.0,9061.5,1.61,118.7,2.78,101.1,2.614,0.18
B,9.0,9062.0,1.47,125.5,2.5,100.3,2.626,0.191
B,9.0,9062.5,1.55,125.0,2.29,101.7,2.613,0.21
B,9.0,9063.0,1.78,145.8,2.77,105.5,2.596,0.23
B,9.0,9063.5,1.71,134.0,2.68,104.0,2.589,0.211
B,9.0,9064.0,1.73,150.3,2.6,106.2,2.576,0.213
B,9.0,9064.5,1.39,125.6,2.5,102.6,2.616,0.241
B,9.0,9065.0,1.95,144.9,2.58,104.6,2.585,0.221
B,9.0,9065.5,1.5,125.9,2.68,101.6,2.636,0.185
B,9.0,9066.0,1.92,143.4,2.72,106.8,2.577,0.247
B,9.0,9066.5,1.86,131.6,2.73,102.5,2.612,0.216
B,9.0,9067.0,1.8,136.2,2.75,104.1,2.592,0.223
B,9.0,9067.5,1.6,132.5,2.36,102.0,2.618,0.199
B,9.0,9068.0,1.76,144.8,2.47,102.4,2.613,0.214
B,9.0,9068.5,1.68,130.5,2.2,98.9,2.591,0.198
B,9.0,9069.0,1.77,135.1,2.78,103.9,2.584,0.23
B,9.0,9069.5,1.74,124.8,2.4,104.1,2.586,0.212
B,9.0,9070.0,1.49,125.7,2.57,104.6,2.587,0.216
B,9.0,9070.5,1.97,142.5,2.83,104.2,2.596,0.218
B,9.0,9071.0,1.81,130.1,2.81,105.7,2.59,0.221
B,9.0,9071.5,1.76,138.4,2.41,102.6,2.597,0.209
B,9.0,9072.0,1.76,136.5,2.64,104.4,2.601,0.213
B,9.0,9072.5,1.91,147.5,3.11,105.3,2.558,0.226
B,9.0,9073.0,1.74,139.5,3.04,104.0,2.604,0.238
B,9.0,9073.5,1.55,136.7,2.78,102.0,2.595,0.218
B,9.0,9074.0,1.96,137.3,2.82,101.7,2.593,0.214
B,9.0,9074.5,2.0,140.1,2.55,106.7,2.589,0.242
B,9.0,9075.0,1.9,145.5,2.88,104.3,2.6,0.217
B,9.0,9075.5,1.78,130.1,2.63,101.7,2.595,0.223
B,9.0,9076.0,1.98,133.2,2.88,102.8,2.561,0.217
B,9.0,9076.5,1.76,128.7,2.53,101.4,2.601,0.197
B,9.0,9077.0,1.84,140.7,2.65,106.9,2.589,0.226
B,9.0,9077.5,1.9,148.7,2.75,108.4,2.568,0.225
B,9.0,9078.0,2.16,138.0,2.89,103.1,2.581,0.22
B,9.0,9078.5,1.99,121.3,2.87,101.8,2.59,0.196
B,9.0,9079.0,2.0,149.2,2.63,103.6,2.567,0.232
B,9.0,9079.5,2.37,146.2,2.63,106.2,2.584,0.21
B,9.0,9080.0,2.15,140.9,3.22,104.6,2.576,0.19
B,9.0,9080.5,2.17,140.8,3.46,104.8,2.572,0.212
B,9.0,9081.0,2.08,138.2,2.9,104.9,2.576,0.242
B,9.0,9081.5,2.06,142.8,2.51,103.5,2.6,0.201
B,9.0,9082.0,1.84,130.2,2.53,104.9,2.593,0.222
B,9.0,9082.5,2.33,139.3,3.03,106.4,2.574,0.213
B,9.0,9083.0,2.27,148.4,3.21,105.8,2.573,0.213
B,9.0,9083.5,2.2,134.3,2.59,100.8,2.589,0.212
B,9.0,9084.0,2.22,147.4,2.83,104.7,2.596,0.207
B,9.0,9084.5,2.37,136.8,2.98,108.6,2.579,0.241
B,9.0,9085.0,2.05,139.3,2.98,105.8,2.593,0.215
B,9.0,9085.5,2.21,143.3,2.78,101.5,2.591,0.206
B,9.0,9086.0,2.15,143.7,2.5,105.3,2.56,0.227
B,9.0,9086.5,2.61,130.6,3.2,102.6,2.565,0.197
B,9.0,9087.0,2.49,135.4,3.27,107.8,2.568,0.232
B,9.0,9087.5,2.05,139.6,2.77,104.0,2.578,0.207
B,9.0,9088.0,2.18,135.7,2.93,104.0,2.567,0.236
B,9.0,9088.5,2.4,144.1,2.84,106.3,2.548,0.22
B,9.0,9089.0,2.37,140.6,2.74,103.6,2.553,0.24
B,9.0,9089.5,2.27,144.2,3.13,103.1,2.577,0.214
B,9.0,9090.0,2.78,155.5,3.23,107.9,2.556,0.22
B,9.0,9090.5,2.56,144.4,3.14,107.5,2.557,0.225
B,9.0,9091.0,2.6,130.2,3.43,102.5,2.574,0.2
B,9.0,9091.5,2.45,158.8,2.73,107.2,2.558,0.233
B,9.0,9092.0,2.68,136.4,2.95,106.6,2.582,0.207
B,9.0,9092.5,2.54,139.5,3.05,104.8,2.565,0.226
B,9.0,9093.0,2.58,136.5,2.9,106.9,2.574,0.223
B,9.0,9093.5,2.73,143.6,3.31,107.3,2.563,0.224
B,9.0,9094.0,2.42,131.4,2.91,107.2,2.558,0.21
B,9.0,9094.5,2.93,148.9,2.96,108.2,2.551,0.229
B,9.0,9095.0,2.74,141.5,3.13,105.2,2.553,0.203
B,9.0,9095.5,2.93,145.7,3.25,108.6,2.554,0.215
B,9.0,9096.0,2.6,142.2,3.27,104.1,2.56,0.238
B,9.0,9096.5,2.64,136.8,3.16,105.5,2.573,0.196
B,9.0,9097.0,2.63,145.8,3.17,106.2,2.548,0.217
B,9.0,9097.5,2.87,161.4,3.26,108.2,2.554,0.228
B,9.0,9098.0,2.86,143.1,3.12,108.0,2.566,0.237
B,9.0,9098.5,2.81,151.2,2.97,108.5,2.568,0.216
B,9.0,9099.0,2.75,137.1,3.19,105.9,2.553,0.223
B,9.0,9099.5,2.73,147.7,3.03,106.0,2.566,0.21
B,9.0,9100.0,2.94,143.5,3.68,109.1,2.559,0.221
B,9.0,9100.5,2.9,150.4,3.55,106.1,2.577,0.228
B,9.0,9101.0,2.89,142.4,3.35,106.8,2.542,0.223
B,9.0,9101.5,3.25,156.4,3.48,109.0,2.532,0.224
B,9.0,9102.0,3.03,152.6,3.24,108.0,2.585,0.225
B,9.0,9102.5,3.26,141.3,3.06,105.3,2.548,0.185
B,9.0,9103.0,3.01,145.2,3.2,107.9,2.537,0.201
B,9.0,9103.5,3.16,147.8,3.35,107.8,2.54,0.218
B,9.0,9104.0,3.14,149.2,3.38,108.7,2.519,0.209
B,9.0,9104.5,2.91,145.5,3.32,106.8,2.559,0.205
B,9.0,9105.0,3.41,158.3,3.73,109.3,2.546,0.237
B,9.0,9105.5,3.2,141.4,3.17,108.7,2.541,0.189
B,9.0,9106.0,3.36,145.4,3.25,108.9,2.542,0.207
B,9.0,9106.5,3.16,151.8,3.74,110.1,2.553,0.228
B,9.0,9107.0,3.27,153.5,3.6,109.9,2.522,0.217
B,9.0,9107.5,3.19,147.6,3.24,107.6,2.534,0.227
B,9.0,9108.0,3.53,146.9,3.5,108.9,2.537,0.219
B,9.0,9108.5,3.42,149.7,3.44,108.0,2.533,0.228
B,9.0,9109.0,3.45,147.8,3.5,109.3,2.54,0.224
B,9.0,9109.5,3.62,156.4,3.72,110.1,2.514,0.228
B,9.0,9110.0,3.62,150.7,4.39,111.1,2.539,0.23
B,9.0,9110.5,3.58,154.8,3.62,110.6,2.528,0.223
B,9.0,9111.0,3.28,160.1,3.58,108.3,2.553,0.223
B,9.0,9111.5,3.41,152.4,3.03,109.1,2.547,0.204
B,9.0,9112.0,3.39,151.1,3.32,108.7,2.545,0.207
B,9.0,9112.5,3.68,149.3,3.99,107.5,2.524,0.2
B,9.0,9113.0,3.62,144.4,3.7,109.9,2.54,0.232
B,9.0,9113.5,3.41,138.3,2.44,110.1,2.537,0.228
B,9.0,9114.0,3.61,156.7,3.78,110.0,2.528,0.236
B,9.0,9114.5,3.44,136.3,4.06,107.3,2.56,0.2
B,9.0,9115.0,3.68,160.0,3.09,111.4,2.518,0.244
B,9.0,9115.5,3.47,157.6,3.95,111.2,2.552,0.235
B,9.0,9116.0,3.82,168.1,2.96,111.9,2.539,0.246
B,9.0,9116.5,3.82,151.6,3.99,113.0,2.536,0.227
B,9.0,9117.0,4.07,167.9,3.85,112.7,2.502,0.25
B,9.0,9117.5,3.94,152.1,3.13,109.6,2.502,0.193
B,9.0,9118.0,3.77,161.9,3.81,111.1,2.538,0.232
B,9.0,9118.5,3.98,153.4,4.16,109.2,2.525,0.205
B,9.0,9119.0,3.67,154.4,3.72,107.4,2.529,0.207
B,9.0,9119.5,3.76,150.7,3.84,108.9,2.547,0.228
B,9.0,9120.0,3.98,168.6,3.67,112.9,2.51,0.223
B,9.0,9120.5,3.63,146.9,3.09,109.2,2.531,0.215
B,9.0,9121.0,3.97,165.1,4.01,111.2,2.526,0.24
B,9.0,9121.5,3.84,148.8,4.27,110.7,2.519,0.184
B,9.0,9122.0,4.03,148.7,4.19,111.6,2.526,0.198
B,9.0,9122.5,3.88,168.1,3.19,113.9,2.532,0.247
B,9.0,9123.0,4.12,164.7,3.44,112.0,2.515,0.212
B,9.0,9123.5,4.08,143.0,3.61,110.4,2.536,0.207
B,9.0,9124.0,4.31,149.2,3.53,115.1,2.523,0.243
B,9.0,9124.5,4.12,173.2,3.9,113.4,2.512,0.252
B,9.0,9125.0,4.03,168.8,3.95,111.9,2.489,0.238
B,9.0,9125.5,4.13,172.2,3.47,113.2,2.501,0.241
B,9.0,9126.0,3.98,165.3,4.04,113.9,2.525,0.244
B,9.0,9126.5,4.26,154.1,4.17,111.4,2.495,0.229
B,9.0,9127.0,4.31,162.9,3.83,113.3,2.505,0.23
B,9.0,9127.5,4.61,169.1,4.15,115.4,2.502,0.238
B,9.0,9128.0,4.17,156.6,3.35,110.8,2.532,0.222
B,9.0,9128.5,4.24,170.4,3.86,112.4,2.506,0.24
B,9.0,9129.0,4.21,175.2,3.95,111.4,2.504,0.248
B,9.0,9129.5,4.35,168.2,4.09,112.1,2.506,0.248
B,9.0,9130.0,4.39,161.2,4.18,111.7,2.514,0.218
B,9.0,9130.5,4.34,163.1,4.11,114.6,2.502,0.234
B,9.0,9131.0,4.53,171.5,4.06,112.7,2.517,0.238
B,9.0,9131.5,4.29,164.5,4.09,112.0,2.5,0.237
B,9.0,9132.0,4.55,166.0,4.51,113.9,2.502,0.237
B,9.0,9132.5,4.5,172.3,4.1,112.9,2.505,0.235
B,9.0,9133.0,4.43,154.2,4.19,112.1,2.508,0.215
B,9.0,9133.5,4.4,172.0,4.0,115.8,2.511,0.236
B,9.0,9134.0,4.83,162.6,4.13,114.6,2.494,0.24
B,9.0,9134.5,4.35,177.8,4.21,114.3,2.511,0.265
B,9.0,9135.0,4.54,166.3,3.97,114.2,2.504,0.249
B,9.0,9135.5,4.39,172.8,4.19,111.1,2.51,0.244
B,9.0,9136.0,4.79,181.0,4.33,117.7,2.476,0.251
B,9.0,9136.5,4.66,169.2,4.14,118.2,2.489,0.239
B,9.0,9137.0,4.44,168.1,3.99,114.9,2.513,0.275
B,9.0,9137.5,4.63,174.9,4.05,114.6,2.504,0.233
B,9.0,9138.0,4.61,168.3,3.68,115.9,2.483,0.245
B,9.0,9138.5,4.5,167.2,4.26,116.2,2.502,0.255
B,9.0,9139.0,4.7,176.3,4.35,117.0,2.462,0.259
B,9.0,9139.5,4.66,169.0,4.53,111.6,2.491,0.259
B,9.0,9140.0,4.64,158.3,4.05,114.5,2.511,0.223
B,9.0,9140.5,4.61,167.0,4.89,117.2,2.497,0.225
B,9.0,9141.0,4.69,176.9,4.13,115.9,2.494,0.257
B,9.0,9141.5,4.67,169.3,3.96,113.4,2.459,0.229
B,9.0,9142.0,4.65,174.4,3.91,116.0,2.487,0.25
B,9.0,9142.5,4.56,178.0,3.63,114.3,2.497,0.257
B,9.0,9143.0,4.91,170.7,4.99,116.6,2.495,0.246
B,9.0,9143.5,4.51,161.7,4.62,112.5,2.514,0.24
B,9.0,9144.0,4.74,166.6,4.5,114.1,2.495,0.233
B,9.0,9144.5,4.63,187.0,3.93,115.9,2.485,0.265
B,9.0,9145.0,4.95,173.1,5.13,115.9,2.467,0.264
B,9.0,9145.5,4.55,171.9,4.05,116.9,2.493,0.29
B,9.0,9146.0,4.58,158.6,4.1,113.6,2.487,0.235
B,9.0,9146.5,4.55,176.3,4.67,114.0,2.475,0.245
B,9.0,9147.0,4.75,176.5,4.53,114.7,2.475,0.24
B,9.0,9147.5,4.5,165.6,4.93,112.0,2.518,0.235
B,9.0,9148.0,4.64,178.7,4.31,114.6,2.487,0.257
B,9.0,9148.5,4.39,174.8,3.93,116.4,2.496,0.266
B,9.0,9149.0,4.75,165.1,4.09,115.9,2.488,0.236
B,9.0,9149.5,4.64,161.2,3.64,113.5,2.477,0.252
B,9.0,9150.0,4.49,161.9,4.03,115.6,2.514,0.247
B,9.0,9150.5,4.88,191.4,4.81,116.9,2.453,0.268
B,9.0,9151.0,4.52,173.3,4.35,115.4,2.487,0.246
B,9.0,9151.5,4.84,178.2,4.37,114.6,2.487,0.262
B,9.0,9152.0,4.61,169.4,3.88,116.4,2.497,0.247
B,9.0,9152.5,4.96,178.2,4.53,118.3,2.477,0.225
B,9.0,9153.0,4.83,175.7,4.72,114.8,2.461,0.268
B,9.0,9153.5,4.56,171.3,4.32,114.2,2.488,0.253
B,9.0,9154.0,4.57,172.2,4.23,116.3,2.488,0.22
B,9.0,9154.5,4.8,190.9,4.07,114.8,2.476,0.25
B,9.0,9155.0,4.66,176.8,4.55,115.9,2.505,0.246
B,9.0,9155.5,4.67,170.7,3.31,116.7,2.478,0.254
B,9.0,9156.0,4.89,181.3,4.53,116.5,2.488,0.247
B,9.0,9156.5,4.58,188.1,5.14,116.5,2.494,0.25
B,9.0,9157.0,4.7,175.1,3.78,119.3,2.496,0.277
B,9.0,9157.5,4.82,175.7,4.27,119.1,2.483,0.254
B,9.0,9158.0,4.8,179.5,4.33,116.8,2.494,0.267
B,9.0,9158.5,4.65,171.7,4.08,114.6,2.491,0.236
B,9.0,9159.0,4.62,169.3,4.58,113.6,2.502,0.228
B,9.0,9159.5,4.4,167.9,4.22,116.2,2.481,0.263
B,9.0,9160.0,4.49,180.5,4.18,113.3,2.466,0.253
B,9.0,9160.5,4.69,161.6,4.54,114.0,2.501,0.243
B,9.0,9161.0,4.61,171.9,4.21,115.2,2.5,0.241
B,9.0,9161.5,4.64,179.7,5.45,114.8,2.499,0.241
B,9.0,9162.0,4.77,174.2,4.37,115.9,2.484,0.26
B,9.0,9162.5,4.43,174.2,4.15,119.1,2.512,0.251
B,9.0,9163.0,4.57,169.4,3.64,115.5,2.488,0.268
B,9.0,9163.5,4.62,180.1,4.03,116.2,2.493,0.28
B,9.0,9164.0,4.48,170.1,4.51,116.3,2.504,0.26
B,9.0,9164.5,4.79,178.4,3.89,116.5,2.508,0.247
B,9.0,9165.0,4.7,164.3,3.59,116.6,2.49,0.232
B,9.0,9165.5,4.6,178.5,4.21,115.5,2.486,0.248
B,9.0,9166.0,4.81,178.0,4.85,115.9,2.469,0.24
B,9.0,9166.5,4.31,164.7,4.02,110.6,2.528,0.221
B,9.0,9167.0,4.52,177.9,4.03,112.5,2.504,0.249
B,9.0,9167.5,4.56,170.1,3.6,112.6,2.502,0.252
B,9.0,9168.0,4.36,169.3,4.19,115.2,2.538,0.242
B,9.0,9168.5,4.53,172.8,4.38,113.8,2.499,0.262
B,9.0,9169.0,4.31,166.5,3.47,115.0,2.491,0.244
B,9.0,9169.5,4.56,175.6,4.57,115.6,2.491,0.27
B,9.0,9170.0,4.61,169.3,4.47,114.9,2.483,0.253
B,9.0,9170.5,4.48,148.6,4.51,111.0,2.505,0.224
B,9.0,9171.0,4.15,162.7,4.09,113.7,2.507,0.243
B,9.0,9171.5,4.27,176.5,4.19,113.9,2.495,0.268
B,9.0,9172.0,4.48,165.1,4.29,112.0,2.488,0.215
B,9.0,9172.5,4.39,177.7,4.35,115.9,2.52,0.247
B,9.0,9173.0,3.97,182.6,3.28,114.5,2.514,0.26
B,9.0,9173.5,4.55,173.4,3.69,114.0,2.497,0.237
B,9.0,9174.0,4.37,177.6,3.81,115.0,2.512,0.251
B,9.0,9174.5,4.21,166.0,3.9,112.3,2.519,0.235
B,9.0,9175.0,4.47,188.4,4.24,116.7,2.496,0.271
B,9.0,9175.5,4.21,177.1,4.04,112.5,2.517,0.241
B,9.0,9176.0,4.19,173.0,4.3,116.0,2.51,0.237
B,9.0,9176.5,4.33,180.0,4.41,114.7,2.507,0.272
B,9.0,9177.0,4.53,174.8,3.87,117.4,2.503,0.259
B,9.0,9177.5,4.5,167.7,4.21,113.6,2.504,0.226
B,9.0,9178.0,4.3,164.4,3.73,114.2,2.505,0.234
B,9.0,9178.5,4.3,174.6,3.94,115.2,2.522,0.232
B,9.0,9179.0,4.33,163.0,4.13,114.8,2.501,0.237
B,9.0,9179.5,4.01,153.9,2.91,109.6,2.529,0.213
B,9.0,9180.0,4.29,156.7,4.84,115.0,2.511,0.237
B,9.0,9180.5,4.07,167.1,4.03,113.6,2.512,0.238
B,9.0,9181.0,4.21,174.2,3.76,114.6,2.493,0.25
B,9.0,9181.5,4.12,169.2,4.53,113.2,2.507,0.25
B,9.0,9182.0,4.21,170.3,3.84,111.9,2.507,0.253
B,9.0,9182.5,4.14,164.5,3.94,112.0,2.497,0.243
B,9.0,9183.0,3.65,157.5,3.47,111.2,2.528,0.211
B,9.0,9183.5,4.13,154.4,4.44,110.7,2.52,0.215
B,9.0,9184.0,4.19,183.5,3.89,113.0,2.521,0.239
B,9.0,9184.5,4.15,182.1,3.95,117.1,2.509,0.262
B,9.0,9185.0,4.05,169.1,4.23,114.0,2.481,0.24
B,9.0,9185.5,4.3,174.7,4.19,116.1,2.514,0.233
B,9.0,9186.0,4.09,157.0,3.85,111.8,2.509,0.23
B,9.0,9186.5,4.1,158.9,4.23,112.0,2.523,0.226
B,9.0,9187.0,4.18,183.1,4.81,114.2,2.502,0.268
B,9.0,9187.5,4.07,154.1,3.95,112.5,2.513,0.223
B,9.0,9188.0,3.87,174.4,3.77,111.6,2.512,0.253
B,9.0,9188.5,3.63,167.3,3.64,112.8,2.525,0.247
B,9.0,9189.0,3.91,163.3,4.17,110.6,2.544,0.212
B,9.0,9189.5,4.09,153.1,3.69,111.9,2.517,0.247
B,9.0,9190.0,3.92,166.5,3.68,110.7,2.536,0.228
B,9.0,9190.5,4.08,160.7,3.41,111.3,2.527,0.219
B,9.0,9191.0,3.97,159.7,3.45,112.8,2.527,0.238
B,9.0,9191.5,4.14,172.7,3.74,114.2,2.48,0.277
B,9.0,9192.0,3.89,150.3,3.73,111.2,2.539,0.219
B,9.0,9192.5,4.0,165.4,4.39,114.8,2.512,0.224
B,9.0,9193.0,4.0,159.6,3.98,114.4,2.524,0.259
B,9.0,9193.5,4.14,167.8,3.62,110.8,2.502,0.224
B,9.0,9194.0,3.65,154.4,3.4,110.0,2.516,0.237
B,9.0,9194.5,3.84,148.6,4.14,110.8,2.552,0.22
B,9.0,9195.0,4.03,160.1,4.19,112.1,2.506,0.24
B,9.0,9195.5,4.13,167.7,3.9,111.3,2.526,0.257
B,9.0,9196.0,3.93,160.8,3.63,112.4,2.521,0.241
B,9.0,9196.5,3.84,162.3,4.06,111.8,2.517,0.231
B,9.0,9197.0,4.0,171.7,3.52,115.5,2.513,0.26
B,9.0,9197.5,4.01,171.5,3.94,112.5,2.499,0.237
B,9.0,9198.0,3.82,157.6,4.44,112.6,2.525,0.232
B,9.0,9198.5,3.92,149.3,3.83,108.9,2.513,0.203
B,9.0,9199.0,4.05,159.3,3.61,110.2,2.515,0.214
B,9.0,9199.5,4.15,164.5,4.04,113.1,2.526,0.23
B,9.0,9200.0,3.98,154.6,3.66,113.3,2.522,0.237
B,9.0,9200.5,3.87,152.4,3.34,109.6,2.508,0.206
B,9.0,9201.0,3.86,150.8,3.94,110.3,2.538,0.222
B,9.0,9201.5,3.95,153.3,4.13,108.7,2.526,0.207
B,9.0,9202.0,3.85,146.9,3.63,109.3,2.525,0.221
B,9.0,9202.5,3.89,161.6,3.64,112.1,2.533,0.222
B,9.0,9203.0,3.71,141.4,3.37,108.6,2.534,0.197
B,9.0,9203.5,4.06,148.7,3.8,110.7,2.507,0.219
B,9.0,9204.0,3.7,152.7,3.47,108.7,2.554,0.212
B,9.0,9204.5,3.81,150.4,3.41,108.8,2.532,0.223
B,9.0,9205.0,3.89,153.4,4.35,113.7,2.521,0.232
B,9.0,9205.5,4.17,163.3,4.07,113.2,2.506,0.238
B,9.0,9206.0,3.82,153.1,3.87,109.2,2.543,0.226
B,9.0,9206.5,3.78,153.1,3.95,109.9,2.523,0.211
B,9.0,9207.0,3.8,160.8,3.93,109.4,2.506,0.22
B,9.0,9207.5,4.14,155.4,3.77,110.3,2.51,0.226
B,9.0,9208.0,3.47,156.4,3.58,110.3,2.557,0.202
B,9.0,9208.5,3.75,164.8,3.58,111.5,2.534,0.229
B,9.0,9209.0,4.31,164.7,4.15,116.0,2.502,0.251
B,9.0,9209.5,4.0,163.4,3.91,112.1,2.534,0.241
B,9.0,9210.0,3.75,161.6,3.55,111.4,2.534,0.224
B,9.0,9210.5,3.91,155.4,3.38,110.1,2.528,0.197
B,9.0,9211.0,3.93,162.6,3.81,109.4,2.515,0.234
B,9.0,9211.5,4.06,166.5,3.78,112.5,2.52,0.251
B,9.0,9212.0,4.21,168.0,3.39,113.4,2.499,0.252
B,9.0,9212.5,4.0,169.3,3.97,113.8,2.519,0.228
B,9.0,9213.0,3.87,164.8,4.03,112.2,2.528,0.233
B,9.0,9213.5,4.07,160.7,4.72,110.3,2.498,0.212
B,9.0,9214.0,3.86,158.4,3.61,112.8,2.521,0.224
B,9.0,9214.5,3.81,158.4,3.54,110.2,2.524,0.223
B,9.0,9215.0,3.71,159.2,3.33,110.1,2.539,0.24
B,9.0,9215.5,3.75,157.3,3.72,109.3,2.513,0.205
B,9.0,9216.0,3.85,155.8,3.78,110.2,2.523,0.222
B,9.0,9216.5,3.82,165.3,3.47,114.7,2.512,0.251
B,9.0,9217.0,4.05,155.5,3.79,111.6,2.532,0.22
B,9.0,9217.5,3.83,150.5,3.16,110.9,2.526,0.221
B,9.0,9218.0,3.54,152.4,3.81,110.0,2.561,0.208
B,9.0,9218.5,3.87,155.9,3.51,112.7,2.531,0.233
B,9.0,9219.0,3.96,161.7,3.78,111.7,2.519,0.223
B,9.0,9219.5,3.95,152.2,3.37,113.0,2.525,0.228
B,9.0,9220.0,4.27,168.9,3.8,114.4,2.503,0.231
B,9.0,9220.5,3.96,162.2,3.7,111.0,2.534,0.21
B,9.0,9221.0,4.19,156.1,3.93,114.7,2.494,0.245
B,9.0,9221.5,4.06,175.4,4.0,112.6,2.504,0.255
B,9.0,9222.0,4.06,164.4,4.32,113.0,2.519,0.244
B,9.0,9222.5,3.95,161.3,4.01,113.7,2.535,0.227
B,9.0,9223.0,4.07,180.1,4.17,117.1,2.477,0.272
B,9.0,9223.5,3.97,169.1,4.26,112.6,2.533,0.231
B,9.0,9224.0,4.12,165.4,4.07,112.0,2.512,0.248
B,9.0,9224.5,4.07,162.6,3.84,113.0,2.498,0.222
B,9.0,9225.0,3.96,162.6,4.11,112.5,2.485,0.222
B,9.0,9225.5,4.26,180.3,4.33,114.6,2.486,0.249
B,9.0,9226.0,4.18,174.4,4.13,113.8,2.506,0.248
B,9.0,9226.5,4.05,178.8,3.42,113.9,2.51,0.262
B,9.0,9227.0,4.15,171.6,3.65,113.2,2.518,0.24
B,9.0,9227.5,4.11,147.9,3.8,110.3,2.513,0.219
B,9.0,9228.0,4.0,176.8,4.06,112.5,2.504,0.243
B,9.0,9228.5,4.14,154.7,3.89,111.6,2.514,0.211
B,9.0,9229.0,4.04,162.5,4.2,110.2,2.524,0.217
B,9.0,9229.5,4.0,162.9,4.23,113.2,2.521,0.238
B,9.0,9230.0,3.9,168.2,4.13,113.6,2.511,0.222
B,9.0,9230.5,4.09,164.0,4.26,114.4,2.523,0.247
B,9.0,9231.0,4.23,170.7,3.64,113.1,2.501,0.241
B,9.0,9231.5,4.04,163.9,3.99,113.6,2.504,0.241
B,9.0,9232.0,4.52,172.6,3.95,113.4,2.497,0.228
B,9.0,9232.5,4.27,167.8,3.49,111.6,2.522,0.238
B,9.0,9233.0,4.34,164.5,3.93,112.8,2.511,0.233
B,9.0,9233.5,4.26,145.6,4.42,111.4,2.509,0.201
B,9.0,9234.0,4.42,171.5,4.23,117.7,2.511,0.245
B,9.0,9234.5,4.02,161.3,4.49,113.2,2.546,0.232
B,9.0,9235.0,3.75,164.5,3.71,112.8,2.526,0.247
B,9.0,9235.5,4.06,173.8,4.68,113.8,2.526,0.254
B,9.0,9236.0,4.21,161.0,4.0,112.7,2.525,0.258
B,9.0,9236.5,4.14,168.1,3.91,112.2,2.503,0.251
B,9.0,9237.0,4.15,168.0,3.53,110.2,2.515,0.241
B,9.0,9237.5,4.31,147.3,4.38,110.7,2.499,0.215
B,9.0,9238.0,4.16,169.1,3.76,113.0,2.509,0.23
B,9.0,9238.5,4.21,162.5,3.75,110.2,2.504,0.23
B,9.0,9239.0,3.95,156.1,4.19,111.0,2.516,0.238
B,9.0,9239.5,3.91,173.6,4.12,113.6,2.503,0.264
B,9.0,9240.0,4.31,166.9,4.39,111.9,2.509,0.227
B,9.0,9240.5,4.07,171.9,3.75,112.3,2.519,0.241
B,9.0,9241.0,3.96,157.9,3.77,110.8,2.521,0.222
B,9.0,9241.5,3.95,172.0,3.76,115.1,2.493,0.247
B,9.0,9242.0,3.93,168.9,4.01,113.2,2.509,0.248
B,9.0,9242.5,3.91,164.3,4.25,111.8,2.5,0.25
B,9.0,9243.0,3.81,153.6,3.81,110.7,2.53,0.215
B,9.0,9243.5,3.76,154.2,4.3,110.7,2.534,0.235
B,9.0,9244.0,3.95,172.4,4.06,112.2,2.518,0.243
B,9.0,9244.5,3.87,171.1,3.66,112.8,2.504,0.264
B,9.0,9245.0,4.11,163.3,4.15,114.7,2.513,0.245
B,9.0,9245.5,3.97,151.6,4.35,111.1,2.515,0.244
B,9.0,9246.0,3.95,170.0,4.44,111.4,2.503,0.239
B,9.0,9246.5,3.79,170.8,4.05,114.0,2.523,0.269
B,9.0,9247.0,3.86,165.2,3.74,112.3,2.53,0.246
B,9.0,9247.5,3.92,177.1,3.7,111.3,2.524,0.248
B,9.0,9248.0,3.95,154.3,3.96,111.7,2.513,0.231
B,9.0,9248.5,3.81,162.1,4.23,112.8,2.537,0.236
B,9.0,9249.0,3.97,166.9,3.93,113.7,2.508,0.243
B,9.0,9249.5,3.79,166.1,3.82,114.8,2.529,0.239
B,9.0,9250.0,3.89,166.3,3.76,113.0,2.516,0.242
B,9.0,9250.5,3.67,150.3,3.52,112.3,2.528,0.222
B,9.0,9251.0,3.45,165.4,3.44,114.7,2.502,0.253
B,9.0,9251.5,3.74,172.8,3.7,113.7,2.516,0.256
B,9.0,9252.0,3.79,169.0,4.23,113.5,2.518,0.244
B,9.0,9252.5,3.74,170.0,3.59,114.5,2.512,0.266
B,9.0,9253.0,3.7,164.2,3.64,110.9,2.546,0.226
B,9.0,9253.5,3.56,159.8,3.31,110.7,2.518,0.24
B,9.0,9254.0,3.46,167.7,3.7,111.0,2.522,0.247
B,9.0,9254.5,3.64,167.0,4.01,112.4,2.514,0.247
B,9.0,9255.0,3.6,150.6,4.07,109.4,2.526,0.213
B,9.0,9255.5,3.43,157.8,3.53,108.5,2.552,0.225
B,9.0,9256.0,3.65,169.2,3.77,112.3,2.543,0.254
B,9.0,9256.5,3.33,156.6,3.38,109.6,2.531,0.225
B,9.0,9257.0,3.34,149.2,3.58,107.7,2.529,0.229
B,9.0,9257.5,3.65,165.7,3.69,110.6,2.509,0.256
B,9.0,9258.0,3.51,163.7,3.54,110.1,2.545,0.251
B,9.0,9258.5,3.3,156.8,3.44,110.1,2.548,0.226
B,9.0,9259.0,3.37,146.1,3.57,108.8,2.544,0.232
B,9.0,9259.5,3.32,150.6,3.34,110.4,2.521,0.243
B,9.0,9260.0,2.86,156.4,3.11,109.9,2.537,0.245
B,9.0,9260.5,3.1,147.0,3.78,108.5,2.555,0.212
B,9.0,9261.0,3.2,143.5,4.16,110.1,2.552,0.207
B,9.0,9261.5,3.13,151.5,3.01,109.1,2.524,0.229
B,9.0,9262.0,3.19,154.5,3.02,109.7,2.539,0.228
B,9.0,9262.5,3.3,166.5,3.15,112.7,2.553,0.259
B,9.0,9263.0,3.05,160.4,3.24,111.8,2.538,0.254
B,9.0,9263.5,2.91,142.7,3.43,107.9,2.574,0.222
B,9.0,9264.0,3.09,151.8,3.45,111.0,2.553,0.23
B,9.0,9264.5,2.96,151.3,3.27,106.1,2.536,0.246
B,9.0,9265.0,2.96,153.2,3.36,108.4,2.547,0.223
B,9.0,9265.5,2.91,153.1,3.02,108.2,2.55,0.257
B,9.0,9266.0,3.26,155.9,3.32,111.3,2.529,0.259
B,9.0,9266.5,2.56,151.5,3.01,110.2,2.547,0.262
B,9.0,9267.0,2.8,152.5,2.77,107.0,2.571,0.254
B,9.0,9267.5,2.83,156.7,2.88,108.5,2.549,0.214
B,9.0,9268.0,2.69,147.2,2.82,106.6,2.571,0.247
B,9.0,9268.5,2.91,151.8,3.4,107.6,2.545,0.238
B,9.0,9269.0,2.87,167.6,3.24,108.0,2.553,0.216
B,9.0,9269.5,2.71,154.9,3.25,108.0,2.563,0.255
B,9.0,9270.0,2.65,140.4,2.65,105.3,2.555,0.239
B,9.0,9270.5,2.64,151.5,2.72,107.9,2.569,0.227
B,9.0,9271.0,2.62,141.9,3.21,107.8,2.539,0.214
B,9.0,9271.5,2.59,140.3,2.43,106.0,2.578,0.194
B,9.0,9272.0,2.55,143.3,3.33,105.9,2.537,0.204
B,9.0,9272.5,2.58,139.8,2.62,106.0,2.565,0.225
B,9.0,9273.0,2.63,148.1,3.27,105.7,2.579,0.194
B,9.0,9273.5,2.31,150.8,2.7,108.9,2.577,0.24
B,9.0,9274.0,2.31,148.3,3.15,102.5,2.558,0.217
B,9.0,9274.5,2.17,141.1,3.67,103.7,2.566,0.203
B,9.0,9275.0,2.54,139.2,2.51,105.8,2.561,0.218
B,9.0,9275.5,2.42,146.9,3.12,104.8,2.573,0.221
B,9.0,9276.0,2.43,153.3,2.56,106.5,2.543,0.24
B,9.0,9276.5,2.11,134.6,2.91,103.6,2.586,0.194
B,9.0,9277.0,2.57,153.2,2.98,105.6,2.57,0.214
B,9.0,9277.5,2.19,147.2,2.87,105.7,2.573,0.203
B,9.0,9278.0,2.28,131.7,2.68,104.1,2.591,0.172
B,9.0,9278.5,2.35,141.9,3.11,105.1,2.577,0.235
B,9.0,9279.0,2.05,135.2,2.48,103.2,2.58,0.23
B,9.0,9279.5,2.09,130.2,3.1,104.0,2.561,0.214
B,9.0,9280.0,2.18,135.3,2.75,104.2,2.584,0.201
B,9.0,9280.5,2.56,145.1,2.7,104.3,2.556,0.218
B,9.0,9281.0,2.15,144.7,3.21,106.9,2.567,0.246
B,9.0,9281.5,2.32,140.0,2.89,104.4,2.583,0.207
B,9.0,9282.0,2.24,140.1,3.34,106.7,2.595,0.221
B,9.0,9282.5,2.09,149.9,3.09,106.8,2.576,0.237
B,9.0,9283.0,1.86,133.9,2.53,104.1,2.601,0.198
B,9.0,9283.5,2.15,146.6,2.81,105.0,2.558,0.23
B,9.0,9284.0,1.74,124.5,2.68,102.3,2.599,0.211
B,9.0,9284.5,2.19,154.9,3.22,104.8,2.573,0.225
B,9.0,9285.0,1.96,137.0,2.84,103.4,2.601,0.224
B,9.0,9285.5,1.51,128.8,2.59,103.5,2.597,0.204
B,9.0,9286.0,1.84,130.2,2.65,104.7,2.591,0.209
B,9.0,9286.5,1.97,128.5,2.73,101.6,2.604,0.216
B,9.0,9287.0,1.81,139.7,2.97,102.4,2.593,0.207
B,9.0,9287.5,1.94,144.5,2.73,104.1,2.574,0.229
B,9.0,9288.0,1.68,131.8,2.54,103.0,2.63,0.187
B,9.0,9288.5,1.6,126.3,2.47,99.5,2.591,0.196
B,9.0,9289.0,1.76,132.5,2.54,100.4,2.597,0.203
B,9.0,9289.5,1.76,135.6,2.37,104.1,2.597,0.237
B,9.0,9290.0,1.69,134.3,2.47,101.1,2.598,0.2
B,9.0,9290.5,1.91,130.8,3.07,102.0,2.592,0.198
B,9.0,9291.0,1.58,122.2,2.54,101.3,2.604,0.209
B,9.0,9291.5,1.74,132.9,2.8,103.2,2.594,0.201
B,9.0,9292.0,1.68,137.3,2.15,103.4,2.58,0.22
B,9.0,9292.5,1.43,133.8,2.63,101.7,2.63,0.217
B,9.0,9293.0,1.45,116.4,2.49,100.9,2.611,0.187
B,9.0,9293.5,1.63,130.2,2.5,102.0,2.61,0.215
B,9.0,9294.0,1.91,122.8,2.76,101.4,2.592,0.199
B,9.0,9294.5,1.69,124.5,2.52,101.9,2.597,0.213
B,9.0,9295.0,1.33,128.6,2.09,102.6,2.601,0.214
B,9.0,9295.5,1.11,108.2,2.57,100.3,2.608,0.171
B,9.0,9296.0,1.67,125.5,2.67,101.4,2.605,0.18
B,9.0,9296.5,1.53,117.4,2.5,102.0,2.604,0.179
B,9.0,9297.0,1.71,126.4,2.44,101.6,2.613,0.21
B,9.0,9297.5,1.39,133.3,2.23,100.7,2.594,0.202
B,9.0,9298.0,1.57,125.7,2.62,101.6,2.596,0.199
B,9.0,9298.5,1.63,132.0,2.96,102.7,2.587,0.22
B,9.0,9299.0,1.42,110.8,2.56,98.0,2.634,0.166
B,9.0,9299.5,1.42,134.1,2.25,103.5,2.595,0.22
C,9.5,9000.0,1.14,123.7,2.51,98.9,2.605,0.2
C,9.5,9000.5,1.38,118.2,2.78,101.4,2.627,0.191
C,9.5,9001.0,1.15,120.9,2.7,99.6,2.616,0.19
C,9.5,9001.5,1.3,116.8,2.62,96.8,2.613,0.175
C,9.5,9002.0,1.23,127.3,2.77,103.8,2.615,0.218
C,9.5,9002.5,1.32,131.9,2.77,102.5,2.6,0.228
C,9.5,9003.0,1.23,124.7,2.8,100.6,2.593,0.192
C,9.5,9003.5,0.96,115.0,2.63,100.7,2.614,0.2
C,9.5,9004.0,1.36,109.4,2.98,98.4,2.633,0.165
C,9.5,9004.5,1.2,115.7,2.51,98.5,2.624,0.191
C,9.5,9005.0,1.33,133.4,2.35,100.8,2.585,0.22
C,9.5,9005.5,1.31,116.7,2.75,97.8,2.621,0.191
C,9.5,9006.0,1.1,118.8,2.65,99.2,2.615,0.191
C,9.5,9006.5,1.07,134.8,2.82,100.7,2.608,0.179
C,9.5,9007.0,1.31,141.8,2.89,102.4,2.593,0.207
C,9.5,9007.5,1.17,115.8,2.96,99.3,2.631,0.195
C,9.5,9008.0,1.35,118.0,2.76,100.4,2.589,0.199
C,9.5,9008.5,1.19,117.2,2.59,97.9,2.607,0.181
C,9.5,9009.0,1.37,126.8,2.36,100.8,2.615,0.192
C,9.5,9009.5,1.28,118.5,2.65,100.1,2.635,0.181
C,9.5,9010.0,1.26,126.0,2.47,103.1,2.62,0.206
C,9.5,9010.5,1.16,132.3,2.57,100.1,2.608,0.199
C,9.5,9011.0,1.25,132.8,2.58,101.2,2.625,0.231
C,9.5,9011.5,1.4,130.2,2.75,101.2,2.592,0.215
C,9.5,9012.0,1.21,130.0,2.53,100.8,2.615,0.215
C,9.5,9012.5,1.3,115.0,2.8,99.9,2.624,0.194
C,9.5,9013.0,1.23,129.8,2.06,100.6,2.604,0.2
C,9.5,9013.5,1.24,114.4,2.61,97.9,2.627,0.216
C,9.5,9014.0,1.48,134.0,2.97,99.6,2.6,0.192
C,9.5,9014.5,1.4,124.6,3.08,101.8,2.616,0.201
C,9.5,9015.0,1.23,119.7,2.72,101.8,2.594,0.206
C,9.5,9015.5,1.26,128.2,2.95,102.6,2.61,0.233
C,9.5,9016.0,1.12,122.3,2.54,101.9,2.61,0.217
C,9.5,9016.5,1.2,124.7,2.55,102.3,2.627,0.216
C,9.5,9017.0,1.27,113.7,2.7,101.3,2.612,0.184
C,9.5,9017.5,1.35,130.6,2.63,101.3,2.62,0.234
C,9.5,9018.0,1.34,113.6,2.46,99.3,2.625,0.177
C,9.5,9018.5,1.06,129.6,2.38,102.1,2.616,0.222
C,9.5,9019.0,1.38,120.8,2.41,100.3,2.625,0.165
C,9.5,9019.5,1.22,114.9,2.67,100.3,2.629,0.191
C,9.5,9020.0,1.08,119.7,2.49,99.4,2.625,0.194
C,9.5,9020.5,1.43,128.9,2.59,101.8,2.577,0.218
C,9.5,9021.0,1.45,126.3,2.56,99.7,2.602,0.187
C,9.5,9021.5,1.28,115.3,2.69,99.6,2.634,0.193
C,9.5,9022.0,1.34,119.7,2.79,101.9,2.597,0.187
C,9.5,9022.5,1.35,116.4,2.4,97.5,2.624,0.193
C,9.5,9023.0,1.45,121.0,2.42,101.7,2.614,0.206
C,9.5,9023.5,1.35,140.9,2.83,103.7,2.59,0.242
C,9.5,9024.0,1.04,121.6,2.21,97.9,2.598,0.207
C,9.5,9024.5,1.55,128.5,2.85,101.4,2.602,0.191
C,9.5,9025.0,1.41,122.7,3.02,98.6,2.641,0.169
C,9.5,9025.5,1.17,130.8,2.88,99.0,2.61,0.191
C,9.5,9026.0,1.09,114.5,2.65,100.7,2.616,0.208
C,9.5,9026.5,1.33,123.5,2.77,102.0,2.6,0.218
C,9.5,9027.0,1.21,116.7,3.06,101.0,2.63,0.17
C,9.5,9027.5,1.3,123.6,2.16,100.3,2.613,0.191
C,9.5,9028.0,1.37,133.4,2.54,102.3,2.597,0.23
C,9.5,9028.5,1.17,120.3,2.71,101.4,2.639,0.184
C,9.5,9029.0,1.09,113.2,2.43,100.3,2.629,0.187
C,9.5,9029.5,1.32,127.5,2.88,100.1,2.6,0.201
C,9.5,9030.0,1.18,126.1,2.53,99.0,2.6,0.211
C,9.5,9030.5,1.29,129.1,2.62,102.2,2.623,0.2
C,9.5,9031.0,1.07,117.9,2.43,99.7,2.621,0.211
C,9.5,9031.5,1.23,132.6,2.46,99.3,2.594,0.208
C,9.5,9032.0,1.38,130.8,2.53,100.6,2.593,0.18
C,9.5,9032.5,1.37,122.4,2.69,101.2,2.595,0.22
C,9.5,9033.0,1.16,128.7,2.37,101.3,2.6,0.191
C,9.5,9033.5,1.11,112.9,2.7,101.5,2.59,0.207
C,9.5,9034.0,1.29,117.9,2.73,98.0,2.608,0.171
C,9.5,9034.5,1.37,110.2,2.88,100.6,2.604,0.209
C,9.5,9035.0,1.35,125.0,2.4,100.8,2.603,0.201
C,9.5,9035.5,1.21,102.5,2.23,97.0,2.648,0.143
C,9.5,9036.0,1.34,124.9,2.62,100.4,2.607,0.198
C,9.5,9036.5,1.52,135.6,3.43,103.8,2.6,0.218
C,9.5,9037.0,1.33,111.6,2.89,99.7,2.621,0.199
C,9.5,9037.5,1.06,116.1,2.37,100.7,2.621,0.213
C,9.5,9038.0,1.34,116.2,2.71,101.8,2.621,0.2
C,9.5,9038.5,1.62,133.3,2.94,100.5,2.608,0.198
C,9.5,9039.0,1.12,120.8,2.25,95.8,2.623,0.182
C,9.5,9039.5,1.32,114.8,2.91,101.2,2.648,0.207
C,9.5,9040.0,1.29,117.6,2.56,99.4,2.628,0.187
C,9.5,9040.5,1.34,130.8,2.6,99.4,2.6,0.19
C,9.5,9041.0,1.36,126.9,2.63,99.9,2.617,0.193
C,9.5,9041.5,1.5,131.2,2.97,102.8,2.589,0.212
C,9.5,9042.0,1.35,121.5,2.47,102.0,2.618,0.191
C,9.5,9042.5,1.53,127.9,2.38,102.2,2.587,0.205
C,9.5,9043.0,1.33,119.2,2.68,101.8,2.601,0.201
C,9.5,9043.5,1.3,112.9,2.21,100.7,2.619,0.19
C,9.5,9044.0,1.25,112.2,2.51,98.5,2.633,0.168
C,9.5,9044.5,1.09,121.0,2.74,97.9,2.632,0.164
C,9.5,9045.0,1.41,118.4,2.78,100.7,2.624,0.191
C,9.5,9045.5,1.68,130.4,3.05,103.5,2.603,0.209
C,9.5,9046.0,1.44,132.7,2.81,103.6,2.605,0.211
C,9.5,9046.5,1.48,130.0,3.27,99.5,2.607,0.179
C,9.5,9047.0,1.32,122.8,2.49,100.6,2.623,0.2
C,9.5,9047.5,1.35,124.8,2.71,100.5,2.628,0.201
C,9.5,9048.0,1.54,124.4,2.63,101.2,2.604,0.195
C,9.5,9048.5,1.7,134.8,3.04,102.2,2.592,0.222
C,9.5,9049.0,1.63,128.0,2.76,100.9,2.621,0.212
C,9.5,9049.5,1.53,124.7,3.12,101.6,2.604,0.198
C,9.5,9050.0,1.42,133.3,2.55,103.7,2.602,0.223
C,9.5,9050.5,1.46,134.6,3.0,103.6,2.61,0.211
C,9.5,9051.0,1.32,118.4,2.73,98.7,2.613,0.183
C,9.5,9051.5,1.22,125.6,2.55,100.1,2.604,0.208
C,9.5,9052.0,1.27,125.2,2.7,99.7,2.62,0.195
C,9.5,9052.5,1.46,126.2,2.74,103.1,2.604,0.218
C,9.5,9053.0,1.41,135.7,2.74,101.4,2.627,0.201
C,9.5,9053.5,1.24,119.3,2.53,99.0,2.628,0.189
C,9.5,9054.0,1.46,128.7,2.54,100.3,2.597,0.224
C,9.5,9054.5,1.43,117.7,2.6,102.1,2.616,0.227
C,9.5,9055.0,1.31,127.5,2.28,101.5,2.612,0.226
C,9.5,9055.5,1.44,134.4,2.86,101.7,2.618,0.207
C,9.5,9056.0,1.45,139.9,2.43,102.0,2.597,0.219
C,9.5,9056.5,1.42,129.9,2.61,102.7,2.61,0.2
C,9.5,9057.0,1.66,142.0,2.94,102.4,2.593,0.226
C,9.5,9057.5,1.24,115.9,2.75,99.1,2.617,0.189
C,9.5,9058.0,1.24,119.2,2.23,101.2,2.607,0.174
C,9.5,9058.5,1.54,121.3,2.71,99.3,2.622,0.169
C,9.5,9059.0,1.57,126.2,2.84,103.1,2.606,0.218
C,9.5,9059.5,1.62,132.7,2.78,102.3,2.618,0.205
C,9.5,9060.0,1.49,135.6,3.01,102.4,2.602,0.22
C,9.5,9060.5,1.44,121.3,2.5,99.6,2.608,0.189
C,9.5,9061.0,1.59,126.8,2.34,102.9,2.612,0.209
C,9.5,9061.5,1.53,128.1,2.91,104.2,2.591,0.223
C,9.5,9062.0,1.84,139.1,2.78,103.9,2.608,0.201
C,9.5,9062.5,1.57,136.6,2.38,101.5,2.612,0.218
C,9.5,9063.0,1.62,131.3,2.74,103.7,2.616,0.224
C,9.5,9063.5,2.01,135.5,3.31,103.9,2.59,0.219
C,9.5,9064.0,1.62,135.4,2.51,102.4,2.59,0.221
C,9.5,9064.5,1.74,139.5,3.43,104.0,2.592,0.228
C,9.5,9065.0,1.77,136.9,2.67,104.5,2.598,0.214
C,9.5,9065.5,1.79,134.6,2.89,103.3,2.589,0.202
C,9.5,9066.0,1.74,128.0,2.57,102.5,2.612,0.212
C,9.5,9066.5,1.73,129.8,2.85,104.9,2.599,0.218
C,9.5,9067.0,1.73,129.6,2.8,102.4,2.588,0.202
C,9.5,9067.5,1.64,123.3,2.47,102.0,2.621,0.204
C,9.5,9068.0,1.79,131.5,3.6,102.3,2.595,0.213
C,9.5,9068.5,2.06,135.7,2.91,105.0,2.57,0.224
C,9.5,9069.0,1.95,134.8,2.85,103.1,2.581,0.204
C,9.5,9069.5,1.82,136.5,3.12,100.2,2.616,0.175
C,9.5,9070.0,1.92,129.6,3.4,105.6,2.608,0.23
C,9.5,9070.5,1.67,149.4,3.07,103.4,2.605,0.228
C,9.5,9071.0,1.78,125.1,2.6,103.7,2.616,0.185
C,9.5,9071.5,1.97,141.1,3.03,103.0,2.599,0.231
C,9.5,9072.0,2.07,137.1,2.61,105.5,2.585,0.219
C,9.5,9072.5,1.74,142.3,3.05,103.1,2.596,0.234
C,9.5,9073.0,1.8,133.4,2.52,102.0,2.6,0.211
C,9.5,9073.5,2.22,136.2,2.93,103.8,2.59,0.188
C,9.5,9074.0,1.92,127.5,2.94,106.2,2.579,0.221
C,9.5,9074.5,2.19,142.2,3.22,105.6,2.586,0.22
C,9.5,9075.0,1.96,142.1,2.91,103.4,2.603,0.214
C,9.5,9075.5,1.99,135.6,3.37,102.0,2.584,0.209
C,9.5,9076.0,1.92,137.4,3.12,100.9,2.589,0.203
C,9.5,9076.5,2.12,147.2,3.23,104.6,2.585,0.22
C,9.5,9077.0,2.2,139.6,2.82,104.9,2.568,0.208
C,9.5,9077.5,1.86,144.7,3.33,103.7,2.574,0.232
C,9.5,9078.0,1.98,138.1,2.79,101.6,2.599,0.217
C,9.5,9078.5,2.18,148.5,3.57,106.6,2.567,0.233
C,9.5,9079.0,2.04,135.7,3.55,105.1,2.587,0.2
C,9.5,9079.5,2.01,144.1,3.12,107.5,2.573,0.241
C,9.5,9080.0,2.25,124.3,3.42,102.4,2.595,0.199
C,9.5,9080.5,2.28,145.8,2.47,105.6,2.581,0.236
C,9.5,9081.0,2.07,137.4,2.99,104.7,2.575,0.227
C,9.5,9081.5,2.18,146.6,3.39,104.9,2.566,0.211
C,9.5,9082.0,1.99,153.0,3.21,104.3,2.575,0.226
C,9.5,9082.5,2.05,144.5,2.74,106.9,2.589,0.217
C,9.5,9083.0,2.22,134.9,3.06,104.4,2.584,0.209
C,9.5,9083.5,2.23,133.4,2.56,104.7,2.581,0.217
C,9.5,9084.0,2.1,140.5,3.16,107.6,2.58,0.223
C,9.5,9084.5,2.16,153.2,2.66,105.7,2.586,0.228
C,9.5,9085.0,2.12,130.0,3.36,104.1,2.585,0.214
C,9.5,9085.5,2.37,129.5,3.54,104.7,2.579,0.202
C,9.5,9086.0,2.03,143.2,2.9,102.8,2.573,0.218
C,9.5,9086.5,2.19,144.3,3.24,103.7,2.612,0.202
C,9.5,9087.0,2.08,157.3,2.99,109.3,2.571,0.234
C,9.5,9087.5,2.45,149.0,3.34,106.9,2.572,0.226
C,9.5,9088.0,2.13,143.9,2.8,104.9,2.589,0.21
C,9.5,9088.5,2.43,148.2,3.43,105.8,2.562,0.222
C,9.5,9089.0,2.69,133.7,3.02,107.7,2.564,0.232
C,9.5,9089.5,2.72,151.1,2.99,106.4,2.557,0.244
C,9.5,9090.0,2.22,134.1,3.1,101.4,2.575,0.177
C,9.5,9090.5,2.55,140.8,3.29,105.2,2.574,0.2
C,9.5,9091.0,2.38,145.3,3.3,108.9,2.549,0.237
C,9.5,9091.5,2.37,143.6,3.06,109.3,2.589,0.234
C,9.5,9092.0,2.56,134.7,3.89,105.0,2.58,0.225
C,9.5,9092.5,2.78,151.3,3.55,105.5,2.571,0.218
C,9.5,9093.0,2.71,157.4,3.52,105.4,2.539,0.231
C,9.5,9093.5,2.53,139.8,3.39,105.6,2.562,0.201
C,9.5,9094.0,2.77,146.1,3.79,107.0,2.578,0.223
C,9.5,9094.5,2.35,139.3,3.36,107.1,2.621,0.214
C,9.5,9095.0,2.6,144.0,3.5,106.9,2.583,0.225
C,9.5,9095.5,2.61,142.8,3.59,104.2,2.587,0.199
C,9.5,9096.0,2.77,131.7,3.02,106.4,2.572,0.196
C,9.5,9096.5,2.75,147.6,3.02,106.1,2.551,0.228
C,9.5,9097.0,2.78,139.3,3.48,105.9,2.58,0.22
C,9.5,9097.5,2.8,146.9,3.46,106.2,2.548,0.214
C,9.5,9098.0,2.85,147.9,3.72,106.5,2.549,0.209
C,9.5,9098.5,2.96,165.7,3.63,109.7,2.533,0.237
C,9.5,9099.0,2.92,156.3,3.77,109.7,2.559,0.247
C,9.5,9099.5,2.88,144.7,3.23,107.3,2.561,0.192
C,9.5,9100.0,3.01,149.8,3.66,106.2,2.553,0.224
C,9.5,9100.5,3.1,141.5,3.35,106.0,2.554,0.211
C,9.5,9101.0,2.91,146.5,3.71,106.8,2.544,0.234
C,9.5,9101.5,3.01,159.9,3.16,107.8,2.538,0.224
C,9.5,9102.0,3.22,149.6,3.93,107.7,2.54,0.214
C,9.5,9102.5,2.9,140.4,3.19,106.6,2.541,0.228
C,9.5,9103.0,3.37,145.7,3.82,109.9,2.539,0.21
C,9.5,9103.5,2.92,149.5,3.87,108.6,2.539,0.231
C,9.5,9104.0,3.09,131.1,3.8,106.6,2.569,0.179
C,9.5,9104.5,3.03,147.0,3.23,107.7,2.563,0.205
C,9.5,9105.0,3.52,156.3,3.85,109.1,2.52,0.206
C,9.5,9105.5,3.14,150.8,3.34,107.7,2.548,0.206
C,9.5,9106.0,3.17,149.2,3.31,110.0,2.567,0.221
C,9.5,9106.5,3.21,152.8,3.86,111.1,2.53,0.236
C,9.5,9107.0,3.31,152.2,4.07,107.3,2.554,0.197
C,9.5,9107.5,3.27,159.8,4.0,108.7,2.538,0.241
C,9.5,9108.0,3.32,144.6,4.1,105.5,2.562,0.2
C,9.5,9108.5,2.84,149.7,3.54,107.7,2.558,0.231
C,9.5,9109.0,3.4,158.6,3.88,106.5,2.535,0.219
C,9.5,9109.5,3.42,155.9,3.66,110.9,2.543,0.206
C,9.5,9110.0,3.6,158.5,3.99,110.3,2.536,0.22
C,9.5,9110.5,3.67,155.7,3.77,109.5,2.53,0.235
C,9.5,9111.0,3.47,149.5,3.76,108.3,2.522,0.226
C,9.5,9111.5,3.64,160.5,4.19,110.5,2.551,0.207
C,9.5,9112.0,3.38,154.7,3.91,107.5,2.555,0.217
C,9.5,9112.5,3.68,149.8,5.37,108.4,2.521,0.195
C,9.5,9113.0,3.51,154.6,3.64,107.5,2.538,0.207
C,9.5,9113.5,3.44,145.7,3.96,108.6,2.54,0.208
C,9.5,9114.0,3.61,156.3,3.7,109.6,2.524,0.201
C,9.5,9114.5,3.88,163.7,4.23,112.1,2.504,0.214
C,9.5,9115.0,3.72,153.6,4.11,112.1,2.52,0.226
C,9.5,9115.5,3.94,162.7,4.73,111.5,2.517,0.239
C,9.5,9116.0,3.63,168.2,4.01,113.2,2.508,0.258
C,9.5,9116.5,3.92,161.4,4.34,108.3,2.534,0.191
C,9.5,9117.0,3.69,154.2,4.06,108.6,2.543,0.225
C,9.5,9117.5,3.84,165.0,3.88,110.1,2.536,0.221
C,9.5,9118.0,3.87,162.1,4.14,110.9,2.52,0.244
C,9.5,9118.5,3.96,156.6,4.3,111.3,2.497,0.238
C,9.5,9119.0,3.92,157.5,4.43,109.9,2.532,0.226
C,9.5,9119.5,3.79,157.9,4.49,110.3,2.528,0.233
C,9.5,9120.0,4.06,152.0,4.45,111.9,2.526,0.214
C,9.5,9120.5,4.21,167.5,4.58,115.1,2.533,0.252
C,9.5,9121.0,3.88,154.2,3.81,107.2,2.522,0.204
C,9.5,9121.5,3.72,161.0,4.42,109.6,2.492,0.226
C,9.5,9122.0,4.09,158.5,4.31,111.0,2.504,0.227
C,9.5,9122.5,3.99,156.9,4.74,112.0,2.528,0.235
C,9.5,9123.0,4.04,159.5,5.01,111.3,2.52,0.222
C,9.5,9123.5,4.16,162.8,4.56,111.3,2.5,0.238
C,9.5,9124.0,4.03,172.4,4.15,113.9,2.496,0.238
C,9.5,9124.5,4.08,178.3,4.55,116.2,2.5,0.261
C,9.5,9125.0,4.13,160.9,4.72,113.3,2.495,0.251
C,9.5,9125.5,4.38,160.2,4.72,111.8,2.515,0.218
C,9.5,9126.0,4.19,166.9,4.44,113.4,2.506,0.247
C,9.5,9126.5,4.02,169.5,4.7,112.1,2.509,0.241
C,9.5,9127.0,4.04,163.1,4.7,110.7,2.513,0.21
C,9.5,9127.5,4.26,167.0,4.59,111.0,2.519,0.217
C,9.5,9128.0,4.09,162.2,4.0,113.1,2.517,0.224
C,9.5,9128.5,4.04,169.0,4.69,113.0,2.517,0.243
C,9.5,9129.0,4.39,151.2,4.56,113.1,2.514,0.234
C,9.5,9129.5,4.42,165.3,4.96,114.4,2.507,0.223
C,9.5,9130.0,4.28,162.1,4.79,114.0,2.495,0.246
C,9.5,9130.5,4.39,166.3,4.17,112.9,2.496,0.236
C,9.5,9131.0,4.4,188.5,4.88,116.1,2.495,0.252
C,9.5,9131.5,4.47,162.4,5.13,113.0,2.533,0.218
C,9.5,9132.0,4.49,175.0,5.2,119.3,2.476,0.256
C,9.5,9132.5,4.03,156.2,4.54,110.8,2.519,0.216
C,9.5,9133.0,4.4,154.5,4.14,112.4,2.514,0.209
C,9.5,9133.5,4.52,163.6,5.51,114.4,2.497,0.228
C,9.5,9134.0,4.4,172.1,5.02,112.4,2.522,0.233
C,9.5,9134.5,4.48,173.4,4.48,113.6,2.498,0.238
C,9.5,9135.0,4.6,171.5,4.75,114.7,2.495,0.236
C,9.5,9135.5,4.52,166.1,5.06,114.6,2.511,0.25
C,9.5,9136.0,4.74,166.6,5.49,115.7,2.518,0.213
C,9.5,9136.5,4.7,181.5,4.96,115.7,2.509,0.259
C,9.5,9137.0,4.53,169.4,5.32,113.3,2.5,0.227
C,9.5,9137.5,4.53,159.3,4.31,114.9,2.495,0.255
C,9.5,9138.0,4.14,175.4,4.24,110.9,2.515,0.227
C,9.5,9138.5,4.53,166.0,4.22,115.3,2.505,0.219
C,9.5,9139.0,4.39,161.4,4.5,111.4,2.501,0.232
C,9.5,9139.5,4.63,176.0,5.74,115.7,2.508,0.258
C,9.5,9140.0,4.63,167.7,6.0,113.9,2.503,0.225
C,9.5,9140.5,4.72,170.1,5.28,114.2,2.497,0.231
C,9.5,9141.0,4.84,174.9,5.04,116.0,2.471,0.252
C,9.5,9141.5,4.63,157.1,5.0,112.2,2.503,0.239
C,9.5,9142.0,4.99,185.0,5.67,116.5,2.455,0.243
C,9.5,9142.5,4.69,180.6,4.54,117.3,2.486,0.25
C,9.5,9143.0,4.46,166.2,4.7,114.3,2.495,0.234
C,9.5,9143.5,4.58,162.8,5.65,115.1,2.504,0.207
C,9.5,9144.0,4.62,181.8,4.66,117.3,2.515,0.249
C,9.5,9144.5,4.77,171.9,4.92,115.0,2.497,0.264
C,9.5,9145.0,4.54,165.8,5.0,114.4,2.518,0.229
C,9.5,9145.5,4.65,171.8,5.22,115.3,2.501,0.255
C,9.5,9146.0,4.67,164.8,4.87,112.2,2.514,0.237
C,9.5,9146.5,4.63,157.0,5.12,113.2,2.523,0.226
C,9.5,9147.0,4.82,167.4,5.55,115.5,2.484,0.236
C,9.5,9147.5,4.8,178.1,6.16,115.5,2.478,0.235
C,9.5,9148.0,4.88,177.6,5.3,115.8,2.494,0.242
C,9.5,9148.5,4.66,184.3,5.1,116.0,2.489,0.268
C,9.5,9149.0,4.89,181.6,6.06,117.9,2.491,0.239
C,9.5,9149.5,4.51,181.9,4.75,113.0,2.493,0.256
C,9.5,9150.0,4.51,175.7,4.46,115.1,2.492,0.245
C,9.5,9150.5,4.53,166.8,5.09,113.6,2.521,0.257
C,9.5,9151.0,4.72,173.5,5.64,115.2,2.476,0.249
C,9.5,9151.5,4.9,177.1,5.52,115.9,2.493,0.266
C,9.5,9152.0,4.63,173.5,5.04,115.4,2.503,0.241
C,9.5,9152.5,4.64,178.2,4.54,116.2,2.474,0.265
C,9.5,9153.0,4.68,177.0,5.11,115.6,2.483,0.235
C,9.5,9153.5,4.8,174.9,5.8,117.1,2.481,0.25
C,9.5,9154.0,4.64,176.0,4.61,116.4,2.502,0.24
C,9.5,9154.5,4.63,174.0,4.98,115.0,2.495,0.234
C,9.5,9155.0,4.5,177.1,4.8,114.2,2.497,0.26
C,9.5,9155.5,4.61,169.9,4.79,115.1,2.48,0.243
C,9.5,9156.0,4.87,168.6,5.44,116.0,2.517,0.252
C,9.5,9156.5,4.7,169.9,5.35,114.4,2.493,0.241
C,9.5,9157.0,4.58,173.7,5.2,113.9,2.498,0.249
C,9.5,9157.5,4.87,179.9,4.93,114.1,2.478,0.255
C,9.5,9158.0,4.59,173.9,4.42,114.8,2.489,0.242
C,9.5,9158.5,4.88,168.2,5.46,116.3,2.51,0.244
C,9.5,9159.0,4.87,178.5,5.13,115.6,2.459,0.251
C,9.5,9159.5,4.67,164.8,5.93,114.5,2.505,0.234
C,9.5,9160.0,4.43,171.1,5.67,115.5,2.483,0.254
C,9.5,9160.5,4.99,172.8,6.4,116.7,2.483,0.246
C,9.5,9161.0,4.69,167.2,4.78,114.8,2.489,0.234
C,9.5,9161.5,4.58,167.9,5.27,113.4,2.485,0.25
C,9.5,9162.0,4.76,187.3,5.6,118.6,2.48,0.284
C,9.5,9162.5,4.72,186.0,5.49,118.2,2.452,0.263
C,9.5,9163.0,4.8,176.3,5.11,116.2,2.481,0.265
C,9.5,9163.5,4.49,173.4,5.48,113.5,2.495,0.272
C,9.5,9164.0,4.63,168.2,5.08,113.8,2.484,0.231
C,9.5,9164.5,4.39,168.5,4.9,113.4,2.519,0.259
C,9.5,9165.0,4.66,164.3,4.52,116.4,2.487,0.251
C,9.5,9165.5,4.55,162.1,5.27,113.8,2.496,0.243
C,9.5,9166.0,4.58,172.8,4.93,117.5,2.487,0.254
C,9.5,9166.5,4.51,164.3,5.15,111.9,2.498,0.249
C,9.5,9167.0,4.48,175.2,5.03,115.8,2.51,0.267
C,9.5,9167.5,4.38,170.3,4.9,114.2,2.539,0.211
C,9.5,9168.0,4.62,168.0,5.05,114.4,2.502,0.254
C,9.5,9168.5,4.71,170.2,5.5,114.7,2.507,0.239
C,9.5,9169.0,4.39,180.1,4.77,113.5,2.524,0.239
C,9.5,9169.5,4.54,177.0,4.45,114.5,2.498,0.266
C,9.5,9170.0,4.51,165.9,5.2,114.2,2.52,0.228
C,9.5,9170.5,4.44,172.0,4.58,113.2,2.509,0.236
C,9.5,9171.0,4.2,169.7,4.19,113.2,2.511,0.25
C,9.5,9171.5,4.22,174.1,4.31,113.6,2.514,0.223
C,9.5,9172.0,4.28,164.8,4.85,113.2,2.485,0.221
C,9.5,9172.5,4.06,162.1,4.5,111.7,2.517,0.25
C,9.5,9173.0,4.58,163.2,4.25,115.7,2.479,0.241
C,9.5,9173.5,4.42,172.0,4.72,115.3,2.481,0.252
C,9.5,9174.0,4.34,162.0,5.27,112.6,2.507,0.238
C,9.5,9174.5,4.01,160.3,4.32,110.6,2.504,0.221
C,9.5,9175.0,4.05,169.2,4.46,113.3,2.507,0.249
C,9.5,9175.5,4.31,177.0,5.18,115.0,2.505,0.247
C,9.5,9176.0,4.59,169.2,5.37,115.1,2.499,0.231
C,9.5,9176.5,4.18,170.4,5.03,114.5,2.498,0.248
C,9.5,9177.0,4.4,157.8,3.89,112.9,2.517,0.229
C,9.5,9177.5,4.18,166.2,5.34,111.9,2.51,0.24
C,9.5,9178.0,4.25,161.0,4.95,114.4,2.514,0.241
C,9.5,9178.5,4.41,162.6,5.92,112.5,2.492,0.234
C,9.5,9179.0,4.16,180.1,4.35,113.9,2.507,0.252
C,9.5,9179.5,4.1,168.4,3.97,110.6,2.528,0.232
C,9.5,9180.0,4.4,168.0,4.86,113.2,2.515,0.242
C,9.5,9180.5,4.18,180.5,4.54,114.0,2.502,0.237
C,9.5,9181.0,4.33,178.8,5.04,115.9,2.486,0.255
C,9.5,9181.5,4.05,167.8,4.93,113.0,2.505,0.238
C,9.5,9182.0,4.35,151.7,4.77,109.2,2.505,0.22
C,9.5,9182.5,4.17,157.7,4.54,111.0,2.5,0.227
C,9.5,9183.0,4.18,163.6,4.84,113.7,2.506,0.237
C,9.5,9183.5,4.12,173.5,4.5,116.3,2.515,0.253
C,9.5,9184.0,4.02,161.2,4.37,110.4,2.509,0.219
C,9.5,9184.5,4.08,169.6,4.94,114.7,2.508,0.262
C,9.5,9185.0,4.0,172.9,4.95,114.4,2.511,0.232
C,9.5,9185.5,4.2,162.8,5.08,112.1,2.523,0.228
C,9.5,9186.0,4.02,164.2,4.43,111.7,2.51,0.239
C,9.5,9186.5,3.81,165.9,3.63,111.9,2.516,0.23
C,9.5,9187.0,3.77,157.0,4.23,110.4,2.511,0.235
C,9.5,9187.5,3.76,158.1,4.01,111.1,2.511,0.247
C,9.5,9188.0,4.1,161.6,4.52,113.5,2.523,0.239
C,9.5,9188.5,3.82,163.0,4.09,111.9,2.523,0.239
C,9.5,9189.0,4.03,180.1,4.5,114.1,2.509,0.268
C,9.5,9189.5,4.0,163.0,4.12,112.6,2.532,0.236
C,9.5,9190.0,3.96,164.8,4.01,113.5,2.532,0.243
C,9.5,9190.5,4.03,161.3,4.96,113.7,2.495,0.235
C,9.5,9191.0,3.98,165.3,4.12,111.6,2.525,0.239
C,9.5,9191.5,3.54,155.1,4.08,112.1,2.536,0.225
C,9.5,9192.0,3.89,163.8,4.72,114.1,2.513,0.239
C,9.5,9192.5,3.99,165.2,4.81,113.5,2.519,0.248
C,9.5,9193.0,4.17,168.6,4.94,112.0,2.49,0.251
C,9.5,9193.5,4.17,158.4,4.75,110.8,2.533,0.231
C,9.5,9194.0,3.71,155.9,4.47,110.8,2.533,0.252
C,9.5,9194.5,3.85,161.7,4.85,111.4,2.513,0.223
C,9.5,9195.0,3.66,140.6,4.33,108.1,2.524,0.207
C,9.5,9195.5,4.12,173.3,3.96,115.6,2.483,0.273
C,9.5,9196.0,4.04,149.1,4.33,112.2,2.52,0.207
C,9.5,9196.5,3.94,171.3,4.68,113.3,2.511,0.24
C,9.5,9197.0,3.91,153.9,4.18,109.9,2.51,0.203
C,9.5,9197.5,4.09,160.4,5.19,111.4,2.525,0.225
C,9.5,9198.0,4.06,174.2,4.51,114.9,2.522,0.248
C,9.5,9198.5,4.05,154.3,4.55,110.9,2.521,0.216
C,9.5,9199.0,3.94,154.8,4.84,111.4,2.52,0.218
C,9.5,9199.5,3.82,158.9,4.25,111.8,2.531,0.229
C,9.5,9200.0,3.98,154.6,4.53,112.2,2.523,0.233
C,9.5,9200.5,3.99,162.9,4.8,111.2,2.503,0.248
C,9.5,9201.0,3.84,151.0,3.85,110.8,2.519,0.206
C,9.5,9201.5,3.81,155.5,4.21,111.2,2.52,0.242
C,9.5,9202.0,4.04,155.2,4.82,110.5,2.526,0.215
C,9.5,9202.5,4.12,155.1,4.61,111.5,2.523,0.208
C,9.5,9203.0,3.75,148.9,4.79,111.6,2.532,0.224
C,9.5,9203.5,3.83,154.4,3.81,111.2,2.514,0.211
C,9.5,9204.0,3.92,170.5,3.85,113.3,2.524,0.24
C,9.5,9204.5,3.94,157.2,4.71,109.9,2.528,0.208
C,9.5,9205.0,3.79,154.0,4.6,109.5,2.562,0.226
C,9.5,9205.5,4.16,167.7,4.55,110.6,2.508,0.229
C,9.5,9206.0,3.94,167.6,4.57,112.5,2.528,0.211
C,9.5,9206.5,3.96,150.9,4.72,109.6,2.561,0.209
C,9.5,9207.0,4.15,166.9,4.32,114.8,2.509,0.244
C,9.5,9207.5,3.82,145.2,4.08,110.7,2.529,0.197
C,9.5,9208.0,3.88,166.3,4.44,109.4,2.513,0.221
C,9.5,9208.5,3.71,163.9,4.54,109.1,2.549,0.237
C,9.5,9209.0,3.88,157.1,3.98,113.6,2.508,0.235
C,9.5,9209.5,3.68,154.2,4.13,111.1,2.534,0.232
C,9.5,9210.0,4.02,154.8,4.41,110.2,2.517,0.197
C,9.5,9210.5,3.98,164.3,4.61,111.1,2.52,0.228
C,9.5,9211.0,3.88,150.8,4.37,112.2,2.508,0.225
C,9.5,9211.5,3.91,152.6,4.21,113.1,2.536,0.229
C,9.5,9212.0,4.05,165.9,5.0,108.9,2.52,0.216
C,9.5,9212.5,3.77,168.0,4.09,114.5,2.505,0.251
C,9.5,9213.0,3.98,158.3,4.35,111.9,2.539,0.208
C,9.5,9213.5,4.06,159.8,3.99,111.7,2.512,0.232
C,9.5,9214.0,3.69,152.5,3.98,107.8,2.539,0.222
C,9.5,9214.5,4.07,147.2,4.73,111.9,2.533,0.211
C,9.5,9215.0,3.72,147.8,4.34,110.2,2.539,0.206
C,9.5,9215.5,3.96,155.4,4.66,108.8,2.499,0.214
C,9.5,9216.0,3.81,144.1,4.51,110.2,2.536,0.23
C,9.5,9216.5,4.21,156.8,5.52,115.3,2.515,0.207
C,9.5,9217.0,3.83,159.2,4.07,111.6,2.519,0.24
C,9.5,9217.5,3.76,151.5,3.75,109.0,2.53,0.209
C,9.5,9218.0,4.04,153.6,4.15,109.7,2.503,0.221
C,9.5,9218.5,3.96,152.8,4.2,113.2,2.525,0.218
C,9.5,9219.0,3.8,153.2,3.98,112.8,2.506,0.233
C,9.5,9219.5,4.12,163.7,4.62,114.0,2.511,0.248
C,9.5,9220.0,3.75,154.8,4.7,110.8,2.531,0.211
C,9.5,9220.5,3.9,145.2,4.96,111.4,2.542,0.215
C,9.5,9221.0,3.97,154.9,4.64,109.5,2.515,0.232
C,9.5,9221.5,4.18,155.5,5.52,111.4,2.536,0.223
C,9.5,9222.0,4.27,168.2,4.59,114.4,2.516,0.235
C,9.5,9222.5,4.24,155.8,4.13,114.9,2.504,0.226
C,9.5,9223.0,4.06,160.8,4.93,111.5,2.507,0.213
C,9.5,9223.5,3.73,148.0,3.66,109.3,2.514,0.221
C,9.5,9224.0,4.15,159.3,4.35,111.7,2.521,0.224
C,9.5,9224.5,4.32,157.1,4.98,110.3,2.503,0.211
C,9.5,9225.0,4.29,165.3,4.71,110.7,2.522,0.231
C,9.5,9225.5,4.18,167.9,4.57,113.3,2.506,0.221
C,9.5,9226.0,3.94,172.9,4.02,113.1,2.502,0.253
C,9.5,9226.5,4.04,173.4,4.51,112.9,2.515,0.266
C,9.5,9227.0,4.41,175.0,5.27,115.8,2.491,0.242
C,9.5,9227.5,3.91,165.4,4.41,113.8,2.519,0.229
C,9.5,9228.0,3.96,149.9,4.15,111.9,2.534,0.215
C,9.5,9228.5,4.27,166.6,4.28,115.9,2.508,0.249
C,9.5,9229.0,4.07,159.8,4.26,112.5,2.519,0.228
C,9.5,9229.5,3.96,175.1,4.58,113.7,2.516,0.242
C,9.5,9230.0,4.37,166.4,4.96,114.2,2.484,0.238
C,9.5,9230.5,4.21,167.4,4.38,111.6,2.515,0.23
C,9.5,9231.0,4.08,164.9,3.82,113.6,2.517,0.238
C,9.5,9231.5,3.97,175.8,4.6,110.6,2.523,0.281
C,9.5,9232.0,4.45,160.9,4.56,111.8,2.515,0.227
C,9.5,9232.5,4.14,177.2,4.86,114.4,2.504,0.256
C,9.5,9233.0,4.35,157.8,4.52,112.4,2.519,0.229
C,9.5,9233.5,4.27,151.5,4.37,111.3,2.511,0.207
C,9.5,9234.0,4.06,148.3,4.59,113.8,2.522,0.233
C,9.5,9234.5,4.06,159.5,5.47,112.1,2.519,0.222
C,9.5,9235.0,4.35,174.1,5.1,113.4,2.508,0.242
C,9.5,9235.5,4.35,167.2,4.85,112.1,2.505,0.239
C,9.5,9236.0,3.84,158.2,4.46,110.2,2.542,0.236
C,9.5,9236.5,4.2,168.5,4.05,115.0,2.53,0.259
C,9.5,9237.0,4.1,160.6,4.17,111.7,2.527,0.232
C,9.5,9237.5,3.95,168.5,3.63,109.4,2.539,0.231
C,9.5,9238.0,4.14,167.5,5.29,111.7,2.499,0.213
C,9.5,9238.5,3.89,164.0,4.95,112.0,2.505,0.229
C,9.5,9239.0,4.02,177.8,4.64,116.0,2.502,0.276
C,9.5,9239.5,3.96,173.5,4.49,112.8,2.516,0.241
C,9.5,9240.0,3.99,161.1,3.95,111.6,2.516,0.238
C,9.5,9240.5,4.05,159.6,4.44,114.4,2.498,0.22
C,9.5,9241.0,3.9,161.6,5.06,111.9,2.534,0.244
C,9.5,9241.5,4.27,163.6,4.78,114.5,2.532,0.246
C,9.5,9242.0,4.1,162.6,4.37,111.8,2.53,0.222
C,9.5,9242.5,4.28,165.1,4.12,115.0,2.517,0.246
C,9.5,9243.0,3.98,164.5,4.98,109.7,2.524,0.236
C,9.5,9243.5,3.91,161.2,4.37,110.6,2.513,0.214
C,9.5,9244.0,4.24,176.8,4.08,112.4,2.507,0.236
C,9.5,9244.5,3.87,149.1,4.05,110.1,2.551,0.223
C,9.5,9245.0,3.92,176.5,3.98,114.4,2.512,0.269
C,9.5,9245.5,4.04,157.3,4.47,112.0,2.509,0.233
C,9.5,9246.0,3.73,146.3,4.31,110.5,2.546,0.22
C,9.5,9246.5,4.0,162.4,4.31,114.5,2.529,0.244
C,9.5,9247.0,3.97,163.0,4.73,110.8,2.514,0.214
C,9.5,9247.5,4.05,170.2,4.55,114.7,2.508,0.251
C,9.5,9248.0,3.98,162.4,4.85,112.9,2.511,0.233
C,9.5,9248.5,4.02,170.4,4.37,114.6,2.508,0.26
C,9.5,9249.0,3.79,160.6,5.48,113.7,2.532,0.235
C,9.5,9249.5,3.66,161.1,3.99,112.4,2.522,0.224
C,9.5,9250.0,4.08,160.8,4.24,110.3,2.534,0.227
C,9.5,9250.5,3.52,161.8,3.74,108.8,2.537,0.227
C,9.5,9251.0,3.51,154.8,3.99,108.2,2.565,0.232
C,9.5,9251.5,3.79,158.1,3.74,114.8,2.519,0.267
C,9.5,9252.0,3.92,158.2,4.51,113.7,2.517,0.24
C,9.5,9252.5,3.68,168.0,3.61,111.7,2.529,0.243
C,9.5,9253.0,3.78,159.4,4.34,109.0,2.52,0.231
C,9.5,9253.5,3.31,152.4,3.5,108.9,2.519,0.217
C,9.5,9254.0,3.51,153.2,3.93,111.3,2.53,0.233
C,9.5,9254.5,3.28,165.8,4.06,110.7,2.533,0.249
C,9.5,9255.0,3.65,164.8,5.02,111.8,2.507,0.259
C,9.5,9255.5,3.28,153.2,3.55,108.1,2.544,0.227
C,9.5,9256.0,3.29,160.6,3.84,112.6,2.509,0.245
C,9.5,9256.5,3.54,158.9,3.85,111.0,2.528,0.219
C,9.5,9257.0,3.59,151.4,3.85,111.3,2.534,0.23
C,9.5,9257.5,3.38,143.1,3.73,107.7,2.549,0.21
C,9.5,9258.0,3.46,148.9,4.29,111.8,2.526,0.242
C,9.5,9258.5,3.43,150.7,3.84,111.1,2.533,0.243
C,9.5,9259.0,3.29,154.9,4.65,108.8,2.53,0.234
C,9.5,9259.5,3.13,163.8,3.89,109.2,2.547,0.235
C,9.5,9260.0,3.35,145.2,3.63,110.5,2.541,0.212
C,9.5,9260.5,3.33,148.7,3.8,111.0,2.529,0.247
C,9.5,9261.0,3.35,160.1,3.68,111.0,2.539,0.23
C,9.5,9261.5,3.23,167.1,4.09,109.0,2.543,0.249
C,9.5,9262.0,2.98,151.6,3.2,107.3,2.55,0.225
C,9.5,9262.5,3.23,163.2,3.44,109.9,2.567,0.244
C,9.5,9263.0,3.1,151.2,3.56,109.1,2.545,0.229
C,9.5,9263.5,3.0,146.9,3.86,107.9,2.549,0.227
C,9.5,9264.0,2.99,153.2,4.04,107.4,2.544,0.238
C,9.5,9264.5,2.91,140.7,4.01,105.5,2.547,0.224
C,9.5,9265.0,3.11,158.2,3.91,106.7,2.553,0.249
C,9.5,9265.5,2.74,132.7,3.45,102.2,2.557,0.212
C,9.5,9266.0,2.77,148.1,3.73,106.5,2.555,0.232
C,9.5,9266.5,2.84,140.0,3.24,108.7,2.557,0.205
C,9.5,9267.0,3.11,151.2,3.23,111.0,2.535,0.24
C,9.5,9267.5,2.99,151.0,3.78,108.9,2.523,0.254
C,9.5,9268.0,2.56,139.9,3.09,106.7,2.561,0.218
C,9.5,9268.5,2.98,160.3,3.63,107.3,2.559,0.239
C,9.5,9269.0,2.95,161.0,3.66,109.0,2.545,0.262
C,9.5,9269.5,2.54,148.3,3.4,105.5,2.584,0.229
C,9.5,9270.0,2.31,133.6,3.43,104.6,2.587,0.216
C,9.5,9270.5,2.65,143.2,3.65,106.2,2.572,0.226
C,9.5,9271.0,2.8,141.5,3.57,107.9,2.58,0.226
C,9.5,9271.5,2.84,146.4,3.42,107.9,2.558,0.19
C,9.5,9272.0,2.44,142.5,3.3,105.1,2.573,0.232
C,9.5,9272.5,2.81,154.7,3.36,108.6,2.553,0.235
C,9.5,9273.0,2.18,139.9,3.06,104.6,2.594,0.223
C,9.5,9273.5,2.44,133.3,4.03,102.8,2.577,0.19
C,9.5,9274.0,2.4,141.1,3.29,103.2,2.568,0.208
C,9.5,9274.5,2.61,141.9,3.51,107.0,2.574,0.212
C,9.5,9275.0,2.6,146.5,3.19,106.8,2.553,0.223
C,9.5,9275.5,2.52,158.9,3.61,105.2,2.57,0.228
C,9.5,9276.0,2.15,146.8,3.28,107.2,2.575,0.255
C,9.5,9276.5,2.46,145.9,3.49,104.0,2.57,0.235
C,9.5,9277.0,2.38,133.8,3.29,107.2,2.582,0.222
C,9.5,9277.5,2.03,142.6,3.27,104.0,2.565,0.233
C,9.5,9278.0,1.94,135.5,3.27,103.9,2.593,0.201
C,9.5,9278.5,2.38,138.1,3.31,106.8,2.568,0.218
C,9.5,9279.0,2.17,130.2,3.07,103.2,2.617,0.215
C,9.5,9279.5,1.98,113.1,3.2,101.5,2.6,0.175
C,9.5,9280.0,2.12,134.9,2.85,105.2,2.575,0.212
C,9.5,9280.5,2.18,139.9,2.93,104.6,2.565,0.221
C,9.5,9281.0,2.09,137.5,3.04,105.9,2.594,0.24
C,9.5,9281.5,1.85,133.8,2.52,101.6,2.588,0.211
C,9.5,9282.0,2.34,126.6,3.42,104.7,2.571,0.189
C,9.5,9282.5,2.19,135.4,2.88,103.8,2.586,0.208
C,9.5,9283.0,1.96,118.8,2.86,102.1,2.605,0.172
C,9.5,9283.5,1.95,128.0,2.91,103.5,2.602,0.197
C,9.5,9284.0,2.02,135.8,3.02,105.3,2.584,0.222
C,9.5,9284.5,1.78,124.5,2.78,103.0,2.598,0.203
C,9.5,9285.0,1.98,135.5,2.96,105.3,2.588,0.224
C,9.5,9285.5,1.71,116.4,2.81,101.4,2.61,0.188
C,9.5,9286.0,1.88,125.0,2.82,104.7,2.598,0.208
C,9.5,9286.5,1.69,133.2,2.64,101.9,2.614,0.189
C,9.5,9287.0,1.68,132.6,3.06,103.4,2.596,0.215
C,9.5,9287.5,2.08,127.5,2.57,105.7,2.573,0.223
C,9.5,9288.0,1.82,131.5,2.84,102.9,2.59,0.231
C,9.5,9288.5,1.82,143.5,2.78,102.7,2.597,0.223
C,9.5,9289.0,1.47,120.9,2.78,101.6,2.587,0.204
C,9.5,9289.5,1.67,143.0,2.49,103.2,2.573,0.229
C,9.5,9290.0,1.81,121.7,2.77,100.3,2.61,0.192
C,9.5,9290.5,1.75,127.5,2.82,102.0,2.62,0.204
C,9.5,9291.0,1.38,133.7,2.88,103.4,2.592,0.222
C,9.5,9291.5,1.72,124.6,2.91,98.9,2.606,0.2
C,9.5,9292.0,1.73,125.5,2.58,104.1,2.591,0.216
C,9.5,9292.5,1.85,127.0,2.79,99.9,2.591,0.23
C,9.5,9293.0,1.55,137.8,2.93,102.1,2.604,0.208
C,9.5,9293.5,1.29,118.9,2.36,102.6,2.599,0.219
C,9.5,9294.0,1.47,130.7,2.67,100.8,2.594,0.209
C,9.5,9294.5,1.44,125.4,2.67,101.6,2.603,0.219
C,9.5,9295.0,1.7,126.2,2.73,102.4,2.601,0.191
C,9.5,9295.5,1.17,110.9,3.14,97.1,2.608,0.196
C,9.5,9296.0,1.49,124.9,2.61,101.8,2.615,0.22
C,9.5,9296.5,1.76,124.9,2.96,102.4,2.593,0.192
C,9.5,9297.0,1.54,125.3,2.56,103.2,2.602,0.194
C,9.5,9297.5,1.66,127.9,2.91,100.3,2.605,0.179
C,9.5,9298.0,1.27,132.2,2.77,101.3,2.607,0.214
C,9.5,9298.5,1.26,117.6,2.46,98.7,2.627,0.183
C,9.5,9299.0,1.71,121.4,2.81,100.4,2.591,0.194
C,9.5,9299.5,1.5,118.0,2.52,100.9,2.597,0.208
D,10.5,9000.0,1.46,124.8,2.54,101.9,2.622,0.193
D,10.5,9000.5,0.99,121.4,2.64,98.6,2.62,0.201
D,10.5,9001.0,1.29,126.9,3.0,99.0,2.624,0.188
D,10.5,9001.5,1.33,126.0,2.89,101.1,2.627,0.212
D,10.5,9002.0,1.16,124.4,2.93,99.9,2.608,0.199
D,10.5,9002.5,1.24,130.3,2.77,101.3,2.602,0.23
D,10.5,9003.0,1.25,132.1,2.69,102.3,2.603,0.216
D,10.5,9003.5,1.01,132.5,2.54,102.3,2.597,0.202
D,10.5,9004.0,1.05,106.3,2.65,98.2,2.622,0.187
D,10.5,9004.5,1.24,115.5,3.03,99.5,2.634,0.186
D,10.5,9005.0,1.23,121.5,2.72,103.5,2.6,0.205
D,10.5,9005.5,1.1,124.9,2.67,100.9,2.637,0.178
D,10.5,9006.0,1.09,133.6,2.85,101.6,2.612,0.225
D,10.5,9006.5,1.2,112.8,2.76,100.6,2.641,0.196
D,10.5,9007.0,1.34,140.0,3.2,101.1,2.597,0.235
D,10.5,9007.5,1.2,127.9,2.61,102.5,2.611,0.207
D,10.5,9008.0,1.46,136.1,2.75,102.4,2.593,0.205
D,10.5,9008.5,1.11,121.6,2.8,98.7,2.613,0.205
D,10.5,9009.0,1.24,129.6,2.93,99.9,2.632,0.197
D,10.5,9009.5,1.16,121.2,2.59,98.5,2.625,0.193
D,10.5,9010.0,1.3,109.5,3.22,100.3,2.632,0.168
D,10.5,9010.5,1.1,127.1,3.18,101.9,2.599,0.209
D,10.5,9011.0,1.51,132.3,2.91,102.3,2.611,0.214
D,10.5,9011.5,0.96,115.8,2.96,98.7,2.615,0.177
D,10.5,9012.0,1.47,135.1,2.51,101.6,2.586,0.21
D,10.5,9012.5,1.23,118.8,3.09,97.0,2.622,0.185
D,10.5,9013.0,1.3,111.2,2.7,97.0,2.624,0.176
D,10.5,9013.5,1.42,124.0,3.23,101.0,2.606,0.226
D,10.5,9014.0,1.35,115.5,2.71,98.3,2.626,0.18
D,10.5,9014.5,1.11,120.3,2.72,99.8,2.632,0.186
D,10.5,9015.0,1.31,114.1,2.71,101.6,2.63,0.227
D,10.5,9015.5,1.5,123.5,3.0,101.4,2.591,0.2
D,10.5,9016.0,1.09,113.8,3.15,102.0,2.636,0.202
D,10.5,9016.5,1.54,125.7,3.06,101.0,2.626,0.203
D,10.5,9017.0,1.28,130.9,3.4,100.6,2.608,0.2
D,10.5,9017.5,1.16,110.8,2.69,98.9,2.602,0.186
D,10.5,9018.0,1.09,124.5,3.07,101.0,2.604,0.206
D,10.5,9018.5,1.2,128.0,2.46,98.5,2.618,0.181
D,10.5,9019.0,0.94,132.1,2.55,100.4,2.645,0.221
D,10.5,9019.5,1.17,114.4,2.66,96.4,2.625,0.188
D,10.5,9020.0,1.19,123.4,3.17,98.4,2.612,0.193
D,10.5,9020.5,1.07,105.9,2.75,99.4,2.619,0.181
D,10.5,9021.0,1.35,111.5,2.47,97.3,2.6,0.199
D,10.5,9021.5,1.2,121.1,2.53,101.5,2.628,0.184
D,10.5,9022.0,1.14,119.5,2.55,99.7,2.621,0.212
D,10.5,9022.5,1.19,131.6,3.01,100.0,2.639,0.203
D,10.5,9023.0,1.29,120.4,3.07,99.5,2.621,0.195
D,10.5,9023.5,1.25,120.3,2.78,101.9,2.628,0.177
D,10.5,9024.0,1.14,120.1,2.64,101.1,2.618,0.18
D,10.5,9024.5,1.26,126.9,3.02,101.1,2.598,0.22
D,10.5,9025.0,1.24,125.3,2.59,101.0,2.603,0.228
D,10.5,9025.5,1.08,109.3,2.81,97.5,2.61,0.174
D,10.5,9026.0,1.21,119.0,2.9,99.4,2.631,0.19
D,10.5,9026.5,1.34,126.0,2.85,100.1,2.607,0.204
D,10.5,9027.0,1.34,122.3,3.01,100.7,2.623,0.21
D,10.5,9027.5,1.22,119.4,2.84,101.1,2.623,0.204
D,10.5,9028.0,1.36,131.8,3.05,101.1,2.606,0.221
D,10.5,9028.5,1.11,118.8,2.46,97.4,2.611,0.181
D,10.5,9029.0,1.12,120.8,2.88,99.1,2.619,0.215
D,10.5,9029.5,1.22,124.4,3.07,100.6,2.612,0.208
D,10.5,9030.0,1.49,115.1,3.12,99.1,2.623,0.185
D,10.5,9030.5,1.29,120.3,3.02,100.1,2.608,0.179
D,10.5,9031.0,1.23,114.3,2.8,97.5,2.626,0.181
D,10.5,9031.5,1.5,132.5,3.28,102.2,2.626,0.212
D,10.5,9032.0,1.23,124.6,2.84,98.6,2.621,0.206
D,10.5,9032.5,1.61,127.3,2.87,100.6,2.617,0.185
D,10.5,9033.0,1.2,119.9,3.0,98.2,2.63,0.182
D,10.5,9033.5,1.13,121.6,2.41,102.2,2.641,0.213
D,10.5,9034.0,1.26,121.5,2.92,100.7,2.619,0.183
D,10.5,9034.5,1.25,131.4,2.76,102.6,2.624,0.193
D,10.5,9035.0,1.17,121.6,2.68,100.8,2.617,0.219
D,10.5,9035.5,1.68,118.6,3.26,103.1,2.594,0.198
D,10.5,9036.0,1.34,129.6,2.76,100.5,2.597,0.189
D,10.5,9036.5,1.37,137.0,3.06,103.6,2.616,0.23
D,10.5,9037.0,1.23,135.4,2.84,102.8,2.599,0.222
D,10.5,9037.5,1.22,122.0,2.68,100.9,2.627,0.168
D,10.5,9038.0,1.46,123.0,3.36,101.3,2.615,0.196
D,10.5,9038.5,1.06,114.5,2.74,96.5,2.644,0.159
D,10.5,9039.0,1.14,118.8,2.9,100.7,2.608,0.193
D,10.5,9039.5,1.28,124.2,3.21,102.6,2.601,0.209
D,10.5,9040.0,1.52,119.8,3.44,102.6,2.612,0.194
D,10.5,9040.5,1.27,105.5,3.0,98.4,2.616,0.182
D,10.5,9041.0,1.39,124.0,2.89,99.0,2.6,0.184
D,10.5,9041.5,1.34,123.8,2.6,100.1,2.633,0.196
D,10.5,9042.0,1.53,131.4,3.13,102.5,2.596,0.187
D,10.5,9042.5,1.1,126.7,2.98,99.4,2.605,0.2
D,10.5,9043.0,1.46,129.9,3.1,102.4,2.604,0.212
D,10.5,9043.5,1.32,127.0,2.2,102.4,2.623,0.215
D,10.5,9044.0,1.49,125.1,3.27,101.2,2.578,0.207
D,10.5,9044.5,1.24,128.1,3.05,103.1,2.626,0.2
D,10.5,9045.0,1.37,120.2,2.87,97.3,2.608,0.174
D,10.5,9045.5,1.35,119.3,3.17,101.8,2.619,0.195
D,10.5,9046.0,1.22,118.5,2.97,100.5,2.608,0.202
D,10.5,9046.5,1.19,122.5,2.65,98.9,2.636,0.209
D,10.5,9047.0,1.3,135.0,3.19,104.5,2.606,0.199
D,10.5,9047.5,1.41,123.1,2.69,102.3,2.6,0.196
D,10.5,9048.0,1.28,121.7,2.86,99.7,2.611,0.191
D,10.5,9048.5,1.35,115.5,2.89,98.1,2.619,0.172
D,10.5,9049.0,1.12,124.9,2.57,99.1,2.617,0.208
D,10.5,9049.5,1.36,125.2,3.0,103.5,2.617,0.206
D,10.5,9050.0,1.57,146.4,3.46,103.8,2.59,0.243
D,10.5,9050.5,1.53,135.2,3.4,99.7,2.59,0.208
D,10.5,9051.0,1.42,141.4,3.16,103.8,2.595,0.216
D,10.5,9051.5,1.47,139.9,2.65,100.5,2.61,0.213
D,10.5,9052.0,1.32,117.3,2.61,98.9,2.607,0.174
D,10.5,9052.5,1.69,124.7,3.27,104.1,2.605,0.209
D,10.5,9053.0,1.77,136.4,3.28,104.3,2.592,0.21
D,10.5,9053.5,1.49,132.2,2.92,101.2,2.603,0.218
D,10.5,9054.0,1.86,141.8,3.94,104.3,2.602,0.227
D,10.5,9054.5,1.38,137.5,2.97,101.7,2.584,0.227
D,10.5,9055.0,1.3,116.7,3.01,101.6,2.6,0.209
D,10.5,9055.5,1.39,134.1,3.2,100.6,2.623,0.197
D,10.5,9056.0,1.47,125.1,3.04,100.1,2.631,0.184
D,10.5,9056.5,1.86,126.5,4.15,102.7,2.619,0.216
D,10.5,9057.0,1.47,133.8,2.81,101.2,2.604,0.23
D,10.5,9057.5,1.4,120.2,2.82,101.1,2.62,0.19
D,10.5,9058.0,1.4,131.2,2.75,102.7,2.616,0.207
D,10.5,9058.5,1.71,137.5,3.67,101.8,2.612,0.21
D,10.5,9059.0,1.7,128.8,3.45,100.3,2.605,0.197
D,10.5,9059.5,1.49,121.0,2.91,101.6,2.616,0.227
D,10.5,9060.0,1.29,125.0,2.68,103.5,2.617,0.217
D,10.5,9060.5,1.41,130.2,3.32,102.4,2.605,0.236
D,10.5,9061.0,1.85,139.5,3.47,103.6,2.579,0.219
D,10.5,9061.5,1.7,145.1,3.62,104.1,2.588,0.229
D,10.5,9062.0,1.62,125.3,3.14,102.4,2.593,0.217
D,10.5,9062.5,1.9,123.7,3.56,101.5,2.582,0.19
D,10.5,9063.0,1.92,135.3,3.52,106.0,2.566,0.217
D,10.5,9063.5,1.63,127.0,3.02,102.7,2.596,0.216
D,10.5,9064.0,1.65,133.1,3.15,103.5,2.596,0.21
D,10.5,9064.5,1.57,124.4,2.83,102.2,2.606,0.21
D,10.5,9065.0,1.63,136.1,3.29,103.9,2.605,0.231
D,10.5,9065.5,1.46,140.6,3.21,105.0,2.602,0.23
D,10.5,9066.0,1.47,140.4,3.28,104.6,2.597,0.227
D,10.5,9066.5,1.45,132.1,3.17,106.4,2.587,0.263
D,10.5,9067.0,1.88,151.4,3.36,107.0,2.593,0.24
D,10.5,9067.5,1.49,128.3,3.45,99.5,2.61,0.177
D,10.5,9068.0,2.03,140.4,3.81,104.4,2.583,0.202
D,10.5,9068.5,1.64,123.5,3.55,102.0,2.603,0.208
D,10.5,9069.0,2.03,137.6,3.98,107.4,2.573,0.214
D,10.5,9069.5,1.72,125.9,3.22,101.4,2.591,0.2
D,10.5,9070.0,1.56,123.9,3.2,102.7,2.596,0.219
D,10.5,9070.5,2.0,137.0,3.74,103.4,2.583,0.214
D,10.5,9071.0,2.03,144.5,3.23,105.5,2.59,0.223
D,10.5,9071.5,1.7,133.1,2.95,101.4,2.606,0.208
D,10.5,9072.0,1.8,126.7,2.99,102.9,2.616,0.194
D,10.5,9072.5,1.72,133.9,3.22,101.5,2.609,0.201
D,10.5,9073.0,1.86,141.2,3.29,105.9,2.609,0.218
D,10.5,9073.5,1.9,133.3,3.05,104.2,2.595,0.223
D,10.5,9074.0,1.85,135.7,3.41,103.2,2.6,0.21
D,10.5,9074.5,1.65,124.5,3.16,103.2,2.6,0.182
D,10.5,9075.0,1.85,141.0,3.7,104.2,2.597,0.217
D,10.5,9075.5,2.05,136.9,4.19,104.3,2.578,0.208
D,10.5,9076.0,1.93,134.5,3.58,103.1,2.574,0.215
D,10.5,9076.5,1.93,131.7,3.26,102.7,2.613,0.189
D,10.5,9077.0,1.86,124.7,3.56,105.0,2.581,0.193
D,10.5,9077.5,1.92,136.5,3.44,103.2,2.597,0.194
D,10.5,9078.0,2.24,141.2,3.69,104.4,2.567,0.215
D,10.5,9078.5,1.87,127.9,3.17,104.9,2.608,0.206
D,10.5,9079.0,2.17,142.1,3.56,104.9,2.594,0.243
D,10.5,9079.5,2.09,139.3,3.55,102.5,2.59,0.218
D,10.5,9080.0,2.13,155.5,3.89,106.1,2.587,0.246
D,10.5,9080.5,2.01,124.1,3.67,101.2,2.592,0.206
D,10.5,9081.0,2.08,145.9,4.16,102.6,2.609,0.227
D,10.5,9081.5,2.15,140.4,3.87,104.6,2.589,0.215
D,10.5,9082.0,2.09,131.1,3.73,103.6,2.576,0.229
D,10.5,9082.5,2.24,138.3,3.67,106.7,2.578,0.221
D,10.5,9083.0,2.27,139.7,3.5,106.9,2.571,0.232
D,10.5,9083.5,2.55,136.5,3.92,107.3,2.563,0.23
D,10.5,9084.0,2.29,151.0,3.6,105.7,2.55,0.24
D,10.5,9084.5,1.98,136.0,2.85,103.1,2.6,0.205
D,10.5,9085.0,2.46,131.1,3.69,106.9,2.557,0.206
D,10.5,9085.5,2.27,142.9,4.31,107.2,2.54,0.245
D,10.5,9086.0,2.62,153.5,4.32,108.1,2.556,0.236
D,10.5,9086.5,2.56,146.8,4.0,105.5,2.555,0.239
D,10.5,9087.0,2.29,150.6,3.94,107.8,2.561,0.231
D,10.5,9087.5,2.49,133.6,3.45,106.4,2.54,0.194
D,10.5,9088.0,2.31,141.6,3.93,106.5,2.562,0.235
D,10.5,9088.5,2.42,146.2,4.39,106.1,2.565,0.236
D,10.5,9089.0,2.55,128.7,4.06,105.5,2.562,0.205
D,10.5,9089.5,2.63,151.8,3.65,108.7,2.559,0.267
D,10.5,9090.0,2.62,150.4,4.05,106.4,2.581,0.231
D,10.5,9090.5,2.52,138.6,4.51,104.8,2.584,0.193
D,10.5,9091.0,2.9,157.3,4.63,108.5,2.566,0.224
D,10.5,9091.5,2.5,141.4,3.61,106.5,2.586,0.214
D,10.5,9092.0,2.33,134.6,4.67,106.9,2.558,0.238
D,10.5,9092.5,2.38,140.3,3.54,105.0,2.577,0.208
D,10.5,9093.0,2.84,150.9,4.37,106.2,2.572,0.219
D,10.5,9093.5,2.63,159.4,3.87,107.3,2.554,0.244
D,10.5,9094.0,2.69,156.1,3.93,107.4,2.55,0.208
D,10.5,9094.5,2.61,138.4,4.02,107.7,2.576,0.211
D,10.5,9095.0,2.64,136.7,4.43,108.7,2.548,0.224
D,10.5,9095.5,2.62,145.8,4.64,107.9,2.551,0.231
D,10.5,9096.0,2.83,144.7,4.31,107.0,2.552,0.225
D,10.5,9096.5,2.77,151.6,4.02,105.0,2.568,0.213
D,10.5,9097.0,2.87,148.1,4.67,107.7,2.56,0.211
D,10.5,9097.5,2.88,141.8,4.69,105.4,2.574,0.19
D,10.5,9098.0,2.79,135.1,4.48,106.8,2.558,0.204
D,10.5,9098.5,2.66,146.6,4.33,104.7,2.552,0.228
D,10.5,9099.0,2.67,137.1,4.21,105.0,2.579,0.205
D,10.5,9099.5,3.38,145.0,5.23,107.4,2.534,0.207
D,10.5,9100.0,3.17,136.6,4.82,106.8,2.547,0.21
D,10.5,9100.5,3.17,149.3,5.33,107.7,2.532,0.188
D,10.5,9101.0,2.9,140.2,5.41,109.0,2.559,0.216
D,10.5,9101.5,3.02,155.2,4.76,107.6,2.572,0.219
D,10.5,9102.0,2.92,135.8,4.56,108.1,2.545,0.223
D,10.5,9102.5,2.87,136.5,4.59,105.1,2.576,0.219
D,10.5,9103.0,3.01,149.3,4.43,107.4,2.555,0.209
D,10.5,9103.5,3.32,153.6,5.42,110.6,2.52,0.219
D,10.5,9104.0,3.27,144.2,5.21,109.1,2.534,0.213
D,10.5,9104.5,3.02,153.6,4.54,107.9,2.538,0.222
D,10.5,9105.0,3.15,154.2,5.22,108.8,2.541,0.254
D,10.5,9105.5,3.33,149.4,5.13,110.0,2.549,0.227
D,10.5,9106.0,3.16,137.2,4.51,105.2,2.578,0.209
D,10.5,9106.5,3.28,147.0,5.19,106.9,2.53,0.21
D,10.5,9107.0,3.35,148.4,5.25,109.7,2.536,0.221
D,10.5,9107.5,3.38,160.5,5.6,107.9,2.533,0.22
D,10.5,9108.0,3.38,145.8,5.55,106.4,2.53,0.205
D,10.5,9108.5,3.27,148.9,4.99,110.4,2.546,0.219
D,10.5,9109.0,3.31,159.9,4.9,109.8,2.534,0.244
D,10.5,9109.5,3.25,156.6,5.0,107.8,2.526,0.21
D,10.5,9110.0,3.21,141.2,5.09,107.6,2.547,0.22
D,10.5,9110.5,3.45,148.2,5.5,107.8,2.53,0.198
D,10.5,9111.0,3.62,159.8,5.68,110.2,2.528,0.242
D,10.5,9111.5,3.31,147.8,5.05,110.5,2.556,0.234
D,10.5,9112.0,3.58,154.2,5.95,110.8,2.537,0.232
D,10.5,9112.5,3.69,164.0,5.36,112.8,2.527,0.233
D,10.5,9113.0,3.32,144.3,6.22,107.6,2.539,0.216
D,10.5,9113.5,3.58,154.1,5.83,112.1,2.537,0.215
D,10.5,9114.0,3.89,175.4,5.47,110.5,2.524,0.248
D,10.5,9114.5,3.75,160.5,5.84,109.3,2.532,0.244
D,10.5,9115.0,3.41,133.9,5.57,109.1,2.548,0.182
D,10.5,9115.5,3.81,155.4,5.7,111.8,2.527,0.253
D,10.5,9116.0,3.63,150.6,4.94,109.9,2.52,0.216
D,10.5,9116.5,3.87,160.7,5.48,112.4,2.512,0.241
D,10.5,9117.0,3.68,158.3,5.9,111.3,2.538,0.222
D,10.5,9117.5,3.8,150.4,5.08,109.5,2.544,0.216
D,10.5,9118.0,3.75,166.5,5.13,109.7,2.529,0.227
D,10.5,9118.5,3.86,159.0,6.2,112.2,2.542,0.225
D,10.5,9119.0,3.8,153.1,5.73,111.9,2.532,0.224
D,10.5,9119.5,3.87,166.7,5.64,113.3,2.519,0.231
D,10.5,9120.0,3.75,170.0,5.54,114.1,2.508,0.247
D,10.5,9120.5,4.02,163.5,5.53,112.5,2.535,0.235
D,10.5,9121.0,4.0,158.9,6.42,110.1,2.529,0.228
D,10.5,9121.5,3.75,165.2,5.4,113.8,2.546,0.232
D,10.5,9122.0,4.16,172.1,6.2,113.2,2.531,0.249
D,10.5,9122.5,4.01,154.4,6.37,113.0,2.5,0.235
D,10.5,9123.0,4.08,165.1,6.2,111.9,2.501,0.236
D,10.5,9123.5,4.19,169.4,6.17,112.4,2.477,0.243
D,10.5,9124.0,4.15,170.7,5.5,113.4,2.525,0.241
D,10.5,9124.5,4.3,160.8,6.92,113.2,2.517,0.232
D,10.5,9125.0,4.1,173.2,6.4,114.8,2.509,0.26
D,10.5,9125.5,4.32,162.4,6.49,111.3,2.497,0.222
D,10.5,9126.0,4.2,169.2,6.02,113.4,2.507,0.228
D,10.5,9126.5,4.28,164.3,6.69,111.8,2.513,0.229
D,10.5,9127.0,4.28,157.5,6.96,111.2,2.525,0.211
D,10.5,9127.5,4.43,166.7,7.03,113.2,2.509,0.222
D,10.5,9128.0,4.37,166.8,7.82,115.0,2.517,0.222
D,10.5,9128.5,4.21,172.5,6.94,112.9,2.508,0.24
D,10.5,9129.0,4.2,160.2,6.49,110.1,2.526,0.222
D,10.5,9129.5,4.31,159.3,7.15,113.7,2.52,0.214
D,10.5,9130.0,4.22,168.9,6.6,114.6,2.491,0.266
D,10.5,9130.5,4.19,166.0,6.55,113.5,2.525,0.23
D,10.5,9131.0,4.05,161.2,6.95,113.0,2.526,0.248
D,10.5,9131.5,4.15,164.4,6.0,111.5,2.518,0.224
D,10.5,9132.0,4.7,173.1,7.54,117.1,2.498,0.231
D,10.5,9132.5,4.32,168.3,7.44,113.9,2.525,0.241
D,10.5,9133.0,4.72,168.5,7.76,112.2,2.477,0.223
D,10.5,9133.5,4.51,171.2,6.92,114.5,2.515,0.245
D,10.5,9134.0,4.45,174.0,6.13,115.1,2.498,0.249
D,10.5,9134.5,4.25,156.0,5.53,111.8,2.529,0.226
D,10.5,9135.0,4.49,163.3,8.38,113.0,2.502,0.25
D,10.5,9135.5,4.79,170.2,7.91,113.6,2.478,0.223
D,10.5,9136.0,4.75,180.6,7.29,113.8,2.487,0.236
D,10.5,9136.5,4.57,165.9,7.47,116.6,2.509,0.249
D,10.5,9137.0,4.37,176.6,6.36,114.7,2.498,0.261
D,10.5,9137.5,4.41,169.6,6.76,110.9,2.5,0.246
D,10.5,9138.0,4.44,154.9,6.49,114.0,2.497,0.245
D,10.5,9138.5,4.77,171.5,6.86,114.7,2.502,0.243
D,10.5,9139.0,4.83,173.1,6.61,114.2,2.513,0.26
D,10.5,9139.5,4.63,167.1,6.49,112.9,2.473,0.236
D,10.5,9140.0,4.56,166.3,7.86,113.0,2.533,0.236
D,10.5,9140.5,4.85,174.5,7.26,117.6,2.488,0.254
D,10.5,9141.0,4.48,169.4,7.39,114.8,2.507,0.235
D,10.5,9141.5,4.64,165.3,8.0,114.4,2.494,0.231
D,10.5,9142.0,4.71,176.7,7.57,116.7,2.487,0.242
D,10.5,9142.5,4.52,173.2,6.99,115.7,2.498,0.248
D,10.5,9143.0,4.56,172.7,7.32,113.2,2.489,0.231
D,10.5,9143.5,4.56,170.9,7.0,115.5,2.483,0.267
D,10.5,9144.0,4.89,168.6,8.74,117.7,2.499,0.262
D,10.5,9144.5,4.97,182.3,9.43,117.9,2.465,0.237
D,10.5,9145.0,4.7,174.2,8.46,114.1,2.496,0.27
D,10.5,9145.5,4.65,170.7,6.25,114.8,2.49,0.246
D,10.5,9146.0,4.6,174.3,7.08,116.4,2.482,0.254
D,10.5,9146.5,4.7,175.6,7.53,117.7,2.515,0.232
D,10.5,9147.0,4.62,168.4,7.64,116.8,2.485,0.235
D,10.5,9147.5,4.69,166.6,6.54,112.4,2.487,0.233
D,10.5,9148.0,4.77,172.7,6.68,117.7,2.485,0.256
D,10.5,9148.5,4.65,170.1,8.24,114.9,2.486,0.243
D,10.5,9149.0,4.68,166.6,7.17,117.3,2.489,0.259
D,10.5,9149.5,4.69,182.2,6.66,116.8,2.492,0.239
D,10.5,9150.0,4.67,171.3,6.83,113.5,2.497,0.242
D,10.5,9150.5,4.65,182.0,7.66,116.9,2.488,0.274
D,10.5,9151.0,4.83,179.7,7.32,117.4,2.478,0.263
D,10.5,9151.5,4.45,174.6,7.16,114.6,2.507,0.246
D,10.5,9152.0,4.95,177.5,7.48,116.1,2.482,0.266
D,10.5,9152.5,4.74,185.2,6.61,115.4,2.477,0.257
D,10.5,9153.0,4.8,168.0,8.69,116.1,2.508,0.232
D,10.5,9153.5,4.82,169.2,8.04,116.0,2.487,0.265
D,10.5,9154.0,4.6,167.1,7.13,112.9,2.513,0.239
D,10.5,9154.5,4.57,173.3,6.96,115.3,2.508,0.254
D,10.5,9155.0,4.55,177.3,8.11,114.6,2.514,0.24
D,10.5,9155.5,4.66,174.2,7.81,114.3,2.503,0.236
D,10.5,9156.0,4.8,170.5,8.49,115.6,2.49,0.248
D,10.5,9156.5,4.6,172.9,6.99,113.2,2.493,0.252
D,10.5,9157.0,4.78,171.1,7.73,116.4,2.49,0.236
D,10.5,9157.5,4.33,159.0,7.0,111.9,2.487,0.207
D,10.5,9158.0,4.62,177.8,7.04,114.4,2.5,0.258
D,10.5,9158.5,4.84,167.7,7.78,111.3,2.497,0.222
D,10.5,9159.0,4.64,171.8,7.06,117.5,2.499,0.25
D,10.5,9159.5,4.53,169.9,7.42,117.2,2.489,0.28
D,10.5,9160.0,4.55,170.9,6.5,115.2,2.505,0.269
D,10.5,9160.5,4.19,177.5,6.82,115.8,2.487,0.28
D,10.5,9161.0,4.48,170.7,7.26,115.8,2.484,0.255
D,10.5,9161.5,4.79,190.7,7.59,117.8,2.451,0.269
D,10.5,9162.0,4.53,170.9,7.44,114.3,2.497,0.243
D,10.5,9162.5,4.54,168.9,6.99,112.3,2.496,0.225
D,10.5,9163.0,4.25,174.8,6.29,114.3,2.496,0.241
D,10.5,9163.5,4.35,184.3,7.12,117.6,2.5,0.281
D,10.5,9164.0,4.76,173.2,8.03,116.4,2.481,0.238
D,10.5,9164.5,4.66,172.9,7.16,116.9,2.477,0.242
D,10.5,9165.0,4.37,178.8,6.54,115.1,2.531,0.259
D,10.5,9165.5,4.46,178.4,6.93,116.1,2.495,0.252
D,10.5,9166.0,4.54,175.9,6.88,117.9,2.484,0.246
D,10.5,9166.5,4.35,176.6,7.71,118.8,2.484,0.285
D,10.5,9167.0,4.22,176.2,6.74,115.2,2.507,0.255
D,10.5,9167.5,4.48,173.6,7.09,114.8,2.492,0.248
D,10.5,9168.0,4.58,167.8,6.76,118.6,2.507,0.245
D,10.5,9168.5,4.57,168.9,7.71,114.4,2.497,0.232
D,10.5,9169.0,4.6,160.1,6.98,114.6,2.518,0.23
D,10.5,9169.5,4.23,168.6,6.26,112.1,2.498,0.243
D,10.5,9170.0,4.46,185.8,7.48,115.2,2.504,0.24
D,10.5,9170.5,4.4,171.1,7.13,113.5,2.512,0.264
D,10.5,9171.0,4.41,156.6,5.68,113.4,2.522,0.225
D,10.5,9171.5,4.38,174.4,6.79,113.6,2.515,0.255
D,10.5,9172.0,4.3,166.8,6.79,116.4,2.5,0.24
D,10.5,9172.5,3.93,168.8,5.9,113.1,2.518,0.247
D,10.5,9173.0,4.55,170.6,7.31,118.1,2.465,0.272
D,10.5,9173.5,4.41,170.7,6.0,112.8,2.5,0.233
D,10.5,9174.0,4.12,158.7,5.1,114.5,2.527,0.253
D,10.5,9174.5,4.4,183.0,6.41,112.0,2.513,0.247
D,10.5,9175.0,4.25,169.3,6.79,113.6,2.507,0.239
D,10.5,9175.5,4.24,178.5,5.12,115.0,2.519,0.275
D,10.5,9176.0,4.18,170.7,6.08,113.8,2.501,0.258
D,10.5,9176.5,4.36,162.9,5.87,112.6,2.498,0.252
D,10.5,9177.0,4.15,173.2,6.32,114.1,2.497,0.272
D,10.5,9177.5,4.09,160.3,7.41,111.1,2.501,0.242
D,10.5,9178.0,4.41,179.3,6.82,113.8,2.509,0.242
D,10.5,9178.5,4.2,169.3,6.49,114.4,2.509,0.262
D,10.5,9179.0,4.19,147.5,6.98,112.9,2.524,0.209
D,10.5,9179.5,4.31,162.1,6.75,114.0,2.501,0.242
D,10.5,9180.0,4.09,167.9,6.23,113.8,2.515,0.263
D,10.5,9180.5,4.11,165.8,6.86,111.4,2.485,0.218
D,10.5,9181.0,4.21,168.6,6.81,113.2,2.512,0.249
D,10.5,9181.5,3.92,168.8,6.18,112.9,2.521,0.24
D,10.5,9182.0,4.17,162.3,6.42,113.5,2.498,0.237
D,10.5,9182.5,4.01,172.7,6.03,112.5,2.51,0.25
D,10.5,9183.0,4.24,165.7,7.12,114.9,2.504,0.246
D,10.5,9183.5,4.18,169.8,6.34,112.6,2.531,0.238
D,10.5,9184.0,4.15,164.9,7.12,112.3,2.498,0.244
D,10.5,9184.5,3.84,169.3,5.43,114.1,2.519,0.253
D,10.5,9185.0,4.05,169.5,7.04,112.8,2.501,0.26
D,10.5,9185.5,3.88,163.3,6.21,110.7,2.516,0.227
D,10.5,9186.0,4.04,154.2,5.79,110.0,2.527,0.22
D,10.5,9186.5,3.69,149.9,5.9,108.3,2.531,0.209
D,10.5,9187.0,3.79,166.3,5.54,110.5,2.526,0.238
D,10.5,9187.5,4.19,168.5,6.54,114.3,2.515,0.245
D,10.5,9188.0,4.06,159.5,6.05,112.3,2.511,0.234
D,10.5,9188.5,3.94,160.7,6.02,113.5,2.529,0.229
D,10.5,9189.0,3.85,163.3,6.39,111.6,2.521,0.219
D,10.5,9189.5,3.81,156.5,6.11,109.8,2.527,0.239
D,10.5,9190.0,4.0,164.9,5.65,110.8,2.52,0.235
D,10.5,9190.5,3.91,168.6,5.53,112.0,2.518,0.257
D,10.5,9191.0,4.18,161.6,6.65,111.0,2.524,0.214
D,10.5,9191.5,3.92,162.2,6.2,111.1,2.524,0.246
D,10.5,9192.0,3.95,158.5,5.77,111.2,2.533,0.204
D,10.5,9192.5,3.72,157.7,6.49,110.6,2.53,0.203
D,10.5,9193.0,3.87,160.2,6.36,113.6,2.512,0.218
D,10.5,9193.5,3.94,173.7,5.78,112.0,2.499,0.241
D,10.5,9194.0,3.85,156.3,5.6,112.6,2.506,0.226
D,10.5,9194.5,3.83,159.1,5.79,112.4,2.549,0.222
D,10.5,9195.0,3.95,166.3,5.93,111.5,2.494,0.222
D,10.5,9195.5,4.12,168.7,7.07,113.1,2.528,0.234
D,10.5,9196.0,3.91,161.3,6.52,112.3,2.515,0.21
D,10.5,9196.5,4.06,175.1,6.3,114.0,2.523,0.263
D,10.5,9197.0,3.98,169.7,6.48,111.4,2.494,0.237
D,10.5,9197.5,4.04,159.8,6.68,111.4,2.514,0.233
D,10.5,9198.0,3.78,155.6,5.84,107.7,2.545,0.227
D,10.5,9198.5,3.84,160.1,6.1,111.7,2.531,0.252
D,10.5,9199.0,3.84,163.0,6.2,111.5,2.516,0.242
D,10.5,9199.5,3.95,158.4,6.34,111.9,2.491,0.241
D,10.5,9200.0,3.99,164.0,5.78,111.5,2.507,0.227
D,10.5,9200.5,3.89,159.5,5.67,110.6,2.536,0.231
D,10.5,9201.0,4.0,164.3,6.03,113.3,2.513,0.235
D,10.5,9201.5,3.78,155.3,5.49,112.4,2.522,0.233
D,10.5,9202.0,4.0,163.4,5.49,111.2,2.523,0.222
D,10.5,9202.5,4.02,156.1,6.56,111.6,2.504,0.225
D,10.5,9203.0,3.97,159.0,6.3,111.1,2.522,0.249
D,10.5,9203.5,3.89,164.5,5.38,113.1,2.515,0.251
D,10.5,9204.0,3.98,164.2,6.02,113.3,2.518,0.257
D,10.5,9204.5,3.74,154.8,5.65,111.1,2.521,0.232
D,10.5,9205.0,3.9,159.4,6.1,111.8,2.505,0.224
D,10.5,9205.5,3.92,151.4,5.54,108.2,2.527,0.175
D,10.5,9206.0,3.68,144.0,5.07,106.9,2.545,0.209
D,10.5,9206.5,3.95,152.7,6.36,112.2,2.528,0.201
D,10.5,9207.0,3.7,150.8,5.02,110.1,2.535,0.192
D,10.5,9207.5,3.82,164.3,5.77,111.0,2.534,0.234
D,10.5,9208.0,3.9,159.8,5.85,110.4,2.526,0.214
D,10.5,9208.5,3.79,149.4,5.76,111.8,2.53,0.215
D,10.5,9209.0,3.91,155.1,6.16,112.2,2.519,0.237
D,10.5,9209.5,3.92,170.6,6.86,111.7,2.53,0.246
D,10.5,9210.0,3.79,164.0,5.12,108.4,2.533,0.216
D,10.5,9210.5,4.0,157.3,6.63,110.5,2.511,0.247
D,10.5,9211.0,3.81,154.6,4.79,110.6,2.508,0.244
D,10.5,9211.5,4.27,170.1,7.46,115.4,2.52,0.247
D,10.5,9212.0,3.92,160.1,5.13,111.2,2.511,0.229
D,10.5,9212.5,3.77,152.8,7.03,109.9,2.529,0.219
D,10.5,9213.0,3.8,150.3,5.66,108.4,2.562,0.191
D,10.5,9213.5,4.13,168.4,7.1,111.3,2.526,0.226
D,10.5,9214.0,3.9,152.0,6.55,111.1,2.543,0.216
D,10.5,9214.5,3.76,165.6,5.58,109.3,2.521,0.225
D,10.5,9215.0,4.1,155.0,6.18,112.6,2.532,0.223
D,10.5,9215.5,3.92,166.1,5.65,112.2,2.519,0.221
D,10.5,9216.0,4.09,169.3,6.74,115.0,2.521,0.217
D,10.5,9216.5,4.14,159.2,6.21,109.9,2.543,0.214
D,10.5,9217.0,4.04,157.0,5.86,113.3,2.517,0.223
D,10.5,9217.5,4.37,178.2,7.16,116.7,2.499,0.251
D,10.5,9218.0,3.76,159.1,5.37,110.8,2.515,0.231
D,10.5,9218.5,3.9,166.5,5.85,111.8,2.53,0.233
D,10.5,9219.0,3.99,154.1,6.22,109.5,2.518,0.202
D,10.5,9219.5,4.38,166.6,6.53,111.5,2.522,0.22
D,10.5,9220.0,4.31,154.5,6.49,112.3,2.492,0.222
D,10.5,9220.5,4.24,159.6,7.49,112.9,2.517,0.231
D,10.5,9221.0,3.94,151.7,5.98,109.3,2.515,0.227
D,10.5,9221.5,3.96,157.3,5.94,113.8,2.532,0.227
D,10.5,9222.0,3.95,150.4,6.0,110.8,2.523,0.231
D,10.5,9222.5,3.96,152.8,6.34,110.9,2.518,0.213
D,10.5,9223.0,4.31,158.6,6.21,112.1,2.505,0.215
D,10.5,9223.5,4.05,174.2,6.49,112.7,2.503,0.257
D,10.5,9224.0,4.08,149.7,6.45,110.2,2.533,0.217
D,10.5,9224.5,4.22,159.1,5.69,113.0,2.498,0.227
D,10.5,9225.0,3.86,166.8,6.85,112.5,2.516,0.248
D,10.5,9225.5,4.12,170.2,7.18,113.1,2.52,0.24
D,10.5,9226.0,3.95,157.3,5.72,111.4,2.542,0.241
D,10.5,9226.5,4.08,166.5,5.77,113.9,2.513,0.245
D,10.5,9227.0,4.04,163.5,6.36,111.0,2.519,0.23
D,10.5,9227.5,4.03,166.1,5.56,112.3,2.521,0.219
D,10.5,9228.0,4.16,160.9,7.22,111.3,2.492,0.221
D,10.5,9228.5,4.17,152.0,6.24,112.0,2.506,0.208
D,10.5,9229.0,4.1,164.6,7.24,112.6,2.511,0.235
D,10.5,9229.5,4.19,151.5,6.11,111.3,2.508,0.236
D,10.5,9230.0,4.01,158.7,6.14,111.8,2.499,0.235
D,10.5,9230.5,4.24,177.8,7.33,113.9,2.516,0.24
D,10.5,9231.0,4.11,178.9,6.21,114.3,2.51,0.244
D,10.5,9231.5,4.07,165.7,6.44,112.3,2.517,0.252
D,10.5,9232.0,4.02,157.7,6.79,112.4,2.505,0.251
D,10.5,9232.5,4.11,159.6,6.09,113.8,2.514,0.244
D,10.5,9233.0,4.42,163.0,6.29,114.5,2.511,0.231
D,10.5,9233.5,4.13,154.2,5.71,112.9,2.518,0.215
D,10.5,9234.0,3.97,163.6,6.41,112.8,2.518,0.244
D,10.5,9234.5,4.27,160.2,6.89,113.1,2.503,0.229
D,10.5,9235.0,4.06,179.1,6.84,111.4,2.511,0.24
D,10.5,9235.5,4.17,169.8,6.34,114.4,2.523,0.24
D,10.5,9236.0,4.03,159.8,5.56,109.6,2.535,0.218
D,10.5,9236.5,4.31,163.8,5.59,112.6,2.521,0.211
D,10.5,9237.0,4.02,165.5,7.83,114.8,2.511,0.258
D,10.5,9237.5,4.32,168.9,7.05,114.3,2.5,0.249
D,10.5,9238.0,3.94,151.7,6.15,110.6,2.516,0.227
D,10.5,9238.5,4.05,161.1,6.41,111.2,2.497,0.229
D,10.5,9239.0,4.3,170.1,5.99,114.5,2.49,0.259
D,10.5,9239.5,4.1,159.5,5.97,111.5,2.512,0.239
D,10.5,9240.0,4.41,176.0,7.98,115.2,2.496,0.26
D,10.5,9240.5,4.02,175.0,6.55,112.7,2.53,0.252
D,10.5,9241.0,4.09,166.8,5.96,112.1,2.536,0.227
D,10.5,9241.5,4.32,174.6,6.14,115.2,2.495,0.252
D,10.5,9242.0,3.8,159.6,5.61,109.2,2.534,0.237
D,10.5,9242.5,3.77,164.9,5.65,112.8,2.519,0.243
D,10.5,9243.0,3.88,170.6,7.05,111.5,2.528,0.216
D,10.5,9243.5,4.11,161.7,6.28,114.4,2.517,0.276
D,10.5,9244.0,3.73,172.9,5.21,111.2,2.537,0.264
D,10.5,9244.5,4.05,159.0,6.24,112.5,2.511,0.233
D,10.5,9245.0,4.03,162.0,6.36,115.6,2.528,0.225
D,10.5,9245.5,4.23,164.1,5.96,113.2,2.487,0.249
D,10.5,9246.0,4.07,159.3,6.51,110.7,2.536,0.214
D,10.5,9246.5,3.95,158.1,6.72,112.0,2.518,0.244
D,10.5,9247.0,4.08,173.6,6.4,113.0,2.505,0.251
D,10.5,9247.5,3.94,158.7,5.71,112.5,2.5,0.242
D,10.5,9248.0,3.78,163.0,5.56,112.0,2.519,0.223
D,10.5,9248.5,3.65,162.0,4.91,109.9,2.544,0.237
D,10.5,9249.0,3.72,161.1,5.65,110.5,2.519,0.22
D,10.5,9249.5,3.78,161.1,5.96,110.8,2.536,0.227
D,10.5,9250.0,3.79,160.9,5.43,111.6,2.529,0.218
D,10.5,9250.5,3.42,155.7,6.14,107.6,2.554,0.23
D,10.5,9251.0,3.69,169.7,6.03,114.0,2.523,0.25
D,10.5,9251.5,3.71,161.4,4.93,110.4,2.518,0.238
D,10.5,9252.0,3.76,164.2,5.01,110.1,2.526,0.223
D,10.5,9252.5,3.9,187.7,5.55,113.8,2.53,0.263
D,10.5,9253.0,3.66,163.5,6.37,112.7,2.536,0.227
D,10.5,9253.5,3.47,159.6,5.72,109.2,2.531,0.245
D,10.5,9254.0,3.31,156.7,5.8,110.0,2.562,0.251
D,10.5,9254.5,3.66,164.7,5.63,113.5,2.537,0.258
D,10.5,9255.0,3.41,149.5,5.14,109.3,2.551,0.222
D,10.5,9255.5,3.64,160.0,5.05,109.6,2.534,0.236
D,10.5,9256.0,3.69,159.6,5.83,112.9,2.533,0.234
D,10.5,9256.5,3.23,170.3,4.89,112.6,2.544,0.261
D,10.5,9257.0,3.52,148.6,5.29,110.4,2.509,0.244
D,10.5,9257.5,3.6,149.8,6.28,109.9,2.536,0.215
D,10.5,9258.0,3.53,160.8,5.36,110.7,2.528,0.247
D,10.5,9258.5,3.04,151.3,5.24,109.7,2.54,0.246
D,10.5,9259.0,3.2,151.7,4.34,108.5,2.538,0.256
D,10.5,9259.5,3.1,146.2,5.95,109.8,2.531,0.229
D,10.5,9260.0,3.35,150.5,4.99,111.6,2.518,0.23
D,10.5,9260.5,3.3,157.3,5.37,109.8,2.554,0.242
D,10.5,9261.0,2.81,152.2,4.73,109.4,2.557,0.236
D,10.5,9261.5,3.14,150.1,4.66,110.4,2.517,0.226
D,10.5,9262.0,3.27,155.7,5.38,112.1,2.534,0.221
D,10.5,9262.5,3.15,154.2,5.21,110.1,2.56,0.235
D,10.5,9263.0,3.12,169.9,4.55,108.8,2.535,0.259
D,10.5,9263.5,3.01,153.6,4.42,108.4,2.564,0.224
D,10.5,9264.0,2.88,156.5,4.52,109.7,2.563,0.245
D,10.5,9264.5,3.01,151.2,4.63,108.0,2.533,0.243
D,10.5,9265.0,2.99,154.5,5.19,110.7,2.548,0.241
D,10.5,9265.5,3.04,147.1,4.99,109.3,2.549,0.204
D,10.5,9266.0,3.03,148.4,4.67,105.6,2.541,0.174
D,10.5,9266.5,2.91,147.0,4.76,109.2,2.531,0.248
D,10.5,9267.0,3.03,151.3,3.99,107.8,2.539,0.223
D,10.5,9267.5,2.78,151.2,4.17,107.6,2.55,0.236
D,10.5,9268.0,2.59,139.7,4.25,105.3,2.573,0.219
D,10.5,9268.5,2.85,140.3,4.88,108.1,2.572,0.228
D,10.5,9269.0,2.77,146.8,4.43,107.5,2.561,0.257
D,10.5,9269.5,2.79,160.9,4.94,106.1,2.56,0.26
D,10.5,9270.0,2.5,137.6,4.34,103.8,2.567,0.233
D,10.5,9270.5,2.93,144.7,4.39,107.6,2.558,0.25
D,10.5,9271.0,2.74,152.7,4.28,106.7,2.557,0.243
D,10.5,9271.5,2.56,146.7,4.25,106.7,2.561,0.222
D,10.5,9272.0,2.43,151.5,3.83,106.5,2.586,0.231
D,10.5,9272.5,2.71,140.2,4.85,105.3,2.535,0.244
D,10.5,9273.0,2.35,147.2,3.55,105.7,2.546,0.236
D,10.5,9273.5,2.83,156.4,4.56,106.7,2.56,0.243
D,10.5,9274.0,2.37,133.8,4.14,105.0,2.57,0.215
D,10.5,9274.5,2.69,145.2,4.17,107.6,2.539,0.25
D,10.5,9275.0,2.38,140.2,3.75,106.8,2.559,0.199
D,10.5,9275.5,2.62,144.6,4.16,105.4,2.554,0.217
D,10.5,9276.0,2.24,144.0,4.02,106.0,2.583,0.234
D,10.5,9276.5,2.33,150.2,3.71,106.0,2.584,0.238
D,10.5,9277.0,2.42,153.4,3.64,107.9,2.587,0.245
D,10.5,9277.5,2.38,126.7,4.29,102.2,2.568,0.168
D,10.5,9278.0,2.42,146.8,4.08,107.4,2.554,0.231
D,10.5,9278.5,2.15,140.5,3.98,103.5,2.563,0.231
D,10.5,9279.0,2.21,138.7,3.97,104.8,2.595,0.239
D,10.5,9279.5,2.36,137.3,4.64,105.4,2.577,0.232
D,10.5,9280.0,2.05,132.4,3.89,102.9,2.585,0.212
D,10.5,9280.5,2.21,135.1,3.52,105.4,2.58,0.211
D,10.5,9281.0,2.07,134.4,3.72,106.0,2.585,0.229
D,10.5,9281.5,2.11,145.3,3.47,104.8,2.564,0.239
D,10.5,9282.0,2.07,132.8,3.46,104.7,2.588,0.222
D,10.5,9282.5,1.92,137.0,3.07,102.4,2.586,0.201
D,10.5,9283.0,1.97,132.7,3.41,102.4,2.572,0.208
D,10.5,9283.5,2.01,135.4,3.69,104.0,2.589,0.232
D,10.5,9284.0,1.95,136.0,3.45,104.0,2.58,0.226
D,10.5,9284.5,2.18,131.2,3.39,103.9,2.584,0.192
D,10.5,9285.0,2.08,143.6,3.18,104.7,2.58,0.23
D,10.5,9285.5,1.95,133.9,4.11,101.7,2.6,0.196
D,10.5,9286.0,1.77,144.6,3.38,103.8,2.591,0.244
D,10.5,9286.5,1.74,133.8,3.06,104.3,2.582,0.222
D,10.5,9287.0,2.14,131.3,3.8,102.0,2.589,0.199
D,10.5,9287.5,1.68,150.2,3.82,104.1,2.594,0.243
D,10.5,9288.0,1.83,113.5,3.52,101.2,2.609,0.185
D,10.5,9288.5,1.85,141.3,2.69,102.6,2.604,0.228
D,10.5,9289.0,1.73,135.0,4.02,102.2,2.593,0.198
D,10.5,9289.5,1.61,141.2,2.71,101.9,2.603,0.228
D,10.5,9290.0,1.62,128.0,3.11,103.3,2.58,0.204
D,10.5,9290.5,1.64,131.9,2.9,101.7,2.603,0.197
D,10.5,9291.0,1.6,125.1,2.96,101.6,2.6,0.217
D,10.5,9291.5,1.89,124.9,3.49,103.7,2.613,0.193
D,10.5,9292.0,1.67,125.4,2.72,101.4,2.6,0.206
D,10.5,9292.5,1.58,123.0,3.1,100.6,2.612,0.189
D,10.5,9293.0,1.66,120.1,3.5,102.9,2.583,0.173
D,10.5,9293.5,1.73,136.2,3.05,104.8,2.593,0.209
D,10.5,9294.0,1.56,125.0,2.78,101.1,2.593,0.21
D,10.5,9294.5,1.74,124.4,3.23,101.2,2.632,0.19
D,10.5,9295.0,1.4,109.3,2.89,100.5,2.609,0.164
D,10.5,9295.5,1.75,131.0,3.12,102.5,2.598,0.21
D,10.5,9296.0,1.56,123.4,2.82,102.7,2.604,0.21
D,10.5,9296.5,1.54,123.9,3.22,103.1,2.583,0.2
D,10.5,9297.0,1.43,126.8,3.14,100.8,2.601,0.192
D,10.5,9297.5,1.34,136.2,2.68,102.6,2.611,0.214
D,10.5,9298.0,1.26,129.2,2.65,101.2,2.612,0.215
D,10.5,9298.5,1.39,139.3,2.99,101.8,2.573,0.234
D,10.5,9299.0,1.58,140.8,2.89,103.3,2.585,0.228
D,10.5,9299.5,1.34,113.0,2.96,98.0,2.632,0.177
E,11.0,9000.0,1.34,136.4,3.24,104.6,2.61,0.227
E,11.0,9000.5,1.03,123.6,3.16,102.2,2.619,0.229
E,11.0,9001.0,1.22,114.7,2.81,100.2,2.631,0.19
E,11.0,9001.5,1.41,123.4,3.01,101.9,2.632,0.209
E,11.0,9002.0,1.02,128.4,2.73,100.7,2.629,0.205
E,11.0,9002.5,1.38,134.9,3.2,101.9,2.612,0.202
E,11.0,9003.0,1.45,136.8,3.22,102.7,2.612,0.206
E,11.0,9003.5,1.18,117.8,3.07,99.1,2.628,0.167
E,11.0,9004.0,1.16,127.6,2.65,99.6,2.616,0.21
E,11.0,9004.5,1.36,115.7,3.21,98.1,2.618,0.176
E,11.0,9005.0,1.18,116.3,2.76,99.2,2.605,0.189
E,11.0,9005.5,0.86,120.5,2.61,98.3,2.633,0.194
E,11.0,9006.0,1.2,112.9,3.37,99.0,2.622,0.187
E,11.0,9006.5,1.28,123.1,2.7,99.0,2.637,0.179
E,11.0,9007.0,1.32,130.7,3.0,101.8,2.622,0.196
E,11.0,9007.5,1.08,122.1,2.56,102.5,2.608,0.204
E,11.0,9008.0,1.17,123.8,2.95,101.9,2.631,0.2
E,11.0,9008.5,1.36,113.4,3.37,100.7,2.588,0.182
E,11.0,9009.0,1.2,113.4,2.99,97.6,2.647,0.175
E,11.0,9009.5,0.99,116.9,2.72,97.6,2.608,0.184
E,11.0,9010.0,1.4,126.2,3.49,100.9,2.621,0.185
E,11.0,9010.5,1.18,122.3,3.01,101.8,2.622,0.209
E,11.0,9011.0,1.38,126.4,3.33,102.9,2.623,0.202
E,11.0,9011.5,1.01,117.9,2.93,99.3,2.622,0.189
E,11.0,9012.0,1.2,125.3,2.34,99.4,2.584,0.215
E,11.0,9012.5,1.29,126.4,3.02,101.4,2.608,0.196
E,11.0,9013.0,1.21,132.8,2.71,101.9,2.61,0.202
E,11.0,9013.5,1.04,131.1,2.62,101.7,2.595,0.189
E,11.0,9014.0,0.86,110.3,2.97,100.1,2.63,0.202
E,11.0,9014.5,1.45,116.4,3.1,101.9,2.597,0.201
E,11.0,9015.0,1.26,121.1,3.49,99.2,2.624,0.194
E,11.0,9015.5,1.4,132.9,2.8,100.2,2.605,0.209
E,11.0,9016.0,1.36,122.2,2.85,100.6,2.638,0.193
E,11.0,9016.5,1.31,134.5,3.25,101.1,2.604,0.21
E,11.0,9017.0,1.18,110.4,2.84,100.9,2.627,0.183
E,11.0,9017.5,1.3,120.7,3.12,98.5,2.611,0.194
E,11.0,9018.0,1.44,112.4,3.16,101.4,2.591,0.22
E,11.0,9018.5,1.24,118.7,2.95,100.0,2.616,0.2
E,11.0,9019.0,1.52,125.0,3.18,103.0,2.607,0.226
E,11.0,9019.5,1.01,122.8,2.81,97.5,2.634,0.201
E,11.0,9020.0,0.99,124.3,2.9,96.2,2.623,0.201
E,11.0,9020.5,1.38,120.9,3.55,99.3,2.597,0.175
E,11.0,9021.0,1.11,112.3,2.82,98.9,2.629,0.192
E,11.0,9021.5,1.54,127.0,3.19,102.5,2.611,0.197
E,11.0,9022.0,1.44,128.1,3.05,98.8,2.624,0.19
E,11.0,9022.5,1.48,125.0,3.62,101.1,2.607,0.19
E,11.0,9023.0,1.37,132.1,3.29,99.6,2.589,0.203
E,11.0,9023.5,1.1,121.9,2.45,101.0,2.624,0.201
E,11.0,9024.0,0.99,113.7,2.36,96.3,2.625,0.203
E,11.0,9024.5,1.47,124.5,3.0,103.5,2.625,0.184
E,11.0,9025.0,1.02,106.9,2.83,98.6,2.626,0.184
E,11.0,9025.5,1.48,133.7,3.22,97.2,2.609,0.173
E,11.0,9026.0,1.35,119.2,3.22,98.7,2.621,0.175
E,11.0,9026.5,1.24,118.2,2.94,97.5,2.616,0.179
E,11.0,9027.0,1.32,116.8,3.42,98.9,2.609,0.191
E,11.0,9027.5,1.32,119.2,3.26,100.8,2.609,0.204
E,11.0,9028.0,1.23,126.3,2.99,98.8,2.608,0.201
E,11.0,9028.5,1.47,117.4,3.52,99.7,2.607,0.207
E,11.0,9029.0,1.47,124.7,2.81,99.3,2.633,0.193
E,11.0,9029.5,1.29,130.4,3.01,102.4,2.622,0.213
E,11.0,9030.0,1.17,116.6,2.95,100.3,2.626,0.179
E,11.0,9030.5,1.46,122.1,3.36,101.0,2.626,0.208
E,11.0,9031.0,0.97,116.7,2.38,98.8,2.616,0.18
E,11.0,9031.5,1.34,118.6,3.01,99.2,2.643,0.216
E,11.0,9032.0,1.38,129.0,3.23,101.0,2.605,0.212
E,11.0,9032.5,1.15,123.7,3.01,100.1,2.643,0.184
E,11.0,9033.0,1.42,128.1,3.48,101.4,2.631,0.2
E,11.0,9033.5,1.28,119.4,3.21,100.7,2.594,0.201
E,11.0,9034.0,1.2,140.3,2.93,102.0,2.628,0.214
E,11.0,9034.5,1.43,118.4,3.35,99.7,2.606,0.205
E,11.0,9035.0,1.13,104.6,2.83,99.5,2.62,0.171
E,11.0,9035.5,1.42,127.4,3.2,101.3,2.613,0.222
E,11.0,9036.0,1.0,119.4,2.94,101.6,2.611,0.199
E,11.0,9036.5,1.34,129.4,3.07,101.2,2.618,0.223
E,11.0,9037.0,1.31,125.3,3.14,102.6,2.603,0.201
E,11.0,9037.5,1.22,112.2,3.2,99.5,2.627,0.159
E,11.0,9038.0,1.37,117.5,3.29,99.2,2.635,0.197
E,11.0,9038.5,1.3,133.8,3.36,101.2,2.612,0.229
E,11.0,9039.0,1.47,133.7,3.87,99.8,2.605,0.198
E,11.0,9039.5,1.4,131.0,3.32,102.5,2.612,0.218
E,11.0,9040.0,1.39,113.9,3.02,99.6,2.6,0.169
E,11.0,9040.5,1.37,120.7,3.24,99.2,2.605,0.17
E,11.0,9041.0,1.26,113.5,3.12,102.1,2.607,0.207
E,11.0,9041.5,1.29,123.2,3.18,100.5,2.623,0.212
E,11.0,9042.0,1.37,133.2,3.51,102.5,2.613,0.212
E,11.0,9042.5,1.32,127.3,2.67,99.5,2.619,0.218
E,11.0,9043.0,1.51,127.7,3.68,102.6,2.606,0.214
E,11.0,9043.5,1.36,125.2,3.6,100.9,2.604,0.194
E,11.0,9044.0,1.41,125.8,3.3,101.5,2.631,0.2
E,11.0,9044.5,1.15,136.3,3.04,102.6,2.604,0.232
E,11.0,9045.0,1.51,137.3,3.19,103.0,2.604,0.222
E,11.0,9045.5,1.28,117.9,3.02,99.5,2.616,0.187
E,11.0,9046.0,1.22,106.8,3.13,101.5,2.626,0.189
E,11.0,9046.5,1.63,132.7,3.55,101.5,2.595,0.178
E,11.0,9047.0,1.49,131.9,3.42,102.8,2.617,0.212
E,11.0,9047.5,1.54,128.3,3.45,101.2,2.621,0.211
E,11.0,9048.0,1.46,126.5,3.44,99.8,2.616,0.213
E,11.0,9048.5,1.39,131.1,3.33,99.7,2.611,0.207
E,11.0,9049.0,1.36,124.5,2.86,101.6,2.605,0.203
E,11.0,9049.5,1.53,140.2,3.5,105.0,2.628,0.216
E,11.0,9050.0,1.59,126.9,3.87,102.1,2.592,0.218
E,11.0,9050.5,1.41,137.4,3.15,104.4,2.612,0.222
E,11.0,9051.0,1.74,133.2,3.95,104.7,2.594,0.221
E,11.0,9051.5,1.41,132.7,2.92,101.0,2.605,0.226
E,11.0,9052.0,1.23,112.3,2.97,99.6,2.624,0.191
E,11.0,9052.5,1.19,121.3,2.79,100.8,2.609,0.207
E,11.0,9053.0,1.2,126.8,3.29,99.5,2.622,0.206
E,11.0,9053.5,1.4,122.9,3.58,102.1,2.611,0.196
E,11.0,9054.0,1.44,127.6,3.15,100.7,2.643,0.194
E,11.0,9054.5,1.58,134.6,3.66,102.3,2.611,0.232
E,11.0,9055.0,1.48,125.6,3.68,102.6,2.607,0.214
E,11.0,9055.5,1.62,143.6,3.36,105.3,2.602,0.215
E,11.0,9056.0,1.51,129.4,3.29,103.3,2.627,0.206
E,11.0,9056.5,1.51,126.7,3.45,101.3,2.596,0.198
E,11.0,9057.0,1.43,135.5,2.96,102.2,2.602,0.22
E,11.0,9057.5,1.74,149.1,3.53,103.0,2.565,0.22
E,11.0,9058.0,1.3,128.5,3.61,103.4,2.617,0.183
E,11.0,9058.5,1.59,136.4,3.21,104.1,2.609,0.226
E,11.0,9059.0,1.52,131.1,3.5,102.9,2.591,0.197
E,11.0,9059.5,1.68,128.5,3.58,99.7,2.616,0.201
E,11.0,9060.0,1.57,126.3,3.27,103.1,2.59,0.198
E,11.0,9060.5,1.58,131.9,3.39,102.2,2.597,0.221
E,11.0,9061.0,1.55,139.8,3.79,103.6,2.601,0.22
E,11.0,9061.5,1.81,140.0,3.74,103.4,2.609,0.224
E,11.0,9062.0,1.61,128.3,3.55,102.7,2.588,0.22
E,11.0,9062.5,1.91,144.4,4.21,105.2,2.59,0.203
E,11.0,9063.0,1.67,127.3,3.35,101.2,2.61,0.194
E,11.0,9063.5,1.64,117.7,3.12,101.2,2.608,0.198
E,11.0,9064.0,1.63,137.3,3.89,103.0,2.606,0.206
E,11.0,9064.5,1.74,129.3,3.55,104.9,2.603,0.212
E,11.0,9065.0,1.58,138.3,3.58,103.1,2.595,0.21
E,11.0,9065.5,1.7,140.5,3.26,104.6,2.615,0.228
E,11.0,9066.0,1.69,136.8,3.56,104.0,2.591,0.211
E,11.0,9066.5,1.75,142.4,3.22,106.3,2.586,0.23
E,11.0,9067.0,1.77,153.5,3.56,102.7,2.604,0.24
E,11.0,9067.5,1.79,133.6,3.38,104.7,2.59,0.191
E,11.0,9068.0,1.75,130.1,3.28,104.8,2.602,0.2
E,11.0,9068.5,1.99,150.8,3.71,104.6,2.578,0.22
E,11.0,9069.0,1.83,136.5,3.0,104.8,2.621,0.218
E,11.0,9069.5,2.17,142.1,3.67,104.8,2.608,0.225
E,11.0,9070.0,1.8,127.8,3.8,102.8,2.593,0.211
E,11.0,9070.5,1.95,127.4,3.85,103.2,2.594,0.212
E,11.0,9071.0,1.71,134.8,3.18,103.6,2.593,0.21
E,11.0,9071.5,2.04,132.4,4.04,104.0,2.585,0.206
E,11.0,9072.0,1.74,147.3,3.27,106.1,2.586,0.245
E,11.0,9072.5,1.93,130.0,3.95,106.5,2.587,0.208
E,11.0,9073.0,1.83,144.0,3.58,104.8,2.568,0.235
E,11.0,9073.5,1.96,130.4,3.66,101.9,2.592,0.224
E,11.0,9074.0,1.87,141.9,3.63,106.4,2.587,0.218
E,11.0,9074.5,1.8,140.3,4.38,102.2,2.595,0.21
E,11.0,9075.0,1.89,138.5,3.46,104.1,2.584,0.22
E,11.0,9075.5,2.18,134.6,4.11,105.3,2.575,0.202
E,11.0,9076.0,2.03,153.5,4.1,106.5,2.588,0.258
E,11.0,9076.5,1.79,132.0,3.29,100.3,2.605,0.194
E,11.0,9077.0,2.16,145.4,3.53,105.0,2.593,0.223
E,11.0,9077.5,1.88,144.0,3.49,102.2,2.595,0.207
E,11.0,9078.0,2.14,135.2,4.24,104.7,2.582,0.204
E,11.0,9078.5,2.13,145.7,3.87,108.2,2.58,0.236
E,11.0,9079.0,2.16,143.7,3.93,105.3,2.549,0.256
E,11.0,9079.5,2.36,132.1,4.6,105.0,2.606,0.185
E,11.0,9080.0,1.97,141.8,3.54,105.5,2.589,0.204
E,11.0,9080.5,2.21,150.7,4.04,105.0,2.602,0.234
E,11.0,9081.0,2.32,144.1,3.75,103.7,2.562,0.226
E,11.0,9081.5,2.05,151.4,3.98,104.7,2.564,0.234
E,11.0,9082.0,2.06,143.3,3.95,105.0,2.583,0.239
E,11.0,9082.5,2.14,136.6,4.25,107.0,2.584,0.223
E,11.0,9083.0,2.25,145.1,3.77,107.3,2.572,0.247
E,11.0,9083.5,2.01,139.2,3.77,104.0,2.584,0.214
E,11.0,9084.0,2.33,133.5,3.82,105.4,2.568,0.2
E,11.0,9084.5,2.05,145.0,3.8,102.3,2.568,0.203
E,11.0,9085.0,2.48,151.7,5.0,108.0,2.568,0.226
E,11.0,9085.5,2.38,137.8,4.2,103.8,2.561,0.214
E,11.0,9086.0,2.61,151.8,4.16,105.3,2.55,0.2
E,11.0,9086.5,2.44,135.1,4.16,106.2,2.567,0.213
E,11.0,9087.0,2.32,142.0,3.71,107.9,2.579,0.222
E,11.0,9087.5,2.26,149.2,3.74,107.6,2.602,0.215
E,11.0,9088.0,2.44,135.4,4.63,103.4,2.588,0.208
E,11.0,9088.5,2.42,159.9,3.89,106.2,2.584,0.23
E,11.0,9089.0,2.62,146.9,4.78,106.9,2.574,0.21
E,11.0,9089.5,2.33,156.9,4.24,108.7,2.571,0.255
E,11.0,9090.0,2.79,155.2,4.71,105.0,2.588,0.224
E,11.0,9090.5,2.7,151.8,4.86,108.2,2.541,0.251
E,11.0,9091.0,2.5,143.4,4.15,106.1,2.562,0.224
E,11.0,9091.5,2.82,152.9,5.31,106.3,2.549,0.239
E,11.0,9092.0,2.46,139.8,4.18,104.8,2.579,0.224
E,11.0,9092.5,2.63,145.1,4.52,106.1,2.552,0.225
E,11.0,9093.0,2.43,146.6,4.2,106.8,2.577,0.227
E,11.0,9093.5,2.92,168.5,5.42,111.3,2.552,0.254
E,11.0,9094.0,2.42,142.7,4.55,105.8,2.584,0.229
E,11.0,9094.5,2.47,157.3,3.6,107.7,2.577,0.237
E,11.0,9095.0,2.62,132.8,4.74,106.4,2.584,0.229
E,11.0,9095.5,2.93,144.3,4.48,107.3,2.552,0.215
E,11.0,9096.0,2.9,145.8,4.96,107.4,2.562,0.21
E,11.0,9096.5,2.8,143.0,4.89,105.9,2.56,0.197
E,11.0,9097.0,2.96,146.5,5.04,108.8,2.544,0.227
E,11.0,9097.5,2.81,143.3,5.15,107.9,2.577,0.227
E,11.0,9098.0,2.91,142.3,5.42,105.7,2.549,0.205
E,11.0,9098.5,3.12,148.4,5.15,109.7,2.553,0.248
E,11.0,9099.0,2.86,140.2,4.72,108.0,2.564,0.229
E,11.0,9099.5,2.81,154.5,4.93,108.3,2.575,0.227
E,11.0,9100.0,3.02,150.8,4.68,107.9,2.529,0.228
E,11.0,9100.5,3.08,153.2,5.2,108.0,2.558,0.225
E,11.0,9101.0,3.01,149.6,5.88,109.1,2.551,0.235
E,11.0,9101.5,3.17,153.7,4.93,109.0,2.536,0.232
E,11.0,9102.0,3.02,144.6,5.14,107.4,2.549,0.217
E,11.0,9102.5,3.09,139.3,5.16,108.0,2.57,0.192
E,11.0,9103.0,3.15,149.4,6.48,106.3,2.559,0.212
E,11.0,9103.5,3.16,148.1,5.31,109.1,2.554,0.208
E,11.0,9104.0,3.39,160.6,5.73,109.2,2.524,0.217
E,11.0,9104.5,3.22,148.6,5.21,110.5,2.53,0.239
E,11.0,9105.0,3.15,158.7,5.52,109.0,2.554,0.225
E,11.0,9105.5,3.3,156.0,5.92,109.7,2.526,0.226
E,11.0,9106.0,3.4,154.0,5.57,109.9,2.535,0.233
E,11.0,9106.5,3.39,145.6,6.45,108.7,2.579,0.202
E,11.0,9107.0,3.4,154.8,6.12,108.7,2.546,0.219
E,11.0,9107.5,3.09,141.5,5.81,105.9,2.566,0.198
E,11.0,9108.0,2.97,147.0,5.08,109.2,2.544,0.207
E,11.0,9108.5,3.56,157.9,6.43,111.5,2.514,0.257
E,11.0,9109.0,3.46,168.2,6.0,109.7,2.544,0.236
E,11.0,9109.5,3.42,145.9,6.76,108.1,2.534,0.229
E,11.0,9110.0,3.55,156.2,6.34,111.9,2.55,0.215
E,11.0,9110.5,3.76,154.1,6.72,109.1,2.534,0.21
E,11.0,9111.0,3.71,160.4,6.37,113.1,2.572,0.221
E,11.0,9111.5,3.66,157.4,6.25,111.8,2.521,0.246
E,11.0,9112.0,3.41,159.8,6.12,109.7,2.543,0.219
E,11.0,9112.5,3.45,144.5,6.5,108.0,2.536,0.181
E,11.0,9113.0,3.23,144.1,5.37,111.2,2.56,0.221
E,11.0,9113.5,3.71,141.5,6.69,106.0,2.544,0.199
E,11.0,9114.0,3.81,161.9,6.93,111.9,2.513,0.23
E,11.0,9114.5,3.84,146.6,7.11,110.0,2.526,0.227
E,11.0,9115.0,3.79,160.3,5.92,109.3,2.55,0.184
E,11.0,9115.5,3.69,164.9,6.11,111.3,2.544,0.25
E,11.0,9116.0,3.65,167.0,5.82,110.4,2.514,0.241
E,11.0,9116.5,3.64,164.7,6.48,110.5,2.527,0.22
E,11.0,9117.0,3.76,165.4,6.26,112.7,2.543,0.247
E,11.0,9117.5,3.66,154.0,6.26,109.2,2.528,0.237
E,11.0,9118.0,4.1,144.9,6.81,111.8,2.523,0.227
E,11.0,9118.5,3.66,155.7,6.3,111.5,2.543,0.224
E,11.0,9119.0,3.85,165.4,6.33,110.0,2.512,0.207
E,11.0,9119.5,3.61,156.5,6.81,113.4,2.518,0.26
E,11.0,9120.0,3.97,159.9,7.47,113.4,2.517,0.241
E,11.0,9120.5,3.95,158.4,7.23,112.8,2.536,0.234
E,11.0,9121.0,3.92,153.8,6.9,110.9,2.542,0.212
E,11.0,9121.5,3.85,164.7,5.88,111.1,2.535,0.233
E,11.0,9122.0,4.02,152.3,7.04,113.0,2.519,0.235
E,11.0,9122.5,3.96,147.8,6.74,112.3,2.54,0.195
E,11.0,9123.0,4.04,167.0,7.5,112.5,2.519,0.223
E,11.0,9123.5,4.37,171.2,8.61,112.9,2.513,0.234
E,11.0,9124.0,4.13,160.7,7.76,112.1,2.528,0.228
E,11.0,9124.5,4.2,164.8,8.57,111.8,2.54,0.222
E,11.0,9125.0,4.07,153.2,7.1,112.7,2.519,0.208
E,11.0,9125.5,4.05,163.4,7.02,111.3,2.517,0.21
E,11.0,9126.0,4.18,163.5,8.36,111.9,2.529,0.227
E,11.0,9126.5,4.58,172.0,8.87,116.1,2.517,0.239
E,11.0,9127.0,4.18,149.1,7.54,110.8,2.51,0.235
E,11.0,9127.5,4.3,161.2,9.26,111.4,2.499,0.244
E,11.0,9128.0,4.14,166.5,7.95,110.8,2.53,0.229
E,11.0,9128.5,3.87,163.1,6.85,111.0,2.502,0.248
E,11.0,9129.0,4.18,170.8,7.28,114.3,2.493,0.242
E,11.0,9129.5,4.67,183.1,10.03,117.5,2.488,0.261
E,11.0,9130.0,4.42,167.4,8.46,114.5,2.501,0.249
E,11.0,9130.5,4.6,180.6,8.82,116.3,2.48,0.251
E,11.0,9131.0,4.32,167.0,8.49,114.4,2.505,0.24
E,11.0,9131.5,4.03,169.3,7.87,112.0,2.515,0.238
E,11.0,9132.0,4.23,162.2,8.18,114.4,2.51,0.223
E,11.0,9132.5,4.48,166.8,9.09,116.1,2.524,0.244
E,11.0,9133.0,4.47,177.6,8.75,115.4,2.503,0.247
E,11.0,9133.5,4.45,171.8,8.76,114.1,2.511,0.26
E,11.0,9134.0,4.38,160.2,7.75,112.5,2.491,0.225
E,11.0,9134.5,4.62,176.9,10.24,114.3,2.477,0.238
E,11.0,9135.0,4.42,163.6,7.52,113.9,2.509,0.235
E,11.0,9135.5,4.55,173.9,8.89,116.4,2.514,0.269
E,11.0,9136.0,4.55,168.0,7.78,112.5,2.493,0.212
E,11.0,9136.5,4.48,165.4,8.4,111.5,2.507,0.231
E,11.0,9137.0,4.41,151.8,7.92,114.5,2.496,0.216
E,11.0,9137.5,4.49,173.9,8.6,114.5,2.492,0.233
E,11.0,9138.0,4.85,182.9,9.81,118.3,2.482,0.268
E,11.0,9138.5,4.74,165.5,8.55,114.6,2.486,0.226
E,11.0,9139.0,4.74,160.7,9.2,113.4,2.476,0.245
E,11.0,9139.5,4.48,176.4,9.48,114.5,2.483,0.233
E,11.0,9140.0,4.39,163.2,7.42,113.3,2.482,0.249
E,11.0,9140.5,4.78,169.2,8.73,116.6,2.495,0.248
E,11.0,9141.0,4.76,178.6,9.95,116.8,2.497,0.243
E,11.0,9141.5,4.66,172.1,9.03,115.0,2.505,0.245
E,11.0,9142.0,4.59,166.9,8.89,115.8,2.486,0.231
E,11.0,9142.5,4.43,177.3,9.06,116.9,2.511,0.242
E,11.0,9143.0,4.79,189.0,8.79,116.9,2.494,0.238
E,11.0,9143.5,4.84,188.1,9.15,118.4,2.483,0.275
E,11.0,9144.0,4.57,179.0,8.29,115.6,2.494,0.266
E,11.0,9144.5,4.56,174.7,8.47,112.7,2.488,0.231
E,11.0,9145.0,4.87,177.2,10.7,116.5,2.486,0.248
E,11.0,9145.5,4.59,168.9,7.67,113.2,2.518,0.238
E,11.0,9146.0,4.96,176.4,9.0,116.1,2.499,0.236
E,11.0,9146.5,4.68,166.5,8.11,114.2,2.49,0.244
E,11.0,9147.0,4.64,163.0,10.0,114.6,2.506,0.229
E,11.0,9147.5,4.71,168.9,8.7,117.0,2.477,0.256
E,11.0,9148.0,4.65,179.5,8.73,117.6,2.498,0.249
E,11.0,9148.5,4.88,173.6,8.48,117.4,2.479,0.243
E,11.0,9149.0,4.85,175.0,9.34,114.4,2.493,0.243
E,11.0,9149.5,4.88,177.8,10.33,114.1,2.524,0.238
E,11.0,9150.0,4.74,164.8,9.42,118.2,2.487,0.219
E,11.0,9150.5,4.65,180.1,8.87,118.4,2.52,0.268
E,11.0,9151.0,4.72,173.8,8.07,114.8,2.501,0.231
E,11.0,9151.5,4.65,172.4,8.73,114.1,2.489,0.242
E,11.0,9152.0,4.94,175.0,9.93,116.6,2.473,0.253
E,11.0,9152.5,4.87,179.5,8.87,114.2,2.513,0.255
E,11.0,9153.0,4.7,174.1,9.59,115.3,2.495,0.257
E,11.0,9153.5,4.57,181.7,9.37,116.8,2.481,0.25
E,11.0,9154.0,4.94,175.3,9.43,115.0,2.483,0.223
E,11.0,9154.5,4.73,175.4,9.73,114.4,2.498,0.24
E,11.0,9155.0,4.68,184.2,8.97,120.1,2.485,0.271
E,11.0,9155.5,4.93,184.3,10.75,117.2,2.483,0.261
E,11.0,9156.0,4.62,172.5,10.43,116.4,2.512,0.25
E,11.0,9156.5,4.64,173.6,8.19,115.1,2.482,0.24
E,11.0,9157.0,4.65,182.8,9.53,117.2,2.496,0.26
E,11.0,9157.5,4.48,179.6,9.42,114.9,2.494,0.265
E,11.0,9158.0,4.72,173.1,8.48,117.4,2.483,0.26
E,11.0,9158.5,4.56,175.2,8.29,115.0,2.511,0.236
E,11.0,9159.0,4.58,167.7,8.35,113.7,2.477,0.25
E,11.0,9159.5,4.55,179.2,8.58,116.5,2.461,0.272
E,11.0,9160.0,4.56,167.0,8.46,113.9,2.503,0.24
E,11.0,9160.5,4.52,162.9,8.44,113.9,2.499,0.256
E,11.0,9161.0,4.67,170.8,9.64,115.6,2.478,0.243
E,11.0,9161.5,4.6,173.5,7.58,115.7,2.475,0.257
E,11.0,9162.0,4.63,165.5,8.22,116.0,2.516,0.239
E,11.0,9162.5,4.96,182.0,10.45,118.2,2.483,0.26
E,11.0,9163.0,4.58,167.5,9.14,115.8,2.493,0.234
E,11.0,9163.5,4.68,186.0,8.31,113.1,2.517,0.253
E,11.0,9164.0,4.69,178.0,9.49,116.9,2.502,0.261
E,11.0,9164.5,4.56,177.5,9.68,116.3,2.514,0.232
E,11.0,9165.0,4.6,167.5,8.79,112.5,2.486,0.232
E,11.0,9165.5,4.56,181.9,8.01,116.5,2.477,0.269
E,11.0,9166.0,4.57,174.9,9.36,115.2,2.506,0.245
E,11.0,9166.5,4.44,162.2,9.61,115.6,2.506,0.231
E,11.0,9167.0,4.45,180.4,7.81,115.6,2.513,0.26
E,11.0,9167.5,4.51,179.0,8.59,115.3,2.478,0.248
E,11.0,9168.0,4.2,170.8,8.45,115.2,2.514,0.257
E,11.0,9168.5,4.71,176.0,9.21,115.5,2.502,0.252
E,11.0,9169.0,4.8,160.2,8.16,116.3,2.5,0.253
E,11.0,9169.5,4.49,173.8,8.8,115.5,2.487,0.278
E,11.0,9170.0,4.55,179.5,8.01,117.1,2.499,0.256
E,11.0,9170.5,4.6,181.7,7.96,113.6,2.484,0.256
E,11.0,9171.0,4.23,175.9,6.8,115.4,2.501,0.266
E,11.0,9171.5,4.55,169.7,9.54,114.4,2.486,0.239
E,11.0,9172.0,4.33,190.5,7.57,117.4,2.486,0.261
E,11.0,9172.5,4.73,175.7,9.43,113.8,2.491,0.245
E,11.0,9173.0,4.34,169.0,8.5,114.4,2.497,0.262
E,11.0,9173.5,4.5,182.1,8.63,114.6,2.49,0.257
E,11.0,9174.0,4.32,163.0,8.24,114.3,2.49,0.249
E,11.0,9174.5,4.66,165.2,9.27,113.8,2.518,0.221
E,11.0,9175.0,4.24,163.0,7.94,113.7,2.504,0.229
E,11.0,9175.5,4.48,174.0,7.98,113.6,2.498,0.256
E,11.0,9176.0,4.39,163.1,7.69,112.3,2.486,0.232
E,11.0,9176.5,4.34,178.7,8.04,113.2,2.516,0.274
E,11.0,9177.0,4.3,172.3,7.92,115.5,2.505,0.242
E,11.0,9177.5,4.15,165.4,7.9,113.4,2.507,0.26
E,11.0,9178.0,3.85,165.8,7.56,113.0,2.514,0.241
E,11.0,9178.5,4.39,158.1,8.46,115.8,2.513,0.236
E,11.0,9179.0,4.14,154.0,7.12,111.7,2.48,0.237
E,11.0,9179.5,4.38,162.9,6.89,113.8,2.497,0.241
E,11.0,9180.0,4.24,167.0,7.38,114.3,2.504,0.257
E,11.0,9180.5,4.36,171.4,7.32,114.5,2.5,0.243
E,11.0,9181.0,4.28,176.7,7.51,115.5,2.535,0.251
E,11.0,9181.5,3.78,159.2,6.9,113.7,2.521,0.222
E,11.0,9182.0,4.23,160.1,7.88,112.7,2.521,0.231
E,11.0,9182.5,4.08,159.8,8.63,113.5,2.537,0.235
E,11.0,9183.0,4.29,168.4,8.29,112.4,2.521,0.213
E,11.0,9183.5,4.19,174.7,9.0,113.7,2.502,0.252
E,11.0,9184.0,4.18,172.0,8.15,114.0,2.493,0.241
E,11.0,9184.5,4.04,157.0,8.02,112.2,2.524,0.237
E,11.0,9185.0,3.93,172.9,6.9,109.5,2.532,0.249
E,11.0,9185.5,3.99,160.7,6.65,113.2,2.528,0.236
E,11.0,9186.0,3.78,157.4,6.52,109.9,2.542,0.22
E,11.0,9186.5,3.95,160.6,7.13,111.9,2.549,0.249
E,11.0,9187.0,3.81,160.1,6.49,111.4,2.533,0.248
E,11.0,9187.5,3.8,148.2,6.28,108.7,2.519,0.207
E,11.0,9188.0,4.02,160.7,7.56,113.2,2.515,0.244
E,11.0,9188.5,4.08,172.2,6.87,112.7,2.53,0.235
E,11.0,9189.0,3.98,157.0,6.38,109.2,2.524,0.215
E,11.0,9189.5,3.9,159.6,6.43,111.8,2.54,0.231
E,11.0,9190.0,3.83,158.3,6.74,110.6,2.526,0.219
E,11.0,9190.5,3.91,161.3,6.52,112.5,2.527,0.229
E,11.0,9191.0,3.83,165.5,6.75,108.5,2.525,0.201
E,11.0,9191.5,3.93,168.0,7.46,111.3,2.52,0.238
E,11.0,9192.0,3.71,171.0,6.92,113.4,2.524,0.258
E,11.0,9192.5,4.03,164.3,6.96,111.7,2.496,0.239
E,11.0,9193.0,3.84,147.4,6.21,108.2,2.527,0.215
E,11.0,9193.5,3.97,170.0,6.87,111.5,2.503,0.233
E,11.0,9194.0,4.04,165.0,7.76,111.9,2.513,0.227
E,11.0,9194.5,3.95,151.9,7.68,110.6,2.515,0.208
E,11.0,9195.0,4.02,166.1,7.52,112.1,2.529,0.233
E,11.0,9195.5,3.58,164.4,6.99,109.8,2.542,0.258
E,11.0,9196.0,3.82,145.4,7.86,111.4,2.534,0.225
E,11.0,9196.5,4.05,149.8,7.1,112.1,2.508,0.207
E,11.0,9197.0,3.96,153.1,8.07,107.5,2.527,0.197
E,11.0,9197.5,4.16,150.8,7.48,110.0,2.5,0.209
E,11.0,9198.0,4.13,153.6,8.22,113.5,2.513,0.223
E,11.0,9198.5,3.92,156.3,7.48,112.9,2.532,0.232
E,11.0,9199.0,3.83,158.0,5.87,107.9,2.54,0.216
E,11.0,9199.5,3.73,162.7,6.15,112.2,2.532,0.225
E,11.0,9200.0,3.8,168.3,6.17,113.4,2.54,0.225
E,11.0,9200.5,3.81,159.6,5.91,110.1,2.528,0.237
E,11.0,9201.0,3.78,159.8,7.25,113.5,2.521,0.236
E,11.0,9201.5,3.73,147.3,7.85,109.8,2.542,0.213
E,11.0,9202.0,3.93,152.5,6.94,110.8,2.537,0.213
E,11.0,9202.5,4.12,163.4,8.08,110.9,2.511,0.247
E,11.0,9203.0,4.01,161.6,8.19,112.4,2.526,0.235
E,11.0,9203.5,3.82,149.5,6.97,110.0,2.531,0.217
E,11.0,9204.0,4.02,160.9,7.3,113.3,2.497,0.205
E,11.0,9204.5,3.92,171.0,6.95,114.2,2.523,0.24
E,11.0,9205.0,3.87,162.7,7.26,111.9,2.506,0.231
E,11.0,9205.5,3.86,167.7,7.44,115.3,2.526,0.239
E,11.0,9206.0,3.85,155.2,7.18,112.8,2.506,0.239
E,11.0,9206.5,3.98,166.6,7.46,113.6,2.506,0.249
E,11.0,9207.0,3.91,151.4,7.02,109.0,2.522,0.206
E,11.0,9207.5,3.78,156.4,5.95,107.9,2.546,0.208
E,11.0,9208.0,3.78,157.3,7.26,110.0,2.517,0.245
E,11.0,9208.5,3.94,157.8,6.43,110.3,2.509,0.235
E,11.0,9209.0,3.97,147.1,7.55,112.5,2.528,0.221
E,11.0,9209.5,3.86,163.7,7.37,112.1,2.52,0.234
E,11.0,9210.0,3.74,160.6,6.1,109.4,2.54,0.22
E,11.0,9210.5,4.11,162.0,7.16,111.1,2.508,0.222
E,11.0,9211.0,4.08,161.0,8.83,110.8,2.523,0.226
E,11.0,9211.5,3.63,160.6,6.41,111.3,2.561,0.234
E,11.0,9212.0,4.14,166.4,6.88,111.3,2.512,0.232
E,11.0,9212.5,3.91,169.1,7.52,113.1,2.519,0.245
E,11.0,9213.0,3.98,161.7,6.77,111.6,2.502,0.223
E,11.0,9213.5,4.12,157.0,6.48,110.8,2.507,0.218
E,11.0,9214.0,4.21,168.8,8.1,115.8,2.512,0.24
E,11.0,9214.5,4.12,166.7,7.01,112.7,2.508,0.247
E,11.0,9215.0,4.01,159.2,7.47,110.6,2.526,0.223
E,11.0,9215.5,3.77,141.6,6.33,110.2,2.539,0.215
E,11.0,9216.0,3.68,145.6,6.94,109.6,2.518,0.214
E,11.0,9216.5,4.13,158.0,7.68,111.6,2.532,0.225
E,11.0,9217.0,4.2,167.7,6.3,111.1,2.498,0.238
E,11.0,9217.5,3.89,156.2,7.22,111.6,2.517,0.229
E,11.0,9218.0,3.98,181.4,7.04,115.7,2.517,0.243
E,11.0,9218.5,3.94,147.2,7.98,108.4,2.547,0.213
E,11.0,9219.0,3.94,156.1,7.36,110.7,2.514,0.221
E,11.0,9219.5,4.2,170.7,8.22,111.8,2.514,0.219
E,11.0,9220.0,4.08,169.3,7.03,115.7,2.517,0.253
E,11.0,9220.5,4.02,151.5,6.85,110.8,2.537,0.221
E,11.0,9221.0,4.46,163.9,8.4,112.3,2.525,0.223
E,11.0,9221.5,3.85,157.4,6.72,109.3,2.521,0.232
E,11.0,9222.0,4.15,177.5,8.49,112.5,2.521,0.253
E,11.0,9222.5,3.92,175.0,6.99,114.1,2.531,0.248
E,11.0,9223.0,4.06,155.3,6.71,110.0,2.54,0.224
E,11.0,9223.5,4.11,163.1,7.05,110.5,2.522,0.239
E,11.0,9224.0,4.22,152.2,8.43,111.9,2.517,0.213
E,11.0,9224.5,4.06,172.4,7.31,112.8,2.509,0.228
E,11.0,9225.0,4.05,170.1,7.25,113.9,2.494,0.245
E,11.0,9225.5,4.07,174.8,8.08,112.8,2.508,0.253
E,11.0,9226.0,3.95,159.8,6.65,112.7,2.522,0.221
E,11.0,9226.5,4.21,150.9,6.51,110.9,2.514,0.221
E,11.0,9227.0,4.17,176.8,7.16,113.3,2.52,0.232
E,11.0,9227.5,4.19,171.3,7.88,114.3,2.489,0.24
E,11.0,9228.0,4.12,156.2,7.4,112.7,2.514,0.204
E,11.0,9228.5,4.1,160.0,6.63,112.0,2.546,0.201
E,11.0,9229.0,4.31,174.4,8.71,112.3,2.521,0.234
E,11.0,9229.5,4.29,163.4,8.08,112.1,2.517,0.237
E,11.0,9230.0,4.35,157.5,8.39,109.7,2.518,0.22
E,11.0,9230.5,4.2,166.9,8.0,110.6,2.506,0.244
E,11.0,9231.0,4.35,163.7,7.32,113.7,2.483,0.237
E,11.0,9231.5,4.08,168.7,7.63,114.0,2.514,0.248
E,11.0,9232.0,4.11,166.2,8.1,109.9,2.49,0.222
E,11.0,9232.5,4.32,169.6,8.82,113.1,2.5,0.244
E,11.0,9233.0,4.27,166.5,8.39,115.9,2.505,0.258
E,11.0,9233.5,4.1,164.0,7.8,114.0,2.507,0.245
E,11.0,9234.0,3.98,162.8,6.28,109.5,2.549,0.235
E,11.0,9234.5,4.1,149.1,7.5,111.0,2.54,0.218
E,11.0,9235.0,4.03,164.9,6.79,112.9,2.529,0.247
E,11.0,9235.5,4.39,181.0,9.11,113.1,2.493,0.261
E,11.0,9236.0,4.24,173.7,8.58,111.7,2.535,0.232
E,11.0,9236.5,4.0,172.2,6.74,113.1,2.52,0.256
E,11.0,9237.0,3.96,167.2,7.13,113.0,2.509,0.221
E,11.0,9237.5,3.99,160.6,7.39,111.8,2.526,0.222
E,11.0,9238.0,4.02,161.9,7.85,111.2,2.529,0.245
E,11.0,9238.5,4.07,171.3,6.49,113.6,2.506,0.238
E,11.0,9239.0,4.25,177.7,6.6,113.7,2.509,0.25
E,11.0,9239.5,3.93,158.0,7.13,111.2,2.522,0.243
E,11.0,9240.0,4.41,179.6,6.77,115.2,2.483,0.264
E,11.0,9240.5,3.92,159.1,7.16,109.4,2.521,0.231
E,11.0,9241.0,3.84,160.1,7.23,112.7,2.512,0.236
E,11.0,9241.5,4.29,175.6,8.81,117.0,2.511,0.259
E,11.0,9242.0,4.23,159.0,7.43,111.0,2.506,0.226
E,11.0,9242.5,3.99,165.4,7.33,111.6,2.521,0.249
E,11.0,9243.0,4.06,176.6,7.8,115.2,2.493,0.249
E,11.0,9243.5,4.05,173.3,6.72,115.3,2.496,0.254
E,11.0,9244.0,4.0,166.7,7.8,111.8,2.5,0.229
E,11.0,9244.5,3.77,160.4,6.89,112.0,2.518,0.251
E,11.0,9245.0,3.57,151.3,6.03,109.7,2.537,0.234
E,11.0,9245.5,3.8,169.9,6.9,112.1,2.522,0.251
E,11.0,9246.0,4.19,158.1,7.63,112.7,2.493,0.229
E,11.0,9246.5,4.18,166.6,8.18,111.4,2.512,0.226
E,11.0,9247.0,3.84,166.8,6.7,111.7,2.511,0.239
E,11.0,9247.5,3.72,164.5,6.76,110.8,2.534,0.234
E,11.0,9248.0,3.89,161.3,6.66,110.6,2.516,0.234
E,11.0,9248.5,3.89,161.6,6.51,110.1,2.517,0.242
E,11.0,9249.0,3.9,178.0,7.12,115.0,2.503,0.252
E,11.0,9249.5,3.41,159.8,5.58,109.7,2.555,0.245
E,11.0,9250.0,4.24,164.8,8.36,115.7,2.494,0.239
E,11.0,9250.5,3.92,171.0,7.41,115.3,2.511,0.244
E,11.0,9251.0,3.69,160.5,6.19,110.0,2.531,0.228
E,11.0,9251.5,3.59,158.0,6.48,114.7,2.523,0.246
E,11.0,9252.0,3.83,170.4,6.46,113.2,2.512,0.252
E,11.0,9252.5,3.73,161.7,5.86,111.2,2.501,0.239
E,11.0,9253.0,3.65,160.7,6.18,106.4,2.526,0.223
E,11.0,9253.5,3.68,143.8,6.52,110.1,2.524,0.204
E,11.0,9254.0,3.57,154.1,6.59,109.5,2.556,0.227
E,11.0,9254.5,3.62,168.0,6.5,113.4,2.549,0.269
E,11.0,9255.0,3.64,145.5,6.96,109.9,2.532,0.235
E,11.0,9255.5,3.56,166.5,5.83,110.3,2.511,0.261
E,11.0,9256.0,3.53,146.6,6.05,109.7,2.543,0.232
E,11.0,9256.5,3.67,158.7,7.44,112.0,2.516,0.248
E,11.0,9257.0,3.19,160.0,4.8,108.9,2.537,0.249
E,11.0,9257.5,3.29,161.2,5.56,110.9,2.526,0.243
E,11.0,9258.0,3.38,155.6,5.46,108.9,2.528,0.237
E,11.0,9258.5,3.24,161.2,5.6,110.1,2.536,0.224
E,11.0,9259.0,3.26,160.7,5.53,109.6,2.52,0.26
E,11.0,9259.5,3.49,153.8,6.46,111.2,2.527,0.214
E,11.0,9260.0,3.25,166.9,5.81,109.8,2.549,0.229
E,11.0,9260.5,2.97,150.0,4.69,109.0,2.547,0.23
E,11.0,9261.0,3.15,156.0,5.26,112.7,2.543,0.226
E,11.0,9261.5,3.19,158.3,5.6,108.9,2.517,0.234
E,11.0,9262.0,3.16,146.0,5.88,108.3,2.558,0.217
E,11.0,9262.5,3.21,159.6,6.84,109.3,2.538,0.206
E,11.0,9263.0,3.17,149.3,5.87,106.4,2.561,0.223
E,11.0,9263.5,3.05,152.5,4.93,109.4,2.554,0.221
E,11.0,9264.0,2.86,156.0,4.99,109.5,2.547,0.215
E,11.0,9264.5,2.94,149.2,5.24,108.7,2.533,0.22
E,11.0,9265.0,2.89,149.9,4.87,104.5,2.578,0.234
E,11.0,9265.5,2.91,152.6,5.3,108.3,2.561,0.232
E,11.0,9266.0,3.03,150.6,4.42,106.1,2.564,0.215
E,11.0,9266.5,2.95,140.9,5.42,108.6,2.578,0.228
E,11.0,9267.0,2.99,144.4,5.04,109.5,2.554,0.249
E,11.0,9267.5,2.78,152.2,4.85,107.3,2.577,0.215
E,11.0,9268.0,3.03,144.1,5.97,106.4,2.547,0.207
E,11.0,9268.5,2.88,159.7,4.57,111.4,2.557,0.246
E,11.0,9269.0,2.76,139.8,4.98,105.7,2.557,0.21
E,11.0,9269.5,2.81,157.6,5.27,111.8,2.543,0.251
E,11.0,9270.0,2.59,154.1,4.67,107.3,2.565,0.234
E,11.0,9270.5,2.34,146.4,3.74,107.3,2.554,0.255
E,11.0,9271.0,2.54,147.2,5.05,106.8,2.567,0.217
E,11.0,9271.5,2.71,148.8,4.72,109.5,2.554,0.228
E,11.0,9272.0,2.59,150.7,4.41,109.0,2.535,0.259
E,11.0,9272.5,2.53,135.8,4.4,107.1,2.566,0.205
E,11.0,9273.0,2.39,139.1,4.19,105.9,2.569,0.227
E,11.0,9273.5,2.2,143.8,3.69,104.1,2.593,0.215
E,11.0,9274.0,2.68,141.6,4.8,106.1,2.573,0.216
E,11.0,9274.5,2.4,137.4,4.14,106.9,2.592,0.232
E,11.0,9275.0,2.34,155.3,4.49,108.6,2.573,0.245
E,11.0,9275.5,2.28,131.7,4.35,105.3,2.57,0.199
E,11.0,9276.0,2.54,160.4,5.17,106.0,2.559,0.238
E,11.0,9276.5,2.46,159.3,4.35,109.0,2.558,0.267
E,11.0,9277.0,2.16,164.0,3.76,105.9,2.575,0.238
E,11.0,9277.5,2.45,156.7,3.92,107.8,2.564,0.248
E,11.0,9278.0,2.23,152.8,4.89,107.1,2.562,0.22
E,11.0,9278.5,2.13,145.9,4.2,103.2,2.581,0.206
E,11.0,9279.0,2.16,136.0,3.79,105.3,2.586,0.227
E,11.0,9279.5,2.06,136.0,4.45,107.1,2.572,0.218
E,11.0,9280.0,1.95,134.7,4.18,103.4,2.592,0.209
E,11.0,9280.5,2.24,146.6,3.7,106.0,2.559,0.21
E,11.0,9281.0,2.07,135.8,3.67,107.7,2.595,0.203
E,11.0,9281.5,2.17,130.8,3.99,105.2,2.589,0.216
E,11.0,9282.0,2.1,131.3,3.61,102.2,2.609,0.194
E,11.0,9282.5,2.12,142.2,3.93,105.0,2.568,0.203
E,11.0,9283.0,1.71,124.1,3.67,102.5,2.614,0.2
E,11.0,9283.5,1.86,133.6,3.26,104.4,2.606,0.209
E,11.0,9284.0,2.05,141.8,3.97,105.3,2.584,0.208
E,11.0,9284.5,1.76,135.6,3.87,99.1,2.593,0.205
E,11.0,9285.0,1.98,141.5,3.91,103.7,2.571,0.224
E,11.0,9285.5,1.7,129.1,3.44,102.2,2.583,0.198
E,11.0,9286.0,1.89,147.2,3.49,103.1,2.578,0.223
E,11.0,9286.5,2.11,137.0,4.22,99.9,2.568,0.221
E,11.0,9287.0,1.96,138.1,3.43,102.5,2.609,0.219
E,11.0,9287.5,1.55,138.5,3.36,101.9,2.585,0.214
E,11.0,9288.0,1.94,131.2,3.74,101.5,2.597,0.186
E,11.0,9288.5,2.07,131.5,4.26,103.0,2.59,0.22
E,11.0,9289.0,2.19,134.5,3.87,105.3,2.583,0.226
E,11.0,9289.5,1.83,134.7,3.46,104.2,2.596,0.211
E,11.0,9290.0,1.53,124.3,2.97,99.7,2.622,0.182
E,11.0,9290.5,1.79,125.6,3.69,102.8,2.597,0.194
E,11.0,9291.0,1.95,141.2,3.62,102.8,2.594,0.215
E,11.0,9291.5,1.66,137.5,3.19,102.4,2.592,0.202
E,11.0,9292.0,1.83,130.4,3.39,101.6,2.61,0.224
E,11.0,9292.5,1.53,117.4,3.42,100.5,2.634,0.204
E,11.0,9293.0,1.7,127.9,3.17,102.1,2.591,0.188
E,11.0,9293.5,1.26,119.4,2.76,98.7,2.593,0.187
E,11.0,9294.0,1.47,114.5,3.45,101.2,2.617,0.195
E,11.0,9294.5,1.6,132.0,3.31,102.7,2.612,0.206
E,11.0,9295.0,1.53,126.3,3.54,104.8,2.625,0.211
E,11.0,9295.5,1.38,117.0,3.03,100.2,2.624,0.171
E,11.0,9296.0,1.49,129.2,3.23,101.1,2.621,0.191
E,11.0,9296.5,1.6,125.7,3.39,103.2,2.621,0.232
E,11.0,9297.0,1.52,117.9,3.65,101.1,2.628,0.186
E,11.0,9297.5,1.53,121.9,3.64,100.8,2.617,0.201
E,11.0,9298.0,1.62,125.3,3.7,100.7,2.586,0.205
E,11.0,9298.5,1.45,120.5,3.04,101.8,2.608,0.192
E,11.0,9299.0,1.7,117.5,3.19,100.4,2.611,0.178
E,11.0,9299.5,1.33,119.2,3.27,98.8,2.611,0.199
