kh_md_ft,kh_welltest,lateral_ft,depletion_idx,offset_wct,gor_scf,frac_efficiency_post,productivity_boed
849.0,882.0,7634.0,0.31,0.22,635.0,0.2654,10.8
289.0,331.0,8373.0,0.37,0.16,618.0,0.192,7.1
1212.0,1263.0,5490.0,0.19,0.42,1872.0,0.2638,10.5
1412.0,1975.0,7136.0,0.76,0.18,2011.0,0.2488,9.4
140.0,173.0,5419.0,0.23,0.36,1121.0,0.076,3.0
235.0,224.0,4154.0,0.43,0.31,824.0,0.1054,3.7
737.0,702.0,10866.0,0.27,0.25,940.0,0.3799,13.7
516.0,554.0,5814.0,0.29,0.33,1284.0,0.2301,8.0
656.0,579.0,8152.0,0.22,0.39,1764.0,0.3435,12.3
336.0,400.0,6102.0,0.38,0.56,875.0,0.1727,6.7
1344.0,1419.0,6594.0,0.38,0.07,2083.0,0.3388,13.5
1239.0,1288.0,6784.0,0.15,0.06,998.0,0.3362,13.8
701.0,777.0,6345.0,0.16,0.15,2119.0,0.2726,10.4
1639.0,2122.0,8462.0,0.18,0.3,2348.0,0.3997,15.5
967.0,992.0,10727.0,0.36,0.22,828.0,0.4418,17.1
334.0,329.0,7000.0,0.45,0.27,2335.0,0.1819,7.3
893.0,1120.0,10813.0,0.69,0.66,1911.0,0.2838,10.8
309.0,357.0,8675.0,0.74,0.03,2274.0,0.1497,5.9
1343.0,1280.0,8250.0,0.27,0.16,1194.0,0.3603,14.3
639.0,640.0,5660.0,0.2,0.32,2227.0,0.2018,7.7
574.0,591.0,4440.0,0.59,0.06,1454.0,0.1455,5.7
386.0,407.0,9964.0,0.52,0.62,879.0,0.1354,5.6
1769.0,1443.0,8018.0,0.54,0.88,2493.0,0.3,12.1
588.0,466.0,6901.0,0.67,0.09,2396.0,0.1097,4.1
472.0,413.0,9684.0,0.26,0.16,750.0,0.2183,8.5
502.0,434.0,6174.0,0.3,0.34,1412.0,0.1696,7.3
1018.0,925.0,9485.0,0.69,0.46,2472.0,0.4299,16.1
891.0,980.0,6296.0,0.18,0.24,1597.0,0.2726,10.6
925.0,902.0,10446.0,0.44,0.61,1494.0,0.2968,12.1
939.0,967.0,5876.0,0.82,0.61,891.0,0.1216,4.9
3690.0,3071.0,4963.0,0.42,0.43,1339.0,0.4856,18.6
481.0,448.0,8887.0,0.47,0.41,1496.0,0.1475,6.4
442.0,482.0,5140.0,0.35,0.17,1928.0,0.2365,9.0
347.0,379.0,10646.0,0.46,0.24,1400.0,0.1728,6.4
1089.0,977.0,8589.0,0.45,0.26,1770.0,0.3891,14.4
1641.0,1681.0,5616.0,0.22,0.17,703.0,0.3313,12.1
607.0,844.0,5462.0,0.43,0.46,2028.0,0.1489,6.0
340.0,339.0,10467.0,0.39,0.22,507.0,0.2447,9.0
344.0,310.0,8255.0,0.18,0.1,1784.0,0.2596,9.9
1119.0,1091.0,10256.0,0.66,0.18,2153.0,0.3036,12.3
1205.0,1222.0,4772.0,0.04,0.35,2034.0,0.2523,9.5
1027.0,1004.0,10478.0,0.23,0.71,795.0,0.3442,13.0
391.0,389.0,7640.0,0.46,0.6,2188.0,0.1708,6.1
801.0,645.0,8679.0,0.4,0.54,658.0,0.2148,7.8
730.0,632.0,6610.0,0.11,0.21,633.0,0.1583,6.3
792.0,775.0,4414.0,0.17,0.25,2145.0,0.158,6.0
1336.0,1303.0,10706.0,0.53,0.17,865.0,0.3991,15.2
795.0,731.0,10962.0,0.35,0.44,1394.0,0.2442,9.3
1145.0,1115.0,6552.0,0.48,0.1,2373.0,0.2522,9.9
702.0,709.0,10607.0,0.84,0.25,918.0,0.1995,7.1
838.0,958.0,5174.0,0.41,0.12,2061.0,0.1852,7.4
1102.0,1086.0,5083.0,0.28,0.38,1669.0,0.2091,7.5
207.0,220.0,4512.0,0.35,0.53,1311.0,0.1035,4.3
515.0,475.0,6739.0,0.38,0.23,1418.0,0.1972,7.8
457.0,497.0,4366.0,0.47,0.07,1321.0,0.1974,7.4
399.0,422.0,6763.0,0.41,0.52,2155.0,0.1482,6.1
534.0,608.0,4969.0,0.82,0.25,2128.0,0.083,3.3
2199.0,2448.0,9114.0,0.31,0.29,1247.0,0.4338,16.4
333.0,363.0,9834.0,0.89,0.26,1894.0,0.1183,5.0
1443.0,1422.0,8815.0,0.42,0.46,1564.0,0.3926,14.4
173.0,180.0,5403.0,0.17,0.2,1996.0,0.1098,4.0
509.0,597.0,9368.0,0.18,0.11,600.0,0.2441,8.8
758.0,687.0,5747.0,0.49,0.53,1172.0,0.1679,6.4
1063.0,968.0,9316.0,0.24,0.1,1172.0,0.3747,14.8
1175.0,1207.0,7972.0,0.67,0.19,1694.0,0.2609,10.3
1255.0,1335.0,6567.0,0.19,0.31,915.0,0.258,9.8
503.0,445.0,4584.0,0.11,0.28,1563.0,0.1902,7.3
459.0,454.0,9793.0,0.15,0.63,2460.0,0.2288,9.0
1321.0,1303.0,10578.0,0.66,0.37,587.0,0.3664,13.1
571.0,409.0,8661.0,0.13,0.64,1507.0,0.2063,8.1
240.0,232.0,10752.0,0.56,0.54,777.0,0.1641,5.9
269.0,262.0,10539.0,0.57,0.47,1665.0,0.1834,7.1
319.0,311.0,5362.0,0.72,0.4,982.0,0.0943,3.6
990.0,1224.0,9118.0,0.62,0.12,2305.0,0.2664,10.1
745.0,621.0,6445.0,0.29,0.03,1136.0,0.2799,10.6
1156.0,1021.0,7413.0,0.48,0.46,2417.0,0.2129,8.3
473.0,319.0,5099.0,0.56,0.13,508.0,0.1199,4.5
755.0,703.0,10823.0,0.66,0.49,2164.0,0.2097,7.8
1097.0,1034.0,9083.0,0.08,0.43,1023.0,0.4486,16.0
519.0,481.0,5868.0,0.16,0.12,903.0,0.1806,7.0
959.0,1132.0,6600.0,0.27,0.56,2268.0,0.2314,9.3
392.0,446.0,6957.0,0.34,0.19,1109.0,0.1191,4.8
497.0,503.0,9233.0,0.73,0.04,1668.0,0.2271,7.9
490.0,464.0,10480.0,0.46,0.27,1974.0,0.2589,11.1
256.0,298.0,6250.0,0.37,0.19,1338.0,0.1061,4.4
982.0,979.0,7308.0,0.46,0.47,703.0,0.2649,10.2
457.0,404.0,8152.0,0.51,0.34,2345.0,0.1668,6.7
672.0,519.0,6753.0,0.41,0.02,1795.0,0.2411,9.0
977.0,915.0,7529.0,0.6,0.16,2285.0,0.2456,9.2
951.0,1065.0,4740.0,0.25,0.71,2035.0,0.1626,6.5
1133.0,1594.0,5174.0,0.56,0.19,2048.0,0.1821,6.6
615.0,620.0,6808.0,0.1,0.29,1680.0,0.19,7.8
474.0,423.0,10405.0,0.24,0.07,512.0,0.3043,12.2
624.0,522.0,6446.0,0.86,0.05,2265.0,0.1223,4.4
172.0,187.0,5749.0,0.56,0.35,2162.0,0.0824,3.4
209.0,160.0,9200.0,0.69,0.18,1954.0,0.1179,4.5
231.0,251.0,10644.0,0.49,0.23,2256.0,0.1618,5.8
300.0,339.0,7214.0,0.51,0.28,868.0,0.1355,6.0
916.0,978.0,4060.0,0.62,0.16,1064.0,0.1278,5.0
322.0,312.0,8817.0,0.36,0.33,814.0,0.2025,7.5
492.0,535.0,6905.0,0.26,0.66,1793.0,0.2555,10.0
1881.0,1930.0,8716.0,0.22,0.33,1377.0,0.46,17.8
500.0,445.0,5944.0,0.52,0.2,705.0,0.1146,4.4
1200.0,1584.0,4017.0,0.1,0.06,1651.0,0.2211,8.4
315.0,299.0,6411.0,0.49,0.51,1178.0,0.1162,4.7
564.0,634.0,8934.0,0.71,0.03,1481.0,0.2172,8.1
311.0,216.0,6752.0,0.21,0.1,1023.0,0.121,4.6
507.0,614.0,5534.0,0.31,0.42,822.0,0.171,7.0
1303.0,1624.0,7248.0,0.47,0.53,1402.0,0.2469,9.8
167.0,168.0,9266.0,0.16,0.29,952.0,0.154,6.4
942.0,1024.0,4836.0,0.41,0.44,1310.0,0.1608,6.2
804.0,875.0,8842.0,0.51,0.16,1265.0,0.3096,11.7
414.0,376.0,8671.0,0.34,0.07,2381.0,0.1609,6.2
209.0,227.0,6595.0,0.53,0.31,874.0,0.1108,4.2
705.0,624.0,10792.0,0.67,0.6,1073.0,0.1786,6.9
435.0,397.0,10263.0,0.18,0.31,2084.0,0.2284,8.5
801.0,949.0,6213.0,0.55,0.47,1092.0,0.3141,12.2
677.0,783.0,4218.0,0.34,0.78,1461.0,0.1336,5.0
2396.0,2155.0,6158.0,0.43,0.15,2024.0,0.3199,13.2
549.0,492.0,5433.0,0.19,0.13,509.0,0.1555,6.5
293.0,266.0,7831.0,0.48,0.29,2413.0,0.1374,5.3
768.0,857.0,10431.0,0.29,0.26,1426.0,0.3074,11.5
793.0,683.0,10092.0,0.42,0.33,2019.0,0.2402,9.4
1973.0,2082.0,6141.0,0.34,0.15,2342.0,0.4809,18.0
1297.0,1451.0,7000.0,0.46,0.03,2254.0,0.3797,14.5
885.0,873.0,4256.0,0.69,0.19,941.0,0.1243,5.4
2144.0,2495.0,7809.0,0.59,0.24,1610.0,0.4808,16.7
257.0,246.0,4444.0,0.57,0.59,1321.0,0.0758,3.1
399.0,386.0,10570.0,0.37,0.26,1565.0,0.1618,6.6
317.0,274.0,10069.0,0.37,0.73,2059.0,0.1499,5.5
487.0,567.0,5499.0,0.07,0.54,1209.0,0.1474,5.7
221.0,197.0,8896.0,0.34,0.39,1454.0,0.1625,6.5
1106.0,1165.0,7976.0,0.56,0.46,1716.0,0.2185,8.7
557.0,551.0,9610.0,0.72,0.71,1041.0,0.1992,8.1
205.0,175.0,7330.0,0.63,0.14,1713.0,0.1078,4.3
295.0,269.0,5342.0,0.1,0.44,798.0,0.1389,5.2
855.0,1052.0,8479.0,0.15,0.52,1743.0,0.2609,10.4
1300.0,1340.0,4562.0,0.32,0.36,786.0,0.2736,11.2
3286.0,2824.0,8092.0,0.76,0.26,2051.0,0.3998,16.1
6844.0,7164.0,5489.0,0.11,0.5,888.0,0.5582,21.8
927.0,907.0,8795.0,0.48,0.39,1792.0,0.3151,12.7
301.0,506.0,9796.0,0.37,0.47,1662.0,0.1824,7.2
121.0,126.0,4767.0,0.46,0.36,1351.0,0.0611,2.3
824.0,778.0,6802.0,0.48,0.35,1791.0,0.2178,8.6
347.0,430.0,9135.0,0.17,0.34,2193.0,0.1395,5.6
477.0,362.0,5146.0,0.23,0.33,740.0,0.1649,6.6
408.0,413.0,7966.0,0.47,0.4,1853.0,0.19,6.9
594.0,802.0,8703.0,0.37,0.27,1320.0,0.281,9.8
1561.0,1534.0,6484.0,0.55,0.1,1848.0,0.2423,9.4
754.0,582.0,9824.0,0.33,0.46,2250.0,0.2466,9.2
586.0,552.0,7575.0,0.77,0.61,1806.0,0.1481,6.0
290.0,361.0,8389.0,0.38,0.37,820.0,0.1887,7.5
174.0,184.0,4986.0,0.64,0.19,1332.0,0.0849,3.2
451.0,397.0,4162.0,0.21,0.42,1599.0,0.1183,5.2
637.0,575.0,4355.0,0.26,0.62,754.0,0.2054,7.7
2736.0,2516.0,10327.0,0.51,0.03,1787.0,0.59,23.5
738.0,779.0,10178.0,0.34,0.18,1926.0,0.2868,11.7
1460.0,1785.0,9653.0,0.42,0.16,2025.0,0.494,18.8
446.0,522.0,5397.0,0.95,0.1,740.0,0.1136,4.1
258.0,276.0,7678.0,0.52,0.45,1910.0,0.1041,4.1
307.0,252.0,9573.0,0.38,0.62,1232.0,0.1566,6.0
372.0,305.0,8723.0,0.54,0.25,922.0,0.2079,7.9
3651.0,3955.0,4809.0,0.51,0.09,1549.0,0.5019,19.2
345.0,282.0,10269.0,0.52,0.31,1645.0,0.1326,5.4
1301.0,1258.0,5125.0,0.32,0.45,1414.0,0.3091,11.8
323.0,338.0,5203.0,0.28,0.25,2182.0,0.1335,5.1
1401.0,1182.0,10307.0,0.14,0.43,812.0,0.4132,18.5
905.0,776.0,7392.0,0.23,0.3,1314.0,0.4022,14.9
587.0,579.0,6610.0,0.39,0.45,1034.0,0.1633,6.8
644.0,694.0,7876.0,0.53,0.53,598.0,0.186,7.2
394.0,462.0,10870.0,0.71,0.54,1178.0,0.1501,5.4
950.0,1041.0,4837.0,0.03,0.47,1936.0,0.2148,8.4
462.0,467.0,9299.0,0.07,0.7,1546.0,0.224,9.1
250.0,223.0,6340.0,0.09,0.29,1337.0,0.1369,5.2
239.0,204.0,4819.0,0.65,0.31,1449.0,0.1256,4.5
764.0,707.0,6954.0,0.53,0.26,1125.0,0.1768,7.2
2353.0,2502.0,7841.0,0.38,0.29,744.0,0.4275,18.8
756.0,795.0,5442.0,0.3,0.63,1681.0,0.2087,7.6
605.0,441.0,6837.0,0.53,0.35,2131.0,0.2403,8.9
836.0,743.0,8450.0,0.25,0.5,2078.0,0.2433,9.2
1891.0,2265.0,8035.0,0.11,0.2,967.0,0.4891,20.8
793.0,802.0,9062.0,0.75,0.5,1369.0,0.3146,11.8
479.0,387.0,9855.0,0.41,0.43,1604.0,0.1696,6.2
1612.0,2295.0,6864.0,0.21,0.15,2105.0,0.353,12.3
937.0,933.0,6961.0,0.31,0.57,893.0,0.3489,13.7
2272.0,2407.0,7477.0,0.6,0.14,764.0,0.3692,14.2
770.0,818.0,7964.0,0.52,0.14,2363.0,0.2177,9.4
250.0,236.0,4758.0,0.23,0.51,791.0,0.1122,4.1
223.0,200.0,6188.0,0.24,0.24,2478.0,0.1856,6.9
2492.0,3425.0,5203.0,0.68,0.38,1698.0,0.1955,7.4
2641.0,3070.0,6701.0,0.48,0.13,1498.0,0.5315,19.4
576.0,652.0,10813.0,0.52,0.14,878.0,0.1779,7.2
490.0,534.0,8079.0,0.23,0.26,2221.0,0.1661,6.5
2141.0,1842.0,7006.0,0.1,0.15,844.0,0.3818,14.9
274.0,332.0,7962.0,0.3,0.18,1303.0,0.1677,6.2
325.0,287.0,8684.0,0.39,0.37,596.0,0.1548,5.7
1113.0,1161.0,7045.0,0.56,0.6,545.0,0.2009,7.7
485.0,379.0,7134.0,0.39,0.26,1959.0,0.1628,6.2
662.0,488.0,8910.0,0.05,0.26,915.0,0.2617,9.9
584.0,612.0,4426.0,0.5,0.49,1702.0,0.1187,4.7
871.0,772.0,7781.0,0.39,0.32,1947.0,0.2911,10.5
2051.0,1522.0,7831.0,0.18,0.28,1484.0,0.4052,16.0
715.0,776.0,9297.0,0.48,0.16,1813.0,0.1611,6.1
1113.0,1530.0,10879.0,0.84,0.22,982.0,0.2827,11.3
129.0,159.0,9570.0,0.64,0.46,2136.0,0.1082,4.0
640.0,615.0,7527.0,0.68,0.29,912.0,0.1716,6.7
339.0,339.0,5186.0,0.21,0.14,1681.0,0.1359,4.8
251.0,287.0,8118.0,0.46,0.5,2172.0,0.1478,5.8
329.0,390.0,9840.0,0.06,0.33,2086.0,0.1777,6.6
509.0,484.0,10527.0,0.34,0.16,603.0,0.228,9.1
1384.0,1391.0,9777.0,0.41,0.23,1234.0,0.4023,15.8
230.0,241.0,5323.0,0.5,0.47,2205.0,0.1203,4.7
682.0,741.0,8988.0,0.51,0.16,2202.0,0.2698,10.3
452.0,443.0,10161.0,0.48,0.29,1773.0,0.2046,8.2
512.0,503.0,8767.0,0.24,0.43,717.0,0.2591,10.3
1484.0,1825.0,8800.0,0.29,0.33,1309.0,0.331,12.8
1023.0,1227.0,7501.0,0.38,0.33,2422.0,0.3788,14.4
1939.0,2083.0,8459.0,0.38,0.15,713.0,0.2563,9.9
588.0,761.0,6061.0,0.9,0.39,2103.0,0.1623,6.3
381.0,360.0,4622.0,0.6,0.36,1336.0,0.0919,3.8
556.0,709.0,9794.0,0.25,0.06,1989.0,0.2994,11.3
808.0,876.0,10602.0,0.53,0.38,609.0,0.356,13.2
766.0,1251.0,9998.0,0.06,0.6,521.0,0.3588,13.2
279.0,234.0,6337.0,0.38,0.6,1101.0,0.1337,5.1
715.0,645.0,4655.0,0.19,0.36,2240.0,0.23,9.2
798.0,850.0,5961.0,0.41,0.22,1860.0,0.1668,6.6
4984.0,5290.0,9900.0,0.42,0.5,1724.0,0.5751,22.1
2985.0,4000.0,8591.0,0.56,0.25,2495.0,0.5099,19.8
336.0,304.0,10767.0,0.49,0.21,1195.0,0.1707,6.9
529.0,605.0,6399.0,0.04,0.69,2201.0,0.1749,7.4
206.0,246.0,7860.0,0.12,0.07,719.0,0.1927,7.7
415.0,461.0,9530.0,0.33,0.57,841.0,0.2339,9.2
856.0,741.0,5638.0,0.47,0.26,1456.0,0.183,7.0
1745.0,2156.0,10749.0,0.29,0.43,2419.0,0.5376,21.2
371.0,446.0,8147.0,0.37,0.33,1907.0,0.1313,5.1
394.0,431.0,4055.0,0.31,0.49,725.0,0.0957,3.7
119.0,123.0,4176.0,0.36,0.28,2410.0,0.0669,2.4
584.0,604.0,10176.0,0.38,0.25,2031.0,0.2466,9.6
284.0,281.0,8517.0,0.02,0.38,1973.0,0.1545,6.5
435.0,479.0,9342.0,0.68,0.46,1603.0,0.1669,6.7
330.0,331.0,9488.0,0.22,0.23,1287.0,0.2188,7.8
617.0,543.0,6943.0,0.28,0.22,720.0,0.2985,10.8
163.0,139.0,9590.0,0.68,0.51,1740.0,0.1122,4.1
206.0,184.0,10563.0,0.17,0.25,755.0,0.1474,5.5
3653.0,3777.0,5205.0,0.15,0.3,1680.0,0.5431,20.3
237.0,237.0,9349.0,0.5,0.48,1579.0,0.1123,4.4
277.0,286.0,6155.0,0.24,0.43,1693.0,0.1559,5.8
2892.0,3117.0,6250.0,0.4,0.57,2154.0,0.355,13.1
6796.0,6185.0,6889.0,0.32,0.22,1322.0,0.9462,35.1
261.0,325.0,10046.0,0.61,0.33,1373.0,0.1548,6.2
495.0,476.0,4154.0,0.14,0.35,620.0,0.143,5.6
874.0,819.0,7037.0,0.55,0.52,1075.0,0.1905,7.6
2652.0,2851.0,8760.0,0.46,0.1,662.0,0.9795,36.1
302.0,229.0,4773.0,0.27,0.11,784.0,0.1107,4.2
547.0,486.0,9546.0,0.02,0.09,1354.0,0.2676,10.2
1239.0,1435.0,10593.0,0.16,0.46,1314.0,0.4112,15.5
942.0,726.0,4637.0,0.05,0.49,2372.0,0.1543,6.4
492.0,582.0,5071.0,0.53,0.32,739.0,0.1251,4.6
598.0,750.0,10819.0,0.47,0.09,799.0,0.2448,9.7
221.0,209.0,5385.0,0.8,0.7,2002.0,0.0778,3.1
550.0,574.0,4553.0,0.42,0.34,545.0,0.1115,4.5
537.0,636.0,10665.0,0.14,0.31,1802.0,0.2544,9.8
801.0,747.0,10248.0,0.46,0.49,1995.0,0.2254,8.8
427.0,486.0,8590.0,0.41,0.28,1758.0,0.1446,6.0
970.0,877.0,7860.0,0.47,0.23,1076.0,0.2984,12.7
1495.0,1392.0,10435.0,0.37,0.16,707.0,0.4048,15.8
753.0,668.0,8589.0,0.6,0.47,2488.0,0.1725,6.4
881.0,928.0,8609.0,0.24,0.3,2219.0,0.3674,13.7
694.0,826.0,9906.0,0.45,0.42,1961.0,0.3236,11.9
665.0,647.0,8573.0,0.28,0.45,874.0,0.2558,10.0
373.0,309.0,7526.0,0.33,0.45,1362.0,0.1397,5.5
857.0,728.0,6728.0,0.3,0.6,1920.0,0.2225,8.7
615.0,653.0,7522.0,0.4,0.36,703.0,0.1958,7.3
3549.0,4680.0,7657.0,0.44,0.38,2415.0,0.5368,19.2
2342.0,2484.0,6526.0,0.48,0.61,2410.0,0.3608,14.3
906.0,855.0,7137.0,0.3,0.19,801.0,0.2691,10.6
361.0,405.0,9613.0,0.38,0.13,894.0,0.198,7.7
273.0,264.0,6916.0,0.34,0.49,1228.0,0.122,4.8
1725.0,1630.0,4179.0,0.16,0.44,1401.0,0.265,10.6
821.0,711.0,5981.0,0.25,0.07,1381.0,0.2734,10.6
977.0,1206.0,5622.0,0.44,0.26,1876.0,0.1442,5.8
165.0,113.0,9555.0,0.74,0.31,1440.0,0.0744,2.8
1397.0,1574.0,7145.0,0.17,0.49,869.0,0.3417,12.3
957.0,892.0,5962.0,0.35,0.41,1022.0,0.2589,10.2
274.0,257.0,9675.0,0.64,0.16,1322.0,0.192,6.9
456.0,588.0,4135.0,0.2,0.56,1539.0,0.1641,6.4
821.0,738.0,5220.0,0.25,0.52,2346.0,0.2004,8.0
694.0,626.0,9789.0,0.49,0.15,692.0,0.3457,12.9
527.0,516.0,7855.0,0.47,0.73,2109.0,0.1438,5.8
612.0,652.0,9416.0,0.82,0.4,1122.0,0.1676,6.3
544.0,509.0,9867.0,0.39,0.48,1954.0,0.1743,6.7
751.0,593.0,10594.0,0.44,0.37,1017.0,0.2492,9.8
2159.0,1896.0,4444.0,0.33,0.38,1270.0,0.2197,8.7
85.0,103.0,9595.0,0.41,0.43,1387.0,0.1096,4.4
550.0,557.0,8961.0,0.06,0.45,2002.0,0.3458,12.7
766.0,820.0,5449.0,0.51,0.55,833.0,0.1779,7.0
843.0,810.0,10522.0,0.34,0.43,1193.0,0.3297,12.6
494.0,447.0,6829.0,0.67,0.34,1557.0,0.1352,5.2
163.0,210.0,10213.0,0.26,0.23,1815.0,0.0898,3.5
865.0,841.0,8236.0,0.28,0.11,652.0,0.2683,10.2
2649.0,2478.0,7687.0,0.56,0.48,689.0,0.4569,17.2
195.0,230.0,5117.0,0.53,0.49,1937.0,0.0947,3.6
1328.0,1191.0,10400.0,0.69,0.56,1232.0,0.2931,11.5
511.0,468.0,7897.0,0.37,0.66,831.0,0.2003,8.2
633.0,634.0,4043.0,0.59,0.27,1026.0,0.1265,5.0
286.0,286.0,4128.0,0.3,0.07,1696.0,0.0982,3.9
509.0,529.0,9443.0,0.79,0.23,2407.0,0.1934,7.5
1882.0,2575.0,5134.0,0.63,0.21,1964.0,0.1958,8.3
1060.0,1115.0,8191.0,0.37,0.6,2094.0,0.3521,13.2
2659.0,1862.0,8768.0,0.37,0.29,1717.0,0.3698,14.1
1706.0,1792.0,5956.0,0.29,0.86,1242.0,0.2337,9.3
945.0,950.0,7985.0,0.17,0.34,2424.0,0.3371,13.7
2684.0,2702.0,5682.0,0.56,0.44,663.0,0.3249,13.0
945.0,981.0,10624.0,0.28,0.52,2117.0,0.3252,13.5
1290.0,1284.0,10021.0,0.44,0.06,1017.0,0.4285,16.9
525.0,521.0,6016.0,0.25,0.02,1716.0,0.213,8.3
702.0,769.0,7702.0,0.1,0.18,2465.0,0.2274,8.4
381.0,351.0,7504.0,0.45,0.44,2185.0,0.1509,5.7
1468.0,1273.0,10720.0,0.34,0.27,2200.0,0.5228,19.0
259.0,408.0,6758.0,0.37,0.25,2146.0,0.1509,5.8
1244.0,1117.0,7936.0,0.54,0.57,1408.0,0.2561,10.4
571.0,580.0,10501.0,0.5,0.21,1286.0,0.2327,8.3
1698.0,1356.0,5140.0,0.08,0.07,1537.0,0.256,10.1
1213.0,1234.0,7853.0,0.15,0.27,1070.0,0.3869,16.2
2854.0,2481.0,4740.0,0.22,0.16,1456.0,0.4108,15.7
1193.0,1117.0,8322.0,0.08,0.37,754.0,0.4241,17.8
189.0,221.0,6560.0,0.33,0.17,2285.0,0.0989,3.8
630.0,677.0,10773.0,0.58,0.56,1971.0,0.2148,8.5
260.0,284.0,6908.0,0.34,0.54,624.0,0.1178,4.4
439.0,337.0,4953.0,0.18,0.14,1820.0,0.1846,6.8
2228.0,2935.0,9838.0,0.31,0.11,2017.0,0.9499,37.4
1108.0,926.0,9746.0,0.44,0.42,2223.0,0.3922,15.5
380.0,478.0,8864.0,0.68,0.11,1158.0,0.144,5.4
296.0,345.0,9242.0,0.32,0.34,1761.0,0.1579,6.4
683.0,745.0,5853.0,0.45,0.09,1052.0,0.1932,7.5
251.0,221.0,8494.0,0.65,0.38,2198.0,0.127,4.8
389.0,398.0,4266.0,0.35,0.59,2250.0,0.0897,3.6
854.0,795.0,5378.0,0.77,0.36,653.0,0.1699,6.7
1676.0,1683.0,10526.0,0.31,0.14,1070.0,0.3583,13.8
1082.0,1043.0,9175.0,0.12,0.1,706.0,0.3308,12.0
106.0,78.0,5615.0,0.41,0.38,1298.0,0.1017,4.2
849.0,1004.0,4780.0,0.21,0.07,510.0,0.223,8.7
705.0,696.0,10642.0,0.18,0.22,2066.0,0.439,15.9
926.0,861.0,4785.0,0.47,0.09,1363.0,0.1649,6.1
2423.0,2228.0,5799.0,0.36,0.06,1569.0,0.2537,10.0
128.0,135.0,5278.0,0.81,0.01,1985.0,0.0542,2.1
415.0,363.0,4052.0,0.15,0.41,1925.0,0.2419,9.2
1067.0,761.0,6199.0,0.19,0.13,1129.0,0.227,8.6
188.0,199.0,10819.0,0.54,0.34,2066.0,0.1896,6.9
2166.0,2342.0,6393.0,0.14,0.41,1782.0,0.4478,16.4
893.0,867.0,7530.0,0.44,0.34,936.0,0.2374,9.9
1309.0,1102.0,9222.0,0.16,0.42,559.0,0.3347,14.1
421.0,427.0,7858.0,0.64,0.24,2012.0,0.1299,5.2
1275.0,1024.0,9205.0,0.3,0.34,831.0,0.3891,16.6
1564.0,1340.0,8631.0,0.28,0.7,725.0,0.501,18.2
801.0,716.0,8260.0,0.31,0.6,1341.0,0.2395,10.0
802.0,911.0,8548.0,0.33,0.37,2343.0,0.3028,11.9
826.0,782.0,9594.0,0.13,0.13,1936.0,0.3058,12.4
333.0,312.0,8971.0,0.25,0.42,2096.0,0.2496,10.5
591.0,792.0,9542.0,0.09,0.25,1040.0,0.3178,11.6
589.0,621.0,5019.0,0.16,0.21,2170.0,0.2849,11.4
904.0,951.0,8744.0,0.38,0.21,1331.0,0.2829,10.0
1480.0,1400.0,9159.0,0.32,0.42,2459.0,0.428,15.5
285.0,261.0,6100.0,0.69,0.29,1640.0,0.1315,5.1
602.0,434.0,10122.0,0.14,0.41,1712.0,0.256,11.1
2176.0,2516.0,6133.0,0.73,0.22,2330.0,0.2971,11.7
367.0,392.0,5707.0,0.38,0.5,2397.0,0.1301,4.5
345.0,335.0,10070.0,0.63,0.13,535.0,0.1588,6.0
782.0,766.0,5729.0,0.37,0.43,965.0,0.177,6.9
1307.0,1460.0,6909.0,0.67,0.43,1728.0,0.2238,8.9
671.0,532.0,6575.0,0.57,0.58,507.0,0.1755,6.5
1926.0,1763.0,10286.0,0.31,0.19,1135.0,0.5,19.0
1320.0,1113.0,7187.0,0.18,0.49,893.0,0.3715,14.2
1304.0,1701.0,8860.0,0.07,0.53,1547.0,0.3559,13.0
1036.0,1182.0,9558.0,0.44,0.21,1695.0,0.2452,9.0
4282.0,3077.0,8395.0,0.26,0.22,878.0,0.64,24.2
564.0,450.0,10606.0,0.55,0.43,1573.0,0.2915,12.3
134.0,131.0,9618.0,0.73,0.25,1293.0,0.0954,3.9
2400.0,2236.0,6801.0,0.48,0.7,2482.0,0.2759,11.0
461.0,378.0,10656.0,0.15,0.19,630.0,0.2855,11.1
725.0,971.0,7672.0,0.23,0.47,2181.0,0.2615,9.4
1896.0,1987.0,4158.0,0.38,0.12,2499.0,0.287,10.1
185.0,198.0,5820.0,0.62,0.4,1583.0,0.1039,3.9
244.0,220.0,8352.0,0.39,0.35,1861.0,0.1516,5.7
185.0,206.0,5098.0,0.56,0.45,756.0,0.0795,3.3
352.0,333.0,8088.0,0.17,0.29,1202.0,0.2478,9.8
945.0,906.0,6531.0,0.23,0.58,863.0,0.2589,10.3
1012.0,1109.0,7741.0,0.64,0.58,1667.0,0.2227,8.9
830.0,650.0,4013.0,0.3,0.11,2384.0,0.2114,8.0
215.0,273.0,9939.0,0.45,0.5,559.0,0.1188,4.7
105.0,108.0,6533.0,0.64,0.07,1489.0,0.0539,2.3
695.0,842.0,4981.0,0.26,0.12,1947.0,0.2503,9.3
456.0,388.0,7065.0,0.28,0.17,1361.0,0.2662,9.7
961.0,836.0,7403.0,0.19,0.22,1578.0,0.3365,12.8
1166.0,980.0,8462.0,0.37,0.35,1406.0,0.361,14.1
743.0,771.0,7672.0,0.26,0.21,1695.0,0.2166,8.8
1222.0,1234.0,4305.0,0.57,0.25,637.0,0.1468,5.9
799.0,745.0,10101.0,0.44,0.53,1594.0,0.217,8.0
1016.0,873.0,7196.0,0.45,0.42,1524.0,0.2307,9.3
379.0,313.0,4539.0,0.35,0.39,864.0,0.1736,6.1
576.0,572.0,9410.0,0.13,0.39,1570.0,0.2459,9.1
779.0,726.0,8621.0,0.56,0.13,1426.0,0.2458,9.4
1282.0,1157.0,8546.0,0.45,0.29,1686.0,0.4342,14.8
485.0,612.0,6988.0,0.3,0.05,1628.0,0.2768,10.1
1009.0,997.0,6873.0,0.46,0.03,1309.0,0.1925,7.6
538.0,651.0,7754.0,0.21,0.37,2062.0,0.1956,8.0
605.0,559.0,4354.0,0.5,0.29,1215.0,0.1306,5.2
1292.0,1340.0,6093.0,0.7,0.01,1449.0,0.1939,7.5
135.0,134.0,10915.0,0.38,0.17,1353.0,0.1139,4.6
236.0,183.0,8635.0,0.34,0.43,1472.0,0.0951,3.9
203.0,252.0,6933.0,0.29,0.59,2100.0,0.1107,4.2
103.0,101.0,5557.0,0.75,0.47,1919.0,0.0594,2.2
387.0,432.0,9216.0,0.24,0.4,584.0,0.1833,6.5
1211.0,1082.0,5822.0,0.32,0.31,1489.0,0.2341,9.0
530.0,517.0,5137.0,0.39,0.39,750.0,0.1679,6.3
779.0,684.0,5082.0,0.1,0.06,1959.0,0.2337,10.0
1590.0,1914.0,9105.0,0.36,0.41,2473.0,0.3143,11.7
1924.0,2016.0,8500.0,0.68,0.23,1738.0,0.3836,15.6
629.0,665.0,4489.0,0.11,0.48,1260.0,0.2188,8.3
1964.0,2408.0,4805.0,0.24,0.57,645.0,0.2349,9.1
716.0,852.0,8437.0,0.27,0.4,1165.0,0.3457,13.5
340.0,382.0,7998.0,0.19,0.63,1551.0,0.1716,7.2
413.0,334.0,8802.0,0.19,0.4,2262.0,0.214,8.6
203.0,183.0,5246.0,0.26,0.09,1526.0,0.1285,5.2
327.0,281.0,9086.0,0.65,0.44,2469.0,0.1128,4.5
499.0,557.0,10553.0,0.21,0.28,1238.0,0.2569,9.4
1265.0,1298.0,8207.0,0.2,0.55,501.0,0.3843,15.1
2635.0,2139.0,5373.0,0.25,0.07,1757.0,0.3261,13.1
220.0,214.0,8757.0,0.8,0.05,938.0,0.1076,4.0
911.0,728.0,6402.0,0.5,0.17,988.0,0.2511,9.6
289.0,287.0,4345.0,0.46,0.09,535.0,0.1332,4.7
972.0,759.0,6116.0,0.67,0.52,1563.0,0.1868,6.9
599.0,648.0,10339.0,0.28,0.51,995.0,0.2299,9.9
154.0,163.0,6878.0,0.34,0.18,2489.0,0.111,4.1
1398.0,1861.0,10053.0,0.06,0.51,2171.0,0.5724,21.4
410.0,466.0,7561.0,0.44,0.09,1942.0,0.2866,10.2
434.0,407.0,7619.0,0.36,0.6,1208.0,0.1794,7.0
283.0,320.0,4037.0,0.53,0.44,643.0,0.1251,4.6
394.0,320.0,8460.0,0.16,0.58,1838.0,0.1762,6.9
937.0,811.0,4755.0,0.75,0.29,545.0,0.1263,4.8
572.0,601.0,7351.0,0.76,0.06,1383.0,0.1388,5.7
865.0,626.0,5822.0,0.26,0.33,606.0,0.1916,8.0
889.0,884.0,6747.0,0.11,0.2,1619.0,0.2939,10.9
1913.0,1642.0,7760.0,0.3,0.3,1619.0,0.486,18.8
506.0,513.0,4101.0,0.68,0.44,1561.0,0.1287,5.3
204.0,174.0,5992.0,0.67,0.6,1929.0,0.0803,3.0
1562.0,1665.0,10927.0,0.68,0.16,956.0,0.3277,14.7
510.0,512.0,4402.0,0.68,0.58,984.0,0.1102,4.4
1622.0,2002.0,6236.0,0.16,0.12,1332.0,0.345,14.6
904.0,905.0,6250.0,0.13,0.31,1906.0,0.3064,11.2
599.0,534.0,6656.0,0.2,0.39,734.0,0.1993,7.9
879.0,847.0,8793.0,0.59,0.03,2272.0,0.2552,9.8
3168.0,2589.0,5734.0,0.6,0.71,1004.0,0.3922,15.0
3504.0,3724.0,7222.0,0.53,0.54,756.0,0.4231,15.7
703.0,768.0,8514.0,0.39,0.28,1698.0,0.2313,8.7
756.0,1095.0,6256.0,0.1,0.39,1051.0,0.2586,9.6
1573.0,1433.0,10641.0,0.25,0.49,1318.0,0.4815,18.9
338.0,325.0,10858.0,0.51,0.18,622.0,0.1461,5.4
868.0,796.0,4838.0,0.22,0.06,1430.0,0.2171,8.7
652.0,673.0,6407.0,0.27,0.54,1107.0,0.2189,8.6
855.0,905.0,5456.0,0.51,0.45,840.0,0.2567,10.8
341.0,339.0,5308.0,0.47,0.2,1273.0,0.1306,4.7
186.0,219.0,7437.0,0.47,0.24,2040.0,0.1248,5.1
127.0,115.0,7947.0,0.45,0.32,2027.0,0.1073,3.9
272.0,315.0,6980.0,0.42,0.43,1221.0,0.1661,6.3
461.0,500.0,5908.0,0.66,0.36,2448.0,0.1226,4.7
526.0,525.0,5950.0,0.23,0.03,752.0,0.2614,9.9
3133.0,2989.0,10945.0,0.38,0.15,2210.0,0.8591,35.1
1611.0,2319.0,10466.0,0.21,0.36,2458.0,0.7149,25.6
308.0,273.0,4531.0,0.08,0.32,1646.0,0.1793,7.1
878.0,919.0,8596.0,0.35,0.21,620.0,0.3163,11.7
480.0,429.0,7198.0,0.96,0.23,2342.0,0.1337,5.3
530.0,693.0,8822.0,0.38,0.03,1374.0,0.203,8.5
771.0,881.0,8179.0,0.28,0.82,844.0,0.1713,6.0
1092.0,986.0,10225.0,0.23,0.46,2283.0,0.4009,16.0
507.0,548.0,4469.0,0.75,0.38,1354.0,0.1148,4.3
1558.0,1619.0,6447.0,0.29,0.47,1499.0,0.3097,14.1
267.0,247.0,10898.0,0.73,0.42,1642.0,0.1523,5.9
669.0,749.0,5276.0,0.36,0.21,2313.0,0.1677,6.3
5314.0,5634.0,4891.0,0.11,0.08,1507.0,0.8465,32.5
795.0,821.0,9103.0,0.51,0.14,2276.0,0.2797,10.9
2093.0,2080.0,9442.0,0.18,0.04,840.0,0.461,18.0
716.0,763.0,8706.0,0.14,0.48,1733.0,0.2348,8.7
1059.0,1096.0,9433.0,0.46,0.63,1551.0,0.1892,7.8
636.0,641.0,8856.0,0.39,0.45,1150.0,0.2595,10.2
580.0,527.0,4950.0,0.39,0.16,925.0,0.1733,6.3
357.0,460.0,8258.0,0.46,0.47,640.0,0.1256,5.3
938.0,802.0,9438.0,0.29,0.36,1023.0,0.3006,11.7
337.0,359.0,10059.0,0.51,0.56,1861.0,0.143,5.9
1133.0,1080.0,5724.0,0.25,0.75,1056.0,0.251,9.6
1585.0,2064.0,4892.0,0.51,0.24,1956.0,0.1687,6.5
892.0,779.0,9468.0,0.66,0.11,2250.0,0.2021,8.2
529.0,474.0,5796.0,0.37,0.33,1889.0,0.1926,7.4
956.0,827.0,4224.0,0.58,0.27,2110.0,0.1328,5.1
520.0,545.0,9776.0,0.33,0.2,1646.0,0.2604,10.4
1406.0,1144.0,7542.0,0.51,0.29,2393.0,0.2732,10.8
154.0,143.0,6286.0,0.5,0.42,2026.0,0.1149,4.6
509.0,368.0,4080.0,0.15,0.06,1145.0,0.1633,7.1
135.0,140.0,4247.0,0.6,0.29,1947.0,0.0867,3.2
201.0,187.0,9548.0,0.55,0.41,1844.0,0.1415,5.2
1980.0,1584.0,7428.0,0.15,0.61,2003.0,0.4111,17.4
1361.0,1602.0,5048.0,0.19,0.3,1139.0,0.2391,8.7
374.0,307.0,6510.0,0.33,0.29,1519.0,0.2055,7.8
200.0,225.0,5157.0,0.29,0.21,2261.0,0.1091,4.5
62.0,56.0,4790.0,0.57,0.02,2451.0,0.0437,1.7
431.0,548.0,5934.0,0.35,0.09,1220.0,0.1153,4.6
4612.0,5160.0,7847.0,0.34,0.53,1473.0,0.6372,23.6
942.0,810.0,5470.0,0.19,0.42,1162.0,0.2782,11.3
425.0,370.0,6406.0,0.17,0.13,1936.0,0.1855,6.5
965.0,1057.0,7346.0,0.17,0.35,578.0,0.2667,9.8
191.0,183.0,6940.0,0.26,0.24,2408.0,0.1131,4.7
524.0,511.0,4900.0,0.25,0.01,1599.0,0.2498,8.9
720.0,872.0,4272.0,0.38,0.26,1042.0,0.1336,5.0
621.0,555.0,4248.0,0.41,0.45,575.0,0.1364,5.3
1252.0,1269.0,6451.0,0.69,0.4,1621.0,0.1855,6.9
876.0,1011.0,9032.0,0.04,0.64,1672.0,0.3635,13.4
1135.0,1282.0,4919.0,0.05,0.24,1890.0,0.2371,9.5
383.0,374.0,9509.0,0.28,0.35,1551.0,0.1985,7.4
1364.0,1306.0,9010.0,0.25,0.29,1531.0,0.3893,15.4
2448.0,1886.0,4028.0,0.75,0.24,1108.0,0.2414,9.0
306.0,261.0,4187.0,0.43,0.13,888.0,0.141,5.5
327.0,343.0,5365.0,0.27,0.28,1002.0,0.1645,6.7
1936.0,1897.0,4393.0,0.38,0.39,1250.0,0.2738,10.3
571.0,577.0,7719.0,0.58,0.6,2047.0,0.2151,8.5
2045.0,2390.0,4277.0,0.34,0.37,737.0,0.2112,8.1
467.0,391.0,9619.0,0.57,0.68,1787.0,0.1867,7.1
2130.0,2056.0,7451.0,0.32,0.32,576.0,0.6812,24.6
739.0,760.0,9096.0,0.48,0.45,586.0,0.1666,6.6
818.0,736.0,9255.0,0.49,0.23,1047.0,0.2304,9.3
2326.0,2883.0,7547.0,0.49,0.2,1214.0,0.3663,13.1
498.0,571.0,10478.0,0.07,0.65,880.0,0.2634,10.2
313.0,327.0,10932.0,0.5,0.3,2272.0,0.2186,8.7
465.0,608.0,6515.0,0.2,0.13,1109.0,0.2295,8.7
955.0,763.0,4881.0,0.22,0.71,1437.0,0.1745,6.9
190.0,190.0,6543.0,0.29,0.32,2488.0,0.1295,5.1
1108.0,1170.0,5563.0,0.31,0.27,1008.0,0.2557,8.8
432.0,377.0,7717.0,0.51,0.07,1738.0,0.1784,7.3
1666.0,1743.0,6649.0,0.13,0.44,1993.0,0.3727,15.5
98.0,83.0,7363.0,0.75,0.58,1042.0,0.0894,3.3
355.0,393.0,9342.0,0.39,0.5,615.0,0.1843,7.3
173.0,202.0,5918.0,0.57,0.38,2083.0,0.0935,3.6
343.0,358.0,7762.0,0.13,0.27,1078.0,0.2866,10.7
811.0,614.0,6346.0,0.13,0.37,1143.0,0.1668,7.1
576.0,498.0,9495.0,0.39,0.24,1329.0,0.2488,9.1
543.0,591.0,8477.0,0.92,0.34,578.0,0.1219,4.9
586.0,587.0,4060.0,0.7,0.42,2203.0,0.1275,4.5
783.0,522.0,8620.0,0.82,0.38,2227.0,0.2013,8.1
297.0,358.0,5191.0,0.42,0.46,2243.0,0.1509,5.4
1171.0,1195.0,9071.0,0.08,0.11,865.0,0.437,15.6
1130.0,1000.0,7971.0,0.22,0.06,2452.0,0.3998,15.9
905.0,1051.0,6810.0,0.23,0.56,1823.0,0.2078,8.1
1038.0,938.0,8858.0,0.31,0.65,1686.0,0.2403,9.4
843.0,760.0,9996.0,0.52,0.39,1945.0,0.2866,10.3
3388.0,3575.0,9451.0,0.25,0.29,2012.0,0.6517,25.0
620.0,810.0,7818.0,0.31,0.39,1332.0,0.3039,11.5
520.0,664.0,9059.0,0.63,0.44,1668.0,0.2615,10.2
364.0,384.0,6897.0,0.62,0.49,1670.0,0.1192,4.5
291.0,312.0,9523.0,0.48,0.21,516.0,0.1203,4.5
246.0,277.0,9803.0,0.65,0.26,520.0,0.1001,4.0
327.0,271.0,4961.0,0.54,0.3,1441.0,0.1092,3.9
629.0,692.0,5666.0,0.7,0.66,1617.0,0.1428,5.6
869.0,778.0,5890.0,0.27,0.58,1914.0,0.2263,8.3
693.0,727.0,5163.0,0.49,0.34,2005.0,0.132,5.5
361.0,348.0,6748.0,0.49,0.24,1672.0,0.2128,8.0
1367.0,1473.0,5351.0,0.4,0.13,1069.0,0.2993,11.0
1202.0,1223.0,8169.0,0.41,0.51,1739.0,0.421,16.1
585.0,369.0,4711.0,0.66,0.07,1020.0,0.1132,4.2
395.0,405.0,5889.0,0.26,0.71,2135.0,0.1795,7.2
1031.0,1136.0,8659.0,0.3,0.41,1347.0,0.324,12.3
773.0,827.0,6790.0,0.59,0.56,2290.0,0.1624,6.8
209.0,206.0,6950.0,0.47,0.56,756.0,0.1087,4.2
630.0,806.0,9585.0,0.58,0.64,1911.0,0.1678,6.8
820.0,859.0,10892.0,0.19,0.27,1359.0,0.3315,12.9
324.0,346.0,7955.0,0.16,0.31,755.0,0.2331,8.4
774.0,906.0,4553.0,0.51,0.53,1618.0,0.1249,4.4
208.0,219.0,4720.0,0.2,0.4,924.0,0.1334,5.5
1937.0,1693.0,10780.0,0.35,0.38,1085.0,0.5961,21.7
1805.0,1252.0,8755.0,0.57,0.11,1412.0,0.4133,15.0
543.0,506.0,9267.0,0.43,0.34,1229.0,0.2616,10.0
890.0,997.0,8730.0,0.24,0.06,1277.0,0.3721,13.5
97.0,92.0,5257.0,0.42,0.07,1294.0,0.0672,2.7
264.0,297.0,7139.0,0.68,0.51,534.0,0.0905,3.6
526.0,538.0,9587.0,0.4,0.35,1235.0,0.2825,11.2
282.0,342.0,10065.0,0.04,0.39,1287.0,0.1597,6.0
1178.0,1127.0,5661.0,0.39,0.41,1685.0,0.2201,8.6
3287.0,3526.0,8172.0,0.42,0.61,1462.0,0.3609,14.5
259.0,280.0,5100.0,0.55,0.3,845.0,0.1099,4.4
340.0,426.0,10708.0,0.53,0.19,1676.0,0.1776,6.9
803.0,622.0,5765.0,0.5,0.52,570.0,0.1456,5.9
2414.0,2253.0,9086.0,0.44,0.12,1167.0,0.454,17.0
250.0,284.0,5618.0,0.18,0.46,1740.0,0.1383,5.1
812.0,1024.0,8312.0,0.2,0.23,1748.0,0.33,12.2
2856.0,2960.0,8615.0,0.36,0.18,861.0,0.446,15.1
177.0,170.0,6299.0,0.09,0.4,1178.0,0.1106,4.2
239.0,267.0,9732.0,0.52,0.29,1415.0,0.1581,5.6
474.0,540.0,10198.0,0.22,0.16,1323.0,0.3184,12.2
439.0,416.0,9985.0,0.16,0.18,1871.0,0.285,11.2
1274.0,1339.0,6316.0,0.54,0.32,1980.0,0.2255,8.7
807.0,963.0,9210.0,0.18,0.74,582.0,0.3304,12.7
161.0,213.0,7916.0,0.46,0.23,1991.0,0.1038,4.0
1005.0,1123.0,8148.0,0.67,0.32,2257.0,0.1313,5.4
419.0,422.0,7342.0,0.2,0.37,2328.0,0.2387,9.7
1844.0,1829.0,8202.0,0.27,0.2,612.0,0.5127,18.8
403.0,438.0,4950.0,0.19,0.52,2267.0,0.1624,6.0
400.0,393.0,6862.0,0.59,0.29,827.0,0.1595,5.7
1025.0,1055.0,5244.0,0.38,0.31,1177.0,0.214,8.4
1225.0,1045.0,5961.0,0.25,0.51,1263.0,0.2519,10.0
952.0,1156.0,4895.0,0.58,0.31,1098.0,0.1469,6.0
173.0,146.0,5487.0,0.34,0.67,1089.0,0.0853,3.1
1023.0,959.0,9474.0,0.18,0.39,839.0,0.3635,14.7
291.0,295.0,7849.0,0.29,0.43,1818.0,0.1325,5.1
803.0,1082.0,4166.0,0.33,0.78,1661.0,0.138,5.3
213.0,200.0,9520.0,0.1,0.71,1727.0,0.1452,6.1
951.0,860.0,10366.0,0.07,0.04,1543.0,0.5619,20.9
349.0,321.0,10163.0,0.56,0.35,942.0,0.1525,5.6
238.0,306.0,9761.0,0.16,0.42,1673.0,0.1544,5.9
1177.0,772.0,10946.0,0.51,0.02,1807.0,0.3025,11.8
807.0,694.0,8105.0,0.45,0.09,604.0,0.206,8.0
407.0,613.0,10738.0,0.66,0.13,2475.0,0.1566,5.7
2124.0,2321.0,10642.0,0.38,0.11,1660.0,0.6832,26.4
468.0,396.0,6193.0,0.32,0.36,1777.0,0.1285,5.0
682.0,678.0,10044.0,0.27,0.34,1639.0,0.2936,11.8
825.0,833.0,9547.0,0.24,0.46,1881.0,0.2428,10.9
405.0,460.0,9431.0,0.27,0.32,1814.0,0.2472,9.1
970.0,1278.0,10274.0,0.43,0.2,2098.0,0.4397,17.0
434.0,460.0,6689.0,0.51,0.44,823.0,0.1453,5.9
479.0,441.0,6800.0,0.09,0.35,827.0,0.289,10.1
1979.0,2226.0,8480.0,0.46,0.29,939.0,0.5589,21.2
289.0,261.0,9165.0,0.25,0.55,2427.0,0.2101,8.2
97.0,83.0,10158.0,0.7,0.23,1214.0,0.0764,2.8
2413.0,1853.0,10131.0,0.39,0.26,1132.0,0.3996,15.2
5113.0,4043.0,9049.0,0.11,0.32,959.0,0.8506,32.4
481.0,420.0,10698.0,0.47,0.29,1463.0,0.2186,8.7
141.0,118.0,5250.0,0.12,0.5,2311.0,0.0698,2.6
519.0,544.0,10652.0,0.18,0.21,1848.0,0.2901,10.7
529.0,442.0,4449.0,0.34,0.62,876.0,0.0892,3.6
571.0,357.0,7889.0,0.21,0.29,2175.0,0.2851,12.2
273.0,233.0,4631.0,0.5,0.61,2391.0,0.1106,4.1
1057.0,985.0,7976.0,0.33,0.09,1926.0,0.292,11.0
1012.0,924.0,6731.0,0.2,0.49,1687.0,0.2857,10.6
201.0,253.0,4571.0,0.41,0.5,1844.0,0.0946,3.7
1164.0,1061.0,8537.0,0.17,0.29,1972.0,0.4341,16.0
3436.0,3922.0,9118.0,0.42,0.1,2219.0,0.612,24.5
763.0,761.0,5219.0,0.04,0.28,1817.0,0.2897,11.3
508.0,505.0,8861.0,0.07,0.48,1563.0,0.1834,7.5
594.0,524.0,5253.0,0.39,0.25,865.0,0.186,6.8
1088.0,1079.0,4962.0,0.61,0.15,1248.0,0.2496,9.7
167.0,149.0,5032.0,0.42,0.31,669.0,0.0858,3.3
759.0,778.0,8194.0,0.17,0.53,1957.0,0.2852,10.8
487.0,470.0,9452.0,0.23,0.07,2485.0,0.208,8.1
2917.0,2531.0,8178.0,0.19,0.19,692.0,0.9009,33.5
579.0,671.0,9665.0,0.25,0.38,1380.0,0.2892,10.3
2526.0,2693.0,8140.0,0.29,0.16,1900.0,0.4331,16.0
275.0,257.0,9581.0,0.8,0.34,560.0,0.1344,5.7
1064.0,1087.0,10836.0,0.58,0.81,1379.0,0.2447,9.4
859.0,848.0,6737.0,0.41,0.86,2090.0,0.2314,8.9
332.0,291.0,5050.0,0.36,0.43,1086.0,0.1636,6.0
767.0,775.0,4948.0,0.47,0.32,1819.0,0.2596,10.3
1755.0,1599.0,8182.0,0.18,0.62,1715.0,0.4017,16.4
513.0,446.0,7830.0,0.32,0.31,1900.0,0.2205,8.2
172.0,135.0,5290.0,0.57,0.37,980.0,0.0581,2.3
656.0,622.0,10175.0,0.29,0.03,837.0,0.2647,10.6
323.0,352.0,10697.0,0.12,0.61,534.0,0.1741,6.8
506.0,456.0,5773.0,0.32,0.2,1461.0,0.1656,6.9
623.0,909.0,5448.0,0.47,0.6,874.0,0.1489,5.7
170.0,194.0,5497.0,0.28,0.16,1802.0,0.1222,4.8
183.0,222.0,6712.0,0.53,0.25,1598.0,0.0958,3.6
978.0,1102.0,9973.0,0.16,0.2,2167.0,0.4389,17.2
438.0,578.0,8172.0,0.37,0.15,2104.0,0.1964,7.6
85.0,76.0,4473.0,0.59,0.31,1222.0,0.0476,1.9
1246.0,849.0,7311.0,0.26,0.58,1093.0,0.2613,10.2
827.0,774.0,4632.0,0.48,0.06,664.0,0.1948,8.0
376.0,409.0,6843.0,0.49,0.28,2013.0,0.2054,7.6
232.0,237.0,6825.0,0.14,0.42,1492.0,0.124,4.8
1298.0,1353.0,8538.0,0.24,0.31,1173.0,0.3479,15.0
880.0,1072.0,7846.0,0.39,0.29,1907.0,0.2662,11.2
4474.0,4738.0,10123.0,0.37,0.44,1048.0,0.767,28.2
931.0,1049.0,4114.0,0.88,0.18,1456.0,0.0833,3.2
907.0,788.0,9418.0,0.41,0.09,1372.0,0.3633,14.1
582.0,494.0,4159.0,0.36,0.6,1040.0,0.1122,4.3
1278.0,1629.0,6130.0,0.34,0.47,2081.0,0.2026,7.7
1097.0,1113.0,10158.0,0.24,0.07,1915.0,0.37,13.3
1811.0,1649.0,8833.0,0.51,0.13,1539.0,0.4085,15.5
438.0,399.0,5204.0,0.56,0.3,1882.0,0.1157,4.4
470.0,426.0,7435.0,0.26,0.33,679.0,0.1515,6.0
453.0,408.0,9053.0,0.19,0.08,1360.0,0.2398,10.1
1252.0,1033.0,10561.0,0.52,0.58,1700.0,0.3576,13.5
2205.0,1761.0,8440.0,0.35,0.12,1288.0,0.5745,21.6
461.0,448.0,4173.0,0.58,0.08,1928.0,0.1208,4.4
474.0,433.0,7498.0,0.86,0.21,1544.0,0.1484,5.3
855.0,1010.0,5071.0,0.58,0.26,1266.0,0.2029,8.3
546.0,571.0,4334.0,0.5,0.5,1331.0,0.1048,4.2
1425.0,1482.0,8190.0,0.48,0.48,1932.0,0.2936,11.0
110.0,98.0,9438.0,0.64,0.52,632.0,0.0971,3.8
343.0,337.0,4252.0,0.78,0.3,2176.0,0.0994,3.6
356.0,375.0,9485.0,0.29,0.33,615.0,0.1872,7.3
104.0,116.0,8945.0,0.49,0.34,765.0,0.0988,3.5
308.0,303.0,9264.0,0.1,0.28,2120.0,0.2519,9.7
320.0,376.0,5713.0,0.41,0.17,1249.0,0.15,5.4
566.0,567.0,6755.0,0.81,0.03,1419.0,0.1384,6.1
1620.0,1825.0,4838.0,0.84,0.62,1246.0,0.1632,6.2
547.0,508.0,5672.0,0.37,0.14,686.0,0.1406,5.4
292.0,222.0,6120.0,0.49,0.34,1717.0,0.1227,5.3
636.0,662.0,6236.0,0.42,0.31,1878.0,0.1694,6.6
1540.0,1717.0,5225.0,0.26,0.32,880.0,0.2029,8.4
305.0,332.0,5321.0,0.25,0.23,2004.0,0.1012,4.0
321.0,342.0,10310.0,0.1,0.39,700.0,0.162,6.2
1040.0,987.0,9487.0,0.13,0.61,2050.0,0.2408,9.4
557.0,494.0,6411.0,0.5,0.43,1903.0,0.1451,5.5
1117.0,1213.0,10634.0,0.34,0.45,2324.0,0.3618,13.9
658.0,701.0,5672.0,0.15,0.09,2127.0,0.3191,11.1
1166.0,1072.0,6848.0,0.7,0.66,2189.0,0.2066,7.9
291.0,343.0,9695.0,0.65,0.39,2415.0,0.1458,5.6
659.0,577.0,7100.0,0.23,0.51,2189.0,0.2903,11.0
562.0,515.0,5642.0,0.46,0.28,2093.0,0.1032,4.0
251.0,321.0,6580.0,0.26,0.85,892.0,0.1175,4.9
190.0,217.0,7505.0,0.64,0.41,2010.0,0.1078,4.0
1151.0,1091.0,8345.0,0.31,0.18,1765.0,0.4338,15.8
502.0,524.0,6839.0,0.67,0.11,2423.0,0.1263,4.5
294.0,300.0,7019.0,0.57,0.06,1940.0,0.1277,4.8
616.0,408.0,5848.0,0.47,0.45,1019.0,0.1452,5.7
1640.0,1431.0,7747.0,0.58,0.25,828.0,0.2604,9.9
107.0,106.0,5536.0,0.1,0.51,1063.0,0.1425,5.1
201.0,190.0,10073.0,0.28,0.56,1460.0,0.1272,5.0
318.0,330.0,9232.0,0.54,0.25,1805.0,0.1765,7.3
2141.0,2536.0,6872.0,0.63,0.1,930.0,0.4236,14.8
834.0,795.0,9231.0,0.68,0.66,966.0,0.1517,6.2
1229.0,1049.0,4049.0,0.08,0.26,1104.0,0.1833,7.7
267.0,281.0,6411.0,0.35,0.52,2115.0,0.1307,5.0
272.0,259.0,7082.0,0.17,0.2,1231.0,0.1787,6.8
952.0,930.0,7289.0,0.09,0.1,657.0,0.3561,13.5
697.0,667.0,9241.0,0.46,0.38,1590.0,0.343,12.7
1032.0,1444.0,10740.0,0.17,0.31,512.0,0.5043,19.7
572.0,409.0,6660.0,0.44,0.39,1847.0,0.2083,8.1
831.0,784.0,6454.0,0.28,0.17,2184.0,0.2977,11.9
755.0,754.0,8274.0,0.47,0.22,833.0,0.3136,12.1
1239.0,1102.0,5969.0,0.55,0.69,2189.0,0.1875,7.1
1269.0,1452.0,4989.0,0.35,0.66,1858.0,0.1604,5.9
182.0,206.0,10731.0,0.2,0.3,697.0,0.1352,5.5
110.0,109.0,9667.0,0.62,0.08,956.0,0.069,2.8
1482.0,1423.0,10709.0,0.11,0.22,955.0,0.4771,17.7
1720.0,1692.0,5525.0,0.18,0.32,911.0,0.3114,12.4
294.0,289.0,4125.0,0.27,0.53,1169.0,0.096,3.9
150.0,148.0,7061.0,0.12,0.28,2315.0,0.1241,5.3
720.0,700.0,10535.0,0.07,0.37,948.0,0.3681,13.3
1401.0,1455.0,4968.0,0.55,0.24,2353.0,0.2274,8.7
2802.0,3137.0,4820.0,0.61,0.17,1599.0,0.2311,8.7
1005.0,836.0,4483.0,0.39,0.56,1534.0,0.1446,5.5
494.0,422.0,9355.0,0.31,0.88,1848.0,0.1374,5.3
326.0,250.0,9501.0,0.3,0.66,2111.0,0.1868,7.2
671.0,764.0,8868.0,0.52,0.31,2415.0,0.3179,12.3
524.0,544.0,4373.0,0.07,0.44,505.0,0.1729,7.0
295.0,319.0,9063.0,0.23,0.09,1296.0,0.1833,7.8
3426.0,2764.0,7140.0,0.26,0.25,858.0,0.5412,18.8
2774.0,3626.0,5105.0,0.34,0.19,804.0,0.3397,13.1
1651.0,1506.0,6066.0,0.49,0.42,794.0,0.331,13.1
318.0,327.0,7508.0,0.16,0.23,1920.0,0.1769,7.1
1318.0,1498.0,6308.0,0.68,0.3,602.0,0.2654,9.8
1110.0,957.0,10788.0,0.25,0.33,2173.0,0.5436,20.9
948.0,873.0,7323.0,0.27,0.08,2005.0,0.3501,14.2
1808.0,1857.0,6605.0,0.55,0.28,1319.0,0.298,11.7
1106.0,1698.0,8712.0,0.29,0.13,1351.0,0.3792,14.5
1202.0,1258.0,8554.0,0.43,0.28,1857.0,0.3032,12.0
1107.0,1409.0,4017.0,0.29,0.5,522.0,0.1954,7.3
874.0,1047.0,8329.0,0.08,0.23,1274.0,0.3389,11.9
160.0,169.0,5706.0,0.44,0.37,860.0,0.0951,3.8
711.0,613.0,6627.0,0.1,0.23,862.0,0.3126,12.3
426.0,500.0,8944.0,0.67,0.08,1601.0,0.1221,4.9
239.0,191.0,7902.0,0.68,0.3,992.0,0.0804,3.1
2554.0,3247.0,6581.0,0.27,0.18,1250.0,0.3912,16.8
2652.0,2733.0,5172.0,0.67,0.14,1935.0,0.3364,12.3
1973.0,1326.0,7538.0,0.17,0.11,1741.0,0.456,18.9
816.0,775.0,6236.0,0.25,0.37,1160.0,0.1871,7.5
1960.0,2162.0,10390.0,0.37,0.64,599.0,0.5536,21.3
672.0,648.0,7740.0,0.15,0.7,553.0,0.3558,12.9
782.0,871.0,10062.0,0.05,0.19,1475.0,0.2888,11.7
277.0,244.0,6731.0,0.44,0.15,1343.0,0.1205,4.7
914.0,751.0,9792.0,0.4,0.45,2093.0,0.3226,12.3
698.0,691.0,4396.0,0.56,0.39,664.0,0.1459,5.8
235.0,236.0,6087.0,0.55,0.35,2200.0,0.1318,5.1
638.0,606.0,4547.0,0.46,0.54,925.0,0.1487,6.3
624.0,750.0,4222.0,0.75,0.55,1201.0,0.1094,4.4
2802.0,2466.0,10432.0,0.14,0.29,2220.0,0.6751,24.6
1360.0,1426.0,9018.0,0.54,0.3,2175.0,0.2698,10.0
671.0,678.0,8376.0,0.5,0.22,1530.0,0.2847,11.3
812.0,643.0,7727.0,0.33,0.16,663.0,0.2883,11.8
689.0,565.0,7987.0,0.49,0.67,1681.0,0.1943,7.6
565.0,566.0,8471.0,0.25,0.38,2023.0,0.2217,9.3
280.0,377.0,9786.0,0.62,0.27,1025.0,0.14,5.5
589.0,643.0,8178.0,0.83,0.34,866.0,0.113,4.5
366.0,283.0,9240.0,0.38,0.41,1494.0,0.1375,5.4
245.0,153.0,5967.0,0.47,0.26,1999.0,0.1124,4.4
1001.0,1118.0,10837.0,0.15,0.17,1510.0,0.4431,16.7
910.0,897.0,4223.0,0.45,0.08,979.0,0.1557,6.4
159.0,189.0,6706.0,0.16,0.22,2238.0,0.1727,6.4
603.0,528.0,10174.0,0.23,0.17,2244.0,0.2845,10.4
1475.0,1555.0,5264.0,0.44,0.42,1817.0,0.2252,7.9
1552.0,1762.0,4989.0,0.38,0.33,649.0,0.249,9.5
1511.0,1413.0,6558.0,0.24,0.7,964.0,0.247,8.9
686.0,644.0,6997.0,0.9,0.52,1737.0,0.1528,5.6
338.0,340.0,10534.0,0.35,0.2,2063.0,0.1777,6.8
280.0,303.0,9853.0,0.39,0.47,1449.0,0.1557,6.4
876.0,874.0,7249.0,0.28,0.54,1108.0,0.2569,9.5
901.0,1043.0,10811.0,0.26,0.35,2269.0,0.3751,14.3
1863.0,1738.0,8496.0,0.37,0.38,1263.0,0.5065,18.0
1604.0,1314.0,10116.0,0.37,0.24,2332.0,0.5491,20.5
598.0,805.0,5722.0,0.41,0.16,1565.0,0.2892,10.6
246.0,225.0,7423.0,0.61,0.11,1729.0,0.1363,5.4
515.0,473.0,4208.0,0.27,0.16,750.0,0.1597,6.1
791.0,784.0,4062.0,0.33,0.13,1035.0,0.1582,6.8
566.0,572.0,8938.0,0.21,0.14,2449.0,0.2883,10.9
419.0,395.0,4828.0,0.29,0.16,1937.0,0.2177,7.9
814.0,812.0,7835.0,0.68,0.16,1454.0,0.2705,9.8
444.0,442.0,8872.0,0.15,0.03,1543.0,0.2133,8.4
402.0,413.0,4226.0,0.07,0.21,676.0,0.1588,6.8
853.0,599.0,7141.0,0.62,0.18,2067.0,0.2226,8.9
482.0,639.0,8789.0,0.02,0.2,643.0,0.3154,12.3
809.0,791.0,10228.0,0.44,0.55,1274.0,0.2832,10.7
828.0,903.0,6095.0,0.8,0.22,1321.0,0.1627,7.0
267.0,217.0,10820.0,0.36,0.45,1706.0,0.135,5.3
453.0,422.0,9912.0,0.32,0.12,1331.0,0.2562,10.5
2101.0,1900.0,8554.0,0.45,0.4,2421.0,0.3502,12.6
263.0,327.0,6743.0,0.05,0.57,2096.0,0.1356,5.9
122.0,112.0,8978.0,0.15,0.08,2419.0,0.1226,4.5
150.0,168.0,9713.0,0.35,0.46,1537.0,0.1061,4.1
681.0,618.0,6123.0,0.42,0.27,1104.0,0.2025,8.7
682.0,637.0,10950.0,0.12,0.5,2463.0,0.3286,11.7
605.0,584.0,10360.0,0.35,0.44,662.0,0.1723,6.2
1757.0,2130.0,7399.0,0.84,0.54,2354.0,0.2489,9.1
78.0,59.0,9060.0,0.31,0.53,692.0,0.0783,3.0
913.0,749.0,7668.0,0.81,0.26,2114.0,0.2438,9.8
2320.0,1732.0,9327.0,0.63,0.3,2060.0,0.345,13.3
270.0,229.0,9789.0,0.28,0.08,1819.0,0.2692,10.1
491.0,435.0,4163.0,0.7,0.31,2065.0,0.1319,5.2
364.0,286.0,4554.0,0.41,0.59,676.0,0.1073,4.3
325.0,291.0,6355.0,0.3,0.6,1247.0,0.1339,5.1
512.0,379.0,10423.0,0.3,0.32,1173.0,0.2201,8.4
2084.0,1789.0,6788.0,0.09,0.73,2463.0,0.4258,15.7
2893.0,3463.0,10213.0,0.23,0.42,1445.0,0.6078,21.9
508.0,540.0,7237.0,0.07,0.16,599.0,0.2449,9.1
3054.0,3141.0,6022.0,0.88,0.16,1019.0,0.2245,9.2
684.0,589.0,10305.0,0.6,0.6,2188.0,0.2435,9.4
2705.0,2149.0,7925.0,0.4,0.07,2283.0,0.5287,20.1
617.0,520.0,6523.0,0.84,0.52,2355.0,0.1312,4.9
739.0,734.0,4311.0,0.37,0.39,788.0,0.1776,6.6
891.0,1015.0,4777.0,0.44,0.18,1876.0,0.1832,7.1
8460.0,9686.0,4975.0,0.05,0.88,1305.0,0.5964,23.7
1314.0,1445.0,6554.0,0.47,0.3,1971.0,0.2243,8.3
378.0,338.0,8251.0,0.22,0.25,2149.0,0.2389,9.1
1444.0,1449.0,6153.0,0.72,0.29,1023.0,0.2336,8.9
498.0,475.0,4459.0,0.37,0.42,1501.0,0.1309,5.3
450.0,436.0,5854.0,0.17,0.66,1155.0,0.2059,7.2
1376.0,1868.0,6861.0,0.32,0.13,1412.0,0.3549,13.6
682.0,524.0,10946.0,0.76,0.33,1081.0,0.1734,6.7
831.0,802.0,6751.0,0.51,0.38,1179.0,0.2774,10.6
673.0,807.0,4624.0,0.91,0.14,1045.0,0.0796,3.1
871.0,699.0,8068.0,0.89,0.38,1097.0,0.2051,8.5
934.0,848.0,10437.0,0.34,0.24,1656.0,0.3648,13.9
141.0,130.0,9507.0,0.52,0.15,1701.0,0.1238,5.2
1134.0,1096.0,9854.0,0.12,0.6,2341.0,0.5187,20.0
303.0,239.0,10498.0,0.03,0.53,1281.0,0.1754,7.4
210.0,229.0,8456.0,0.49,0.32,1815.0,0.1047,4.5
635.0,701.0,10964.0,0.31,0.19,2431.0,0.3127,11.7
711.0,768.0,4233.0,0.16,0.31,1433.0,0.1538,6.3
382.0,335.0,9844.0,0.23,0.05,2058.0,0.2202,8.3
1293.0,1310.0,9999.0,0.25,0.6,2440.0,0.3738,14.3
227.0,199.0,10417.0,0.41,0.14,2080.0,0.1296,5.0
480.0,457.0,7347.0,0.41,0.26,661.0,0.1681,6.7
417.0,575.0,9514.0,0.37,0.36,886.0,0.2277,8.9
641.0,650.0,5366.0,0.58,0.73,1090.0,0.1588,6.4
831.0,696.0,8222.0,0.72,0.44,1872.0,0.2051,7.6
297.0,305.0,6511.0,0.41,0.44,1843.0,0.1315,5.2
1187.0,969.0,8173.0,0.22,0.61,774.0,0.3065,12.0
700.0,584.0,8729.0,0.2,0.28,1399.0,0.2115,7.9
146.0,125.0,6429.0,0.16,0.39,1344.0,0.088,3.5
139.0,130.0,5514.0,0.11,0.28,1880.0,0.1124,4.8
659.0,758.0,6252.0,0.17,0.3,1022.0,0.2727,11.1
557.0,608.0,8648.0,0.12,0.36,976.0,0.2288,8.4
612.0,662.0,8738.0,0.58,0.27,1693.0,0.2549,9.8
650.0,552.0,9189.0,0.35,0.32,666.0,0.206,7.9
797.0,735.0,4886.0,0.36,0.31,1838.0,0.1869,7.1
1420.0,1479.0,9730.0,0.21,0.39,1379.0,0.4758,16.9
273.0,249.0,8817.0,0.14,0.2,1573.0,0.1586,6.9
260.0,250.0,4214.0,0.07,0.16,2104.0,0.115,4.5
277.0,296.0,6349.0,0.27,0.17,862.0,0.1525,5.9
838.0,795.0,7267.0,0.5,0.09,920.0,0.2804,10.9
1801.0,1863.0,6524.0,0.55,0.31,2302.0,0.2359,8.8
471.0,598.0,4822.0,0.18,0.24,1982.0,0.1854,6.9
90.0,88.0,5451.0,0.29,0.18,1025.0,0.0911,3.6
170.0,203.0,4172.0,0.37,0.19,1941.0,0.075,3.2
342.0,371.0,4652.0,0.56,0.25,1414.0,0.1172,4.0
426.0,342.0,5864.0,0.51,0.41,1735.0,0.1223,4.7
480.0,407.0,9740.0,0.84,0.16,2073.0,0.2349,9.1
686.0,605.0,7686.0,0.33,0.32,590.0,0.3316,12.1
518.0,456.0,6971.0,0.14,0.34,1722.0,0.2032,8.0
1540.0,1519.0,8635.0,0.36,0.31,1177.0,0.5165,18.8
387.0,425.0,7791.0,0.42,0.47,1532.0,0.1466,5.8
334.0,403.0,4921.0,0.76,0.64,1228.0,0.0956,3.4
976.0,1022.0,5558.0,0.27,0.1,2382.0,0.2019,7.6
195.0,182.0,5558.0,0.83,0.69,1694.0,0.0474,1.9
908.0,665.0,8200.0,0.31,0.2,2193.0,0.3054,10.7
722.0,730.0,7231.0,0.47,0.3,1013.0,0.2084,7.8
591.0,593.0,6713.0,0.53,0.1,1229.0,0.2016,8.0
2370.0,2436.0,7896.0,0.3,0.21,2074.0,0.5022,20.9
404.0,555.0,10791.0,0.06,0.49,969.0,0.2427,9.1
3457.0,4164.0,6199.0,0.15,0.39,2500.0,0.4386,15.9
555.0,625.0,7641.0,0.07,0.31,1820.0,0.2243,8.5
239.0,207.0,7363.0,0.13,0.14,2294.0,0.2202,8.4
703.0,651.0,9017.0,0.12,0.37,709.0,0.3507,12.6
281.0,277.0,9112.0,0.46,0.79,1328.0,0.1786,6.7
365.0,324.0,9103.0,0.66,0.27,1172.0,0.2054,8.2
914.0,985.0,5411.0,0.13,0.31,2442.0,0.1994,8.0
1037.0,1094.0,7144.0,0.58,0.54,789.0,0.2651,10.0
404.0,343.0,9678.0,0.2,0.14,1996.0,0.2027,7.7
1465.0,1754.0,6671.0,0.14,0.62,1762.0,0.4054,14.9
1679.0,1705.0,10890.0,0.49,0.29,2203.0,0.5458,20.7
2099.0,1619.0,6554.0,0.72,0.05,2455.0,0.2138,8.0
1016.0,1008.0,7484.0,0.17,0.34,2112.0,0.3407,13.0
1980.0,2065.0,7322.0,0.37,0.48,1004.0,0.3284,12.1
148.0,171.0,7036.0,0.1,0.41,2168.0,0.1146,4.3
516.0,490.0,9919.0,0.53,0.72,1554.0,0.1619,6.3
332.0,376.0,5087.0,0.17,0.58,1807.0,0.1612,6.3
732.0,753.0,7974.0,0.5,0.44,1061.0,0.196,7.5
421.0,346.0,8330.0,0.42,0.36,2132.0,0.1456,5.6
582.0,471.0,9959.0,0.11,0.19,1389.0,0.2713,9.9
2998.0,3548.0,8264.0,0.47,0.45,2117.0,0.4607,17.6
581.0,695.0,10720.0,0.69,0.48,1355.0,0.1943,8.1
926.0,972.0,10105.0,0.19,0.18,1733.0,0.4644,19.1
552.0,691.0,6441.0,0.28,0.05,706.0,0.2345,9.2
707.0,828.0,10019.0,0.07,0.47,685.0,0.3528,13.2
668.0,741.0,10709.0,0.3,0.33,2406.0,0.3117,12.5
952.0,830.0,5800.0,0.51,0.56,1952.0,0.222,8.3
1690.0,2191.0,8271.0,0.29,0.6,845.0,0.4406,17.7
2485.0,2693.0,5973.0,0.48,0.25,1695.0,0.5422,20.8
852.0,804.0,8547.0,0.41,0.2,2062.0,0.3251,12.3
1066.0,964.0,4655.0,0.29,0.23,1697.0,0.204,8.4
265.0,275.0,9139.0,0.45,0.43,1397.0,0.1365,5.2
620.0,483.0,6939.0,0.35,0.28,2170.0,0.2454,8.8
1411.0,1567.0,8111.0,0.46,0.17,602.0,0.4239,16.6
1330.0,1153.0,4181.0,0.29,0.18,1767.0,0.1712,6.6
788.0,833.0,8868.0,0.54,0.13,1446.0,0.32,12.2
1352.0,1250.0,7472.0,0.66,0.65,1796.0,0.2234,8.6
985.0,947.0,8377.0,0.27,0.7,1081.0,0.2769,10.7
1738.0,1551.0,6210.0,0.09,0.21,825.0,0.412,16.0
838.0,818.0,5021.0,0.25,0.5,2448.0,0.1786,7.5
500.0,664.0,7048.0,0.31,0.14,2228.0,0.2307,8.7
870.0,1071.0,10608.0,0.44,0.31,2318.0,0.2282,9.3
64.0,67.0,5595.0,0.26,0.44,2038.0,0.0747,2.8
904.0,900.0,8731.0,0.69,0.5,630.0,0.2469,9.2
36.0,41.0,4349.0,0.66,0.38,1756.0,0.0331,1.3
168.0,198.0,9027.0,0.48,0.17,1263.0,0.1217,4.9
955.0,843.0,5669.0,0.62,0.6,1169.0,0.1695,6.5
975.0,963.0,7161.0,0.58,0.12,998.0,0.2591,10.1
262.0,200.0,6574.0,0.27,0.39,861.0,0.1297,5.2
376.0,445.0,4790.0,0.24,0.8,779.0,0.134,4.7
1991.0,2714.0,6419.0,0.42,0.21,742.0,0.2388,9.7
452.0,457.0,6451.0,0.21,0.44,1923.0,0.2407,9.1
4001.0,2909.0,7655.0,0.38,0.38,2361.0,0.4819,17.3
664.0,728.0,10806.0,0.37,0.43,1261.0,0.36,13.7
922.0,805.0,7290.0,0.27,0.38,712.0,0.2529,10.1
2425.0,2195.0,10401.0,0.13,0.45,942.0,0.7672,30.5
739.0,811.0,7231.0,0.32,0.32,1994.0,0.2715,11.3
298.0,310.0,4753.0,0.24,0.38,1197.0,0.1534,5.9
609.0,566.0,5611.0,0.24,0.49,1826.0,0.1959,7.5
646.0,586.0,6853.0,0.46,0.72,911.0,0.1434,5.6
223.0,227.0,6278.0,0.31,0.44,2014.0,0.1248,4.5
542.0,510.0,10061.0,0.47,0.23,1810.0,0.2151,8.3
367.0,311.0,8751.0,0.13,0.3,944.0,0.1904,8.0
1393.0,1326.0,8048.0,0.48,0.39,2364.0,0.2748,9.9
684.0,720.0,7439.0,0.24,0.26,1545.0,0.2251,9.2
530.0,516.0,6781.0,0.17,0.11,940.0,0.1386,5.2
611.0,494.0,8285.0,0.24,0.26,1633.0,0.2451,9.2
795.0,922.0,4872.0,0.2,0.27,1331.0,0.2276,8.8
1089.0,722.0,5138.0,0.26,0.15,2334.0,0.2142,7.9
299.0,280.0,6122.0,0.73,0.21,1120.0,0.1053,4.0
289.0,263.0,5198.0,0.16,0.03,2273.0,0.1535,6.0
1610.0,1646.0,8740.0,0.39,0.24,1985.0,0.4381,18.9
478.0,520.0,4173.0,0.55,0.34,1860.0,0.1401,5.9
214.0,254.0,5121.0,0.5,0.23,868.0,0.1206,4.1
949.0,853.0,10318.0,0.11,0.26,672.0,0.433,16.1
964.0,1052.0,10983.0,0.33,0.78,2229.0,0.3834,13.9
195.0,201.0,7413.0,0.11,0.41,1641.0,0.2147,7.4
799.0,618.0,7468.0,0.86,0.34,2431.0,0.1865,7.3
1198.0,1593.0,9414.0,0.53,0.37,1533.0,0.3434,13.4
897.0,723.0,4253.0,0.27,0.29,1683.0,0.2364,9.9
1103.0,1174.0,6989.0,0.34,0.27,2494.0,0.2822,11.1
216.0,229.0,4699.0,0.1,0.24,1932.0,0.1033,4.1
867.0,903.0,6806.0,0.72,0.15,1220.0,0.2157,8.5
522.0,485.0,10887.0,0.28,0.54,2156.0,0.261,9.6
452.0,512.0,9275.0,0.32,0.17,1091.0,0.2222,8.3
1335.0,1056.0,10895.0,0.09,0.43,1550.0,0.581,21.4
2172.0,2151.0,9222.0,0.49,0.04,976.0,0.3312,13.6
2795.0,2568.0,8257.0,0.11,0.24,2489.0,0.5438,21.0
1904.0,1720.0,9280.0,0.62,0.39,2369.0,0.3309,12.6
609.0,650.0,8614.0,0.23,0.46,2248.0,0.2315,8.2
882.0,1037.0,7248.0,0.31,0.11,1302.0,0.2754,10.6
1228.0,1167.0,6048.0,0.28,0.26,1957.0,0.232,9.0
733.0,824.0,7641.0,0.31,0.5,1022.0,0.3391,12.4
738.0,744.0,5809.0,0.49,0.13,1280.0,0.2198,8.6
1286.0,1124.0,7407.0,0.34,0.15,2109.0,0.2955,11.2
634.0,610.0,5023.0,0.61,0.19,613.0,0.1202,4.5
371.0,355.0,7958.0,0.76,0.42,599.0,0.1129,4.5
477.0,430.0,5717.0,0.11,0.36,1822.0,0.1753,7.0
1104.0,1178.0,6055.0,0.21,0.39,2049.0,0.234,9.1
667.0,691.0,7493.0,0.36,0.14,1267.0,0.3697,14.6
873.0,688.0,5138.0,0.31,0.08,1849.0,0.1631,6.8
1137.0,887.0,10737.0,0.81,0.66,2306.0,0.2795,10.4
493.0,525.0,7129.0,0.58,0.19,700.0,0.1721,6.5
1218.0,1078.0,6466.0,0.38,0.07,2161.0,0.2636,10.6
901.0,942.0,4204.0,0.41,0.22,1663.0,0.1092,4.4
248.0,278.0,9903.0,0.32,0.46,1345.0,0.16,6.0
2109.0,1743.0,8381.0,0.21,0.49,603.0,0.5205,18.5
446.0,361.0,6915.0,0.34,0.58,1268.0,0.2017,7.4
177.0,227.0,5719.0,0.44,0.15,2088.0,0.1186,4.3
288.0,304.0,9216.0,0.33,0.47,1584.0,0.1987,7.8
294.0,276.0,10618.0,0.36,0.08,853.0,0.1355,5.1
693.0,603.0,6666.0,0.75,0.08,964.0,0.1691,6.6
534.0,495.0,4944.0,0.08,0.38,2195.0,0.2889,11.6
508.0,425.0,4764.0,0.02,0.33,1366.0,0.2333,8.9
1092.0,1247.0,4045.0,0.55,0.58,691.0,0.1047,4.2
873.0,777.0,9208.0,0.67,0.13,2447.0,0.2422,9.7
856.0,1009.0,10870.0,0.19,0.65,1007.0,0.2528,10.0
923.0,869.0,10950.0,0.34,0.47,2093.0,0.3278,12.9
1089.0,931.0,9489.0,0.34,0.45,526.0,0.4987,19.3
123.0,116.0,5135.0,0.28,0.11,1013.0,0.096,4.1
497.0,335.0,10844.0,0.18,0.47,1174.0,0.1833,7.4
116.0,114.0,6295.0,0.3,0.6,2219.0,0.0788,2.8
685.0,667.0,6335.0,0.28,0.25,1996.0,0.2271,8.8
663.0,750.0,8811.0,0.69,0.68,1116.0,0.1749,6.6
1535.0,1157.0,4343.0,0.4,0.11,2075.0,0.2429,9.2
1720.0,2048.0,9780.0,0.38,0.13,2120.0,0.4127,16.1
782.0,885.0,10981.0,0.41,0.16,1524.0,0.2703,10.9
446.0,538.0,9425.0,0.16,0.08,1516.0,0.2103,8.4
981.0,973.0,9472.0,0.35,0.61,1519.0,0.3227,11.4
436.0,508.0,6732.0,0.25,0.09,835.0,0.219,8.7
664.0,533.0,4461.0,0.51,0.18,2125.0,0.1896,6.8
1464.0,1629.0,9549.0,0.44,0.13,1929.0,0.3591,14.2
426.0,379.0,8180.0,0.14,0.57,2199.0,0.2424,9.5
1267.0,989.0,10365.0,0.6,0.44,2131.0,0.4173,16.1
1144.0,966.0,4812.0,0.2,0.17,2071.0,0.2314,9.0
310.0,310.0,6136.0,0.32,0.17,2061.0,0.1364,5.5
1450.0,1281.0,6525.0,0.6,0.57,2389.0,0.3256,12.6
1163.0,1231.0,8783.0,0.75,0.29,1711.0,0.3261,13.6
722.0,550.0,9514.0,0.51,0.2,2156.0,0.195,7.4
361.0,263.0,10727.0,0.71,0.64,2103.0,0.1813,6.9
334.0,411.0,6068.0,0.65,0.05,1040.0,0.1809,6.8
433.0,495.0,7455.0,0.53,0.11,1631.0,0.1904,7.6
1027.0,877.0,4203.0,0.46,0.14,1959.0,0.1626,6.1
310.0,310.0,5771.0,0.57,0.16,707.0,0.1195,4.5
944.0,1100.0,6618.0,0.92,0.19,1561.0,0.2283,8.8
246.0,262.0,8157.0,0.37,0.25,506.0,0.1874,6.6
565.0,578.0,7296.0,0.19,0.56,981.0,0.2418,9.1
726.0,856.0,6551.0,0.19,0.33,1473.0,0.3646,14.4
4704.0,4215.0,8369.0,0.45,0.09,1114.0,0.5984,21.5
221.0,222.0,9800.0,0.56,0.29,2042.0,0.1341,5.1
2159.0,2154.0,5692.0,0.09,0.13,1775.0,0.4489,16.0
750.0,720.0,6400.0,0.51,0.17,1035.0,0.1845,7.9
924.0,872.0,8934.0,0.33,0.6,534.0,0.2074,8.2
731.0,739.0,9446.0,0.68,0.4,1009.0,0.25,9.8
949.0,954.0,9778.0,0.58,0.62,1538.0,0.2136,9.1
588.0,503.0,5465.0,0.31,0.27,2024.0,0.1679,6.4
2129.0,2401.0,7775.0,0.21,0.06,1707.0,0.4509,17.8
462.0,399.0,10300.0,0.33,0.12,612.0,0.2061,8.9
1645.0,1592.0,6744.0,0.37,0.6,1433.0,0.2828,11.4
397.0,380.0,7009.0,0.58,0.5,2419.0,0.1789,6.5
634.0,669.0,10894.0,0.36,0.43,2308.0,0.3367,12.5
282.0,205.0,4791.0,0.14,0.54,1985.0,0.1169,4.7
957.0,1094.0,8939.0,0.49,0.41,1068.0,0.2464,9.9
2114.0,1909.0,9951.0,0.49,0.3,544.0,0.487,18.1
625.0,751.0,5056.0,0.65,0.31,1413.0,0.1147,4.9
568.0,529.0,9001.0,0.38,0.08,1249.0,0.2494,9.4
273.0,271.0,7288.0,0.59,0.43,1852.0,0.092,3.9
554.0,738.0,9970.0,0.44,0.2,641.0,0.3748,13.4
186.0,178.0,10352.0,0.22,0.02,2347.0,0.1754,6.6
320.0,386.0,10107.0,0.13,0.26,1972.0,0.1756,7.5
797.0,802.0,4451.0,0.28,0.35,2442.0,0.223,8.8
1911.0,2034.0,9298.0,0.11,0.33,2231.0,0.433,16.5
6294.0,6361.0,10451.0,0.39,0.71,1360.0,0.6473,27.8
416.0,472.0,8349.0,0.4,0.45,1825.0,0.1936,7.5
2097.0,1892.0,8206.0,0.28,0.54,2191.0,0.4515,17.1
808.0,697.0,4315.0,0.78,0.66,908.0,0.1397,6.0
589.0,536.0,9992.0,0.15,0.21,519.0,0.1833,6.8
940.0,954.0,4325.0,0.36,0.57,1115.0,0.1825,7.1
699.0,676.0,6195.0,0.48,0.18,1375.0,0.1935,7.2
727.0,808.0,10481.0,0.14,0.17,1749.0,0.267,10.5
480.0,583.0,10648.0,0.73,0.37,1027.0,0.122,5.0
217.0,188.0,10943.0,0.83,0.31,1384.0,0.0962,4.0
193.0,173.0,7335.0,0.53,0.63,1797.0,0.1305,5.1
1122.0,904.0,5242.0,0.12,0.21,2149.0,0.3047,11.9
533.0,723.0,7416.0,0.58,0.19,954.0,0.2576,9.5
413.0,432.0,4716.0,0.34,0.24,2100.0,0.1419,5.6
670.0,720.0,10108.0,0.43,0.06,2378.0,0.2559,10.7
1256.0,1028.0,7924.0,0.9,0.06,1319.0,0.1736,6.9
768.0,768.0,6832.0,0.35,0.31,1604.0,0.1638,6.9
394.0,425.0,4557.0,0.65,0.69,520.0,0.1007,3.8
1774.0,1708.0,6837.0,0.14,0.1,1920.0,0.3326,12.5
2353.0,2765.0,10063.0,0.53,0.34,2244.0,0.4371,16.3
988.0,1397.0,8924.0,0.09,0.63,540.0,0.3414,13.4
1449.0,1257.0,4577.0,0.32,0.17,2187.0,0.2863,11.5
1796.0,1541.0,5119.0,0.57,0.2,798.0,0.2377,9.4
1643.0,1440.0,6746.0,0.61,0.49,2184.0,0.206,8.0
1087.0,1383.0,4710.0,0.21,0.37,1584.0,0.1482,5.9
1073.0,1255.0,10538.0,0.42,0.18,1240.0,0.4279,15.3
1008.0,988.0,8566.0,0.56,0.3,2383.0,0.2437,9.6
276.0,278.0,4664.0,0.59,0.43,1725.0,0.0985,3.8
1165.0,1031.0,9516.0,0.48,0.58,577.0,0.2957,11.9
225.0,257.0,6579.0,0.63,0.21,2032.0,0.1015,4.1
352.0,333.0,5714.0,0.67,0.15,865.0,0.1423,5.9
1887.0,1815.0,7990.0,0.35,0.42,2347.0,0.4553,18.6
1303.0,1427.0,4094.0,0.31,0.67,833.0,0.2075,7.3
2186.0,2125.0,7258.0,0.28,0.45,1475.0,0.3555,13.4
535.0,517.0,9907.0,0.29,0.41,1545.0,0.2124,8.4
265.0,265.0,10496.0,0.39,0.06,1628.0,0.1988,8.0
549.0,618.0,6398.0,0.28,0.2,1567.0,0.2786,10.2
722.0,924.0,8497.0,0.62,0.17,1378.0,0.1691,6.8
709.0,774.0,5588.0,0.73,0.34,1926.0,0.189,8.0
1647.0,1858.0,7921.0,0.47,0.6,811.0,0.2884,10.9
498.0,483.0,5778.0,0.54,0.44,2075.0,0.1607,6.5
882.0,793.0,7999.0,0.06,0.55,575.0,0.4653,19.2
302.0,333.0,5202.0,0.5,0.57,2184.0,0.0773,3.2
954.0,978.0,10589.0,0.22,0.66,2000.0,0.4027,15.3
667.0,539.0,10208.0,0.32,0.13,2091.0,0.2705,10.5
365.0,348.0,6358.0,0.55,0.23,1094.0,0.1447,5.9
551.0,544.0,9437.0,0.55,0.34,2199.0,0.1869,7.1
574.0,532.0,4669.0,0.43,0.27,1882.0,0.0996,4.0
536.0,669.0,9183.0,0.57,0.4,2437.0,0.1545,6.5
2744.0,2948.0,5977.0,0.18,0.37,540.0,0.4149,17.2
615.0,755.0,4949.0,0.65,0.33,2081.0,0.1863,7.2
547.0,569.0,8747.0,0.64,0.19,1747.0,0.1986,8.0
124.0,126.0,7289.0,0.31,0.09,2478.0,0.1392,5.4
325.0,283.0,7711.0,0.31,0.18,1386.0,0.1665,6.1
539.0,540.0,7644.0,0.5,0.15,1059.0,0.1729,6.9
384.0,385.0,4416.0,0.39,0.22,2259.0,0.1622,5.5
2009.0,1636.0,4360.0,0.18,0.25,1151.0,0.2672,10.2
583.0,538.0,8208.0,0.53,0.31,1906.0,0.2441,9.5
1865.0,1776.0,8367.0,0.19,0.15,1164.0,0.3499,14.5
699.0,744.0,4330.0,0.37,0.28,2391.0,0.2046,8.1
685.0,734.0,6649.0,0.11,0.36,1552.0,0.3043,11.9
620.0,568.0,8290.0,0.54,0.26,1140.0,0.2326,8.7
667.0,716.0,8597.0,0.38,0.31,2145.0,0.2771,11.1
2631.0,2560.0,9798.0,0.48,0.5,625.0,0.4554,17.3
104.0,68.0,6945.0,0.7,0.53,688.0,0.056,2.2
134.0,125.0,7838.0,0.7,0.35,2173.0,0.0919,3.4
431.0,506.0,8050.0,0.55,0.4,1147.0,0.1524,5.6
673.0,523.0,6184.0,0.07,0.18,853.0,0.2732,10.4
1155.0,1175.0,4377.0,0.58,0.39,1674.0,0.1772,6.6
971.0,1232.0,4030.0,0.71,0.21,1009.0,0.1374,5.0
489.0,436.0,9853.0,0.22,0.35,2474.0,0.2612,9.8
1503.0,1504.0,5402.0,0.23,0.83,2141.0,0.2738,10.5
1516.0,1247.0,8412.0,0.35,0.5,2278.0,0.3638,13.8
771.0,984.0,8039.0,0.28,0.65,2167.0,0.24,8.6
1437.0,1419.0,6797.0,0.64,0.67,2272.0,0.2688,10.3
827.0,833.0,9834.0,0.17,0.36,1176.0,0.3488,13.0
424.0,520.0,8889.0,0.26,0.5,1847.0,0.2098,8.4
1162.0,1284.0,4159.0,0.07,0.17,2314.0,0.2665,9.6
727.0,637.0,9437.0,0.31,0.41,1872.0,0.2824,10.7
666.0,604.0,7549.0,0.19,0.29,2494.0,0.2357,9.3
2161.0,2328.0,6429.0,0.24,0.08,2231.0,0.3667,14.2
94.0,85.0,9088.0,0.37,0.53,642.0,0.0862,3.4
214.0,156.0,8802.0,0.85,0.67,1503.0,0.0966,3.7
257.0,255.0,6174.0,0.47,0.25,1051.0,0.1363,5.2
497.0,398.0,10881.0,0.41,0.22,2250.0,0.2402,9.4
543.0,691.0,8541.0,0.44,0.45,2374.0,0.1974,8.3
199.0,205.0,8240.0,0.68,0.63,1633.0,0.086,3.1
302.0,264.0,4489.0,0.56,0.09,616.0,0.1034,3.9
334.0,301.0,5955.0,0.71,0.21,1193.0,0.1338,5.1
4750.0,3578.0,7129.0,0.27,0.46,877.0,0.5066,19.7
2811.0,2384.0,8414.0,0.3,0.17,1559.0,0.5998,22.2
478.0,557.0,7589.0,0.2,0.28,2470.0,0.2188,8.4
497.0,695.0,9341.0,0.37,0.11,1187.0,0.2224,8.7
265.0,296.0,5838.0,0.31,0.47,1968.0,0.1404,5.5
145.0,143.0,8915.0,0.52,0.27,2162.0,0.1172,4.3
606.0,568.0,9716.0,0.2,0.33,2160.0,0.2208,8.5
299.0,259.0,9355.0,0.42,0.24,799.0,0.1836,7.1
621.0,846.0,9396.0,0.4,0.21,975.0,0.2215,8.8
185.0,180.0,10220.0,0.51,0.52,947.0,0.093,3.7
362.0,497.0,4589.0,0.29,0.44,1095.0,0.1601,5.9
749.0,923.0,8880.0,0.69,0.1,594.0,0.171,6.9
892.0,687.0,10781.0,0.36,0.54,1579.0,0.2887,10.8
929.0,841.0,8016.0,0.33,0.05,1982.0,0.3406,12.7
231.0,209.0,5521.0,0.28,0.46,1022.0,0.1164,4.5
1318.0,1302.0,10991.0,0.15,0.23,1780.0,0.4536,17.7
351.0,348.0,5223.0,0.13,0.12,1591.0,0.1286,5.4
1104.0,1730.0,6349.0,0.64,0.23,698.0,0.1955,7.3
660.0,561.0,5204.0,0.17,0.24,980.0,0.1633,6.9
221.0,229.0,7252.0,0.1,0.28,983.0,0.1489,5.7
516.0,567.0,6932.0,0.43,0.41,1477.0,0.1646,6.4
891.0,891.0,7439.0,0.51,0.19,1756.0,0.1999,7.5
1086.0,1104.0,10496.0,0.22,0.29,1103.0,0.3844,15.6
594.0,508.0,7348.0,0.37,0.37,754.0,0.1774,7.2
2265.0,2302.0,7602.0,0.37,0.11,1038.0,0.4827,18.2
1489.0,1608.0,10207.0,0.67,0.61,580.0,0.3511,13.7
542.0,569.0,9724.0,0.51,0.46,1997.0,0.2345,10.1
1212.0,1320.0,5678.0,0.7,0.43,1899.0,0.2099,8.1
3125.0,3862.0,4090.0,0.24,0.07,1841.0,0.3028,10.7
3192.0,3674.0,8406.0,0.62,0.06,1736.0,0.3452,13.0
249.0,252.0,9914.0,0.37,0.7,1095.0,0.102,4.2
317.0,266.0,7870.0,0.44,0.14,731.0,0.1499,5.7
2182.0,1994.0,5478.0,0.07,0.36,1698.0,0.2888,10.7
285.0,276.0,9189.0,0.45,0.24,1965.0,0.1306,5.5
231.0,240.0,8687.0,0.17,0.58,2122.0,0.1485,5.8
451.0,420.0,7955.0,0.13,0.59,1953.0,0.1967,7.2
931.0,809.0,10043.0,0.14,0.37,1817.0,0.3766,15.8
613.0,513.0,9490.0,0.14,0.6,2149.0,0.2277,8.9
395.0,309.0,8676.0,0.43,0.57,2024.0,0.1451,5.7
388.0,374.0,8653.0,0.61,0.09,2390.0,0.2237,8.8
376.0,302.0,8635.0,0.76,0.36,512.0,0.1463,5.3
329.0,283.0,7676.0,0.24,0.19,793.0,0.1949,7.1
4127.0,3890.0,7247.0,0.24,0.13,1660.0,0.7157,28.1
844.0,691.0,8967.0,0.14,0.46,1302.0,0.3406,13.9
1352.0,1431.0,8273.0,0.54,0.33,1181.0,0.3132,11.4
450.0,503.0,7430.0,0.36,0.48,1992.0,0.2235,8.3
573.0,528.0,4887.0,0.67,0.06,1571.0,0.1361,5.3
376.0,352.0,8914.0,0.44,0.31,1553.0,0.2216,8.3
80.0,86.0,8522.0,0.17,0.65,600.0,0.0707,2.6
221.0,198.0,6396.0,0.84,0.29,1423.0,0.0785,3.2
156.0,139.0,6494.0,0.71,0.35,1716.0,0.0811,3.2
110.0,132.0,5727.0,0.67,0.08,1060.0,0.0748,2.9
256.0,292.0,10733.0,0.75,0.35,978.0,0.0992,4.3
1920.0,2101.0,10021.0,0.15,0.08,1601.0,0.4355,17.1
642.0,738.0,7927.0,0.62,0.54,2324.0,0.1901,7.7
1868.0,1388.0,6812.0,0.69,0.31,733.0,0.2743,10.5
924.0,1132.0,9158.0,0.36,0.18,1118.0,0.2898,11.9
1244.0,1319.0,7694.0,0.56,0.73,616.0,0.3435,13.0
324.0,376.0,10831.0,0.23,0.49,1151.0,0.1884,7.2
1011.0,1072.0,4386.0,0.59,0.41,1890.0,0.1357,5.3
1192.0,1200.0,4240.0,0.81,0.36,1137.0,0.0996,3.8
419.0,402.0,7980.0,0.31,0.17,1297.0,0.17,6.4
1041.0,1100.0,5423.0,0.18,0.69,2371.0,0.2499,9.8
1046.0,998.0,8230.0,0.18,0.18,1194.0,0.314,12.1
429.0,488.0,9470.0,0.48,0.19,1579.0,0.2132,8.5
271.0,214.0,4967.0,0.26,0.32,2367.0,0.0962,3.9
258.0,238.0,7084.0,0.44,0.29,1517.0,0.1222,4.4
713.0,969.0,8821.0,0.2,0.29,840.0,0.2386,9.3
864.0,787.0,9837.0,0.65,0.53,786.0,0.2517,9.7
353.0,340.0,7474.0,0.38,0.23,2298.0,0.161,6.3
679.0,595.0,5443.0,0.46,0.06,2271.0,0.1651,6.3
1050.0,1104.0,8101.0,0.07,0.58,1002.0,0.3705,14.7
1091.0,977.0,7182.0,0.32,0.41,1746.0,0.3011,11.9
2302.0,2239.0,9403.0,0.54,0.43,833.0,0.4942,18.3
1847.0,2098.0,7889.0,0.29,0.75,963.0,0.3565,14.9
299.0,269.0,5956.0,0.33,0.24,2341.0,0.1229,4.7
2558.0,2879.0,9281.0,0.14,0.38,1304.0,0.7189,29.0
435.0,492.0,7624.0,0.51,0.12,917.0,0.1575,6.8
1534.0,1797.0,5243.0,0.32,0.59,1548.0,0.2536,9.9
702.0,717.0,7942.0,0.11,0.33,2202.0,0.279,11.5
478.0,778.0,10638.0,0.37,0.14,2166.0,0.1889,7.8
157.0,183.0,8939.0,0.54,0.3,1824.0,0.1717,5.9
580.0,609.0,6092.0,0.35,0.47,2127.0,0.189,7.1
191.0,168.0,8976.0,0.34,0.4,2059.0,0.1375,5.2
1442.0,1421.0,5978.0,0.46,0.21,2427.0,0.2484,9.6
2238.0,2772.0,7799.0,0.28,0.56,1812.0,0.4913,20.2
352.0,454.0,7686.0,0.43,0.4,1696.0,0.1925,7.5
847.0,1057.0,5732.0,0.65,0.27,2311.0,0.1898,7.5
372.0,419.0,6435.0,0.51,0.35,1223.0,0.0986,4.2
402.0,333.0,10595.0,0.29,0.59,1486.0,0.2158,7.7
1236.0,1330.0,5754.0,0.38,0.34,2218.0,0.2394,9.3
645.0,535.0,9607.0,0.32,0.47,2458.0,0.2202,8.9
2675.0,2140.0,8672.0,0.43,0.19,1343.0,0.4336,16.7
452.0,469.0,7728.0,0.13,0.12,1680.0,0.1615,6.7
1480.0,1600.0,4963.0,0.21,0.56,2175.0,0.3025,12.3
719.0,823.0,5432.0,0.32,0.6,1538.0,0.2354,8.5
1257.0,1355.0,5253.0,0.72,0.47,1309.0,0.1705,6.8
465.0,504.0,8108.0,0.28,0.07,630.0,0.1973,7.6
639.0,552.0,10814.0,0.71,0.17,924.0,0.2348,9.0
606.0,597.0,10141.0,0.44,0.59,1163.0,0.2293,9.0
341.0,272.0,4177.0,0.15,0.19,1303.0,0.1287,5.1
1130.0,836.0,5916.0,0.41,0.45,2052.0,0.2717,9.4
1119.0,1250.0,5101.0,0.5,0.63,834.0,0.1886,7.6
1069.0,955.0,10830.0,0.45,0.04,645.0,0.4341,17.6
2275.0,2593.0,5649.0,0.3,0.2,1676.0,0.3097,11.7
2121.0,2504.0,5409.0,0.28,0.22,516.0,0.3354,13.9
493.0,449.0,8346.0,0.37,0.27,2362.0,0.2709,10.0
896.0,979.0,7893.0,0.07,0.19,1012.0,0.3463,13.5
404.0,366.0,5581.0,0.19,0.27,2167.0,0.2574,9.9
678.0,514.0,8693.0,0.67,0.51,1259.0,0.1875,7.2
412.0,419.0,4679.0,0.34,0.52,2498.0,0.0978,3.9
2431.0,2265.0,4136.0,0.49,0.45,1503.0,0.2093,7.7
890.0,833.0,4577.0,0.4,0.36,2426.0,0.1824,6.8
559.0,751.0,6554.0,0.07,0.46,1438.0,0.2502,9.4
1728.0,1375.0,10825.0,0.28,0.74,1929.0,0.5001,20.9
117.0,124.0,7831.0,0.61,0.6,627.0,0.0771,3.0
133.0,114.0,9283.0,0.08,0.6,1390.0,0.1281,5.0
1257.0,1441.0,6250.0,0.91,0.76,1042.0,0.2419,8.6
698.0,730.0,9035.0,0.53,0.6,2086.0,0.1704,7.1
813.0,860.0,10763.0,0.46,0.49,1565.0,0.2586,10.3
230.0,200.0,6504.0,0.5,0.16,1780.0,0.1157,4.2
653.0,582.0,10993.0,0.38,0.12,1008.0,0.2199,8.9
3304.0,3797.0,8469.0,0.69,0.27,734.0,0.3061,12.2
1286.0,1677.0,9240.0,0.55,0.5,1861.0,0.4359,15.6
762.0,819.0,5765.0,0.07,0.48,1385.0,0.2134,8.1
468.0,409.0,8502.0,0.33,0.25,1334.0,0.2105,7.8
485.0,510.0,7577.0,0.36,0.15,2428.0,0.2295,8.6
121.0,174.0,10695.0,0.31,0.18,737.0,0.1009,3.9
817.0,830.0,10333.0,0.64,0.55,1788.0,0.1999,7.7
1308.0,1629.0,6777.0,0.2,0.21,621.0,0.3449,12.8
189.0,169.0,10628.0,0.2,0.35,1870.0,0.1389,5.6
392.0,389.0,10194.0,0.68,0.18,1619.0,0.1476,5.3
263.0,289.0,8133.0,0.23,0.31,1954.0,0.1757,7.0
307.0,326.0,4575.0,0.38,0.21,2002.0,0.1195,4.4
694.0,619.0,5126.0,0.15,0.48,764.0,0.2189,8.3
126.0,111.0,4538.0,0.5,0.37,1049.0,0.0682,2.7
1087.0,1261.0,4756.0,0.48,0.18,1005.0,0.232,8.8
1216.0,1454.0,10839.0,0.22,0.51,1716.0,0.465,17.9
544.0,683.0,5485.0,0.28,0.08,1017.0,0.1537,6.5
91.0,120.0,8836.0,0.27,0.54,1532.0,0.1113,4.3
300.0,306.0,8456.0,0.28,0.36,1384.0,0.1451,6.0
1783.0,1702.0,8418.0,0.52,0.37,1671.0,0.3247,12.3
72.0,88.0,5447.0,0.16,0.41,1203.0,0.0584,2.3
504.0,561.0,8055.0,0.42,0.18,2350.0,0.1411,5.2
259.0,223.0,8379.0,0.04,0.28,2430.0,0.1574,6.3
1266.0,1084.0,7993.0,0.53,0.21,1202.0,0.3076,12.7
388.0,417.0,5303.0,0.39,0.12,2329.0,0.1121,4.6
919.0,895.0,9061.0,0.1,0.1,2086.0,0.5782,20.3
1046.0,1041.0,4513.0,0.34,0.13,952.0,0.1523,5.1
2890.0,3394.0,8138.0,0.28,0.26,1626.0,0.5172,18.2
565.0,634.0,7054.0,0.4,0.39,1255.0,0.1373,5.8
899.0,1097.0,5752.0,0.03,0.3,2102.0,0.3075,12.8
203.0,152.0,9652.0,0.63,0.55,2288.0,0.1192,4.9
1724.0,1791.0,5231.0,0.26,0.46,1745.0,0.2733,10.2
362.0,402.0,10531.0,0.1,0.48,1760.0,0.1889,6.6
425.0,338.0,10192.0,0.28,0.15,1943.0,0.1963,7.3
653.0,592.0,6524.0,0.28,0.61,1490.0,0.2146,8.2
191.0,168.0,6136.0,0.22,0.45,1441.0,0.0978,4.0
799.0,801.0,4962.0,0.2,0.13,1626.0,0.2095,8.2
1442.0,1841.0,10414.0,0.08,0.25,2137.0,0.526,20.3
841.0,1139.0,8393.0,0.44,0.54,1795.0,0.2359,8.7
187.0,165.0,4222.0,0.09,0.08,788.0,0.08,3.2
602.0,652.0,7577.0,0.31,0.44,781.0,0.175,6.6
1204.0,1310.0,4601.0,0.6,0.34,1332.0,0.1376,5.3
148.0,157.0,8016.0,0.24,0.44,1818.0,0.1016,3.9
282.0,299.0,7563.0,0.45,0.42,1282.0,0.1362,5.4
1341.0,1404.0,4580.0,0.26,0.08,1263.0,0.2447,9.4
826.0,1063.0,9711.0,0.49,0.6,2291.0,0.3028,11.8
925.0,1091.0,5836.0,0.47,0.37,2236.0,0.1495,6.0
2944.0,2511.0,7790.0,0.52,0.47,1451.0,0.4735,17.6
968.0,1090.0,8473.0,0.63,0.09,1937.0,0.2539,9.1
1126.0,1287.0,10736.0,0.18,0.26,1404.0,0.6548,25.1
5817.0,6099.0,7457.0,0.35,0.14,1706.0,0.6922,26.9
561.0,664.0,10421.0,0.51,0.65,1049.0,0.1908,7.1
351.0,361.0,6484.0,0.1,0.56,1495.0,0.1769,6.8
937.0,965.0,10002.0,0.3,0.18,1785.0,0.4071,14.9
945.0,962.0,5651.0,0.25,0.43,1384.0,0.2084,8.0
436.0,322.0,8952.0,0.8,0.09,2019.0,0.1803,6.8
291.0,288.0,4620.0,0.88,0.19,1035.0,0.119,4.2
4221.0,3819.0,10902.0,0.16,0.53,526.0,1.0479,38.1
864.0,723.0,10678.0,0.54,0.06,2329.0,0.286,11.2
370.0,459.0,7095.0,0.27,0.3,1222.0,0.2544,9.3
1384.0,1493.0,7668.0,0.72,0.31,1004.0,0.2712,11.1
610.0,607.0,8184.0,0.45,0.58,1452.0,0.1626,6.4
543.0,499.0,5925.0,0.42,0.2,999.0,0.1915,7.1
1043.0,1090.0,8721.0,0.33,0.77,1966.0,0.301,10.8
237.0,275.0,8890.0,0.24,0.3,1114.0,0.1396,5.6
882.0,779.0,7676.0,0.39,0.13,2483.0,0.2895,11.2
3073.0,3071.0,5034.0,0.61,0.01,1052.0,0.2285,8.8
966.0,1100.0,10434.0,0.34,0.44,1224.0,0.4719,18.4
492.0,368.0,4805.0,0.54,0.29,1577.0,0.1477,6.1
443.0,440.0,8404.0,0.68,0.07,507.0,0.1247,4.7
479.0,449.0,4722.0,0.74,0.41,508.0,0.1203,5.0
543.0,532.0,5023.0,0.4,0.23,968.0,0.1925,7.0
492.0,456.0,4144.0,0.17,0.43,663.0,0.2194,8.0
1384.0,1413.0,6544.0,0.8,0.17,2020.0,0.2953,11.8
166.0,222.0,8477.0,0.43,0.31,2244.0,0.153,6.3
1326.0,1263.0,7651.0,0.29,0.33,1326.0,0.3233,12.5
491.0,513.0,8722.0,0.23,0.32,1533.0,0.2453,9.7
899.0,1213.0,8725.0,0.07,0.4,1725.0,0.2994,11.7
270.0,249.0,4981.0,0.51,0.33,690.0,0.1288,5.0
1925.0,2528.0,4401.0,0.25,0.36,1440.0,0.168,6.8
1802.0,1803.0,8378.0,0.3,0.21,2419.0,0.3784,13.5
1433.0,1872.0,8573.0,0.34,0.13,916.0,0.3586,14.3
198.0,222.0,7897.0,0.72,0.1,668.0,0.1089,4.0
1291.0,1352.0,5720.0,0.55,0.53,1061.0,0.2064,8.4
920.0,911.0,9675.0,0.51,0.15,1596.0,0.4003,15.4
184.0,168.0,4530.0,0.6,0.13,2237.0,0.076,2.9
652.0,660.0,8426.0,0.38,0.92,1210.0,0.1579,6.1
890.0,1019.0,4843.0,0.21,0.38,1190.0,0.21,8.2
1038.0,1036.0,8581.0,0.22,0.66,1186.0,0.2755,10.9
766.0,731.0,6924.0,0.61,0.31,2182.0,0.2167,8.6
840.0,809.0,9027.0,0.43,0.06,1439.0,0.366,14.7
2162.0,2509.0,4365.0,0.28,0.03,1163.0,0.3877,14.8
1774.0,2132.0,7886.0,0.74,0.56,854.0,0.3697,13.1
67.0,61.0,5014.0,0.58,0.11,751.0,0.0496,1.9
516.0,467.0,8777.0,0.49,0.22,2448.0,0.2056,7.7
583.0,617.0,4840.0,0.47,0.26,1473.0,0.1858,6.8
164.0,206.0,4515.0,0.31,0.5,644.0,0.0731,2.9
717.0,852.0,8992.0,0.47,0.34,2313.0,0.1942,8.3
1806.0,1497.0,4445.0,0.34,0.18,2408.0,0.2712,10.5
279.0,268.0,5572.0,0.3,0.17,974.0,0.1117,4.1
871.0,757.0,9773.0,0.08,0.06,1132.0,0.4998,17.6
320.0,307.0,9668.0,0.7,0.66,2421.0,0.1144,4.7
389.0,494.0,9979.0,0.56,0.3,532.0,0.2069,7.6
2169.0,1752.0,6283.0,0.43,0.03,1149.0,0.3853,14.7
431.0,338.0,7696.0,0.52,0.43,1360.0,0.1997,7.9
963.0,850.0,9413.0,0.76,0.27,2041.0,0.1644,6.7
149.0,155.0,4959.0,0.35,0.74,1236.0,0.0955,3.8
2951.0,3239.0,9071.0,0.15,0.48,1177.0,0.7808,29.4
1077.0,1150.0,4682.0,0.57,0.17,1959.0,0.1962,7.2
575.0,686.0,10393.0,0.39,0.4,2199.0,0.2275,10.2
1054.0,809.0,8461.0,0.36,0.18,687.0,0.3769,14.2
215.0,257.0,7453.0,0.09,0.48,785.0,0.1191,4.7
1713.0,1635.0,7393.0,0.55,0.4,1820.0,0.3091,12.3
513.0,573.0,5270.0,0.3,0.15,1129.0,0.2184,8.3
565.0,463.0,6421.0,0.63,0.59,1837.0,0.1192,4.2
449.0,449.0,9090.0,0.35,0.28,848.0,0.2202,8.8
418.0,433.0,7787.0,0.41,0.13,2108.0,0.1901,7.4
1159.0,1379.0,7705.0,0.17,0.23,1143.0,0.3632,15.3
816.0,644.0,5367.0,0.23,0.05,1170.0,0.2014,7.6
1120.0,1126.0,8833.0,0.59,0.35,858.0,0.2445,9.8
660.0,561.0,6744.0,0.37,0.17,923.0,0.1871,6.7
1003.0,1082.0,5279.0,0.5,0.26,1697.0,0.1522,5.8
476.0,535.0,10606.0,0.09,0.17,1663.0,0.3188,12.5
3959.0,4802.0,7548.0,0.36,0.41,2149.0,0.485,19.0
190.0,175.0,7696.0,0.32,0.14,1761.0,0.1197,4.6
1824.0,2096.0,10870.0,0.19,0.29,1356.0,0.7235,27.1
1987.0,2437.0,6565.0,0.27,0.75,2107.0,0.2904,11.9
336.0,263.0,10601.0,0.19,0.39,533.0,0.2464,9.6
3958.0,4338.0,8864.0,0.35,0.19,1904.0,0.5511,21.3
1475.0,1703.0,8432.0,0.34,0.14,1586.0,0.3777,14.5
1447.0,1391.0,5641.0,0.34,0.25,942.0,0.2472,9.0
680.0,567.0,4362.0,0.42,0.54,1775.0,0.1629,6.8
559.0,644.0,7064.0,0.22,0.51,2473.0,0.2101,7.8
563.0,470.0,4071.0,0.48,0.79,1193.0,0.1453,5.5
909.0,885.0,4497.0,0.3,0.19,1777.0,0.1857,7.4
2040.0,2028.0,8167.0,0.24,0.14,1379.0,0.3544,13.2
769.0,856.0,9071.0,0.41,0.39,1285.0,0.2394,9.4
321.0,292.0,5176.0,0.42,0.11,1114.0,0.0924,3.9
1286.0,1161.0,9128.0,0.6,0.53,958.0,0.2667,12.5
1390.0,1411.0,10648.0,0.36,0.6,971.0,0.4254,17.5
1123.0,1306.0,9202.0,0.3,0.25,2049.0,0.408,16.2
1208.0,1702.0,9493.0,0.13,0.27,1148.0,0.4289,16.5
536.0,427.0,8905.0,0.3,0.32,1559.0,0.1772,6.7
316.0,332.0,5573.0,0.69,0.34,927.0,0.1106,4.3
332.0,282.0,6526.0,0.41,0.44,925.0,0.1412,5.9
180.0,209.0,10645.0,0.43,0.16,1674.0,0.1345,5.3
804.0,698.0,8628.0,0.48,0.51,1666.0,0.2363,9.2
622.0,562.0,9523.0,0.36,0.59,1511.0,0.1783,6.3
468.0,428.0,10781.0,0.39,0.25,1886.0,0.2381,9.0
63.0,62.0,5620.0,0.1,0.36,1774.0,0.0623,2.6
245.0,257.0,6252.0,0.23,0.39,900.0,0.1057,4.2
1631.0,1753.0,8514.0,0.4,0.66,611.0,0.4013,15.0
391.0,391.0,4171.0,0.7,0.38,1039.0,0.0929,3.6
888.0,727.0,7999.0,0.31,0.08,1362.0,0.2858,12.0
219.0,244.0,9661.0,0.26,0.78,917.0,0.1567,5.8
2103.0,2086.0,8273.0,0.34,0.22,1465.0,0.4933,18.8
593.0,706.0,6068.0,0.47,0.16,573.0,0.1466,5.7
839.0,754.0,9069.0,0.5,0.35,1454.0,0.2289,9.2
4275.0,3362.0,5022.0,0.33,0.35,1203.0,0.6393,23.6
2238.0,2226.0,10263.0,0.33,0.14,2418.0,0.6808,29.0
520.0,632.0,4706.0,0.12,0.16,2253.0,0.2048,8.6
414.0,424.0,10044.0,0.37,0.5,2402.0,0.1988,8.0
513.0,498.0,7485.0,0.4,0.51,1818.0,0.1568,6.0
1000.0,878.0,7001.0,0.26,0.09,2444.0,0.2691,11.2
611.0,796.0,7505.0,0.32,0.08,879.0,0.2149,8.6
485.0,415.0,5401.0,0.73,0.45,1565.0,0.1195,4.7
2151.0,1929.0,7204.0,0.2,0.19,1986.0,0.3532,13.4
607.0,661.0,9948.0,0.52,0.13,1465.0,0.2791,11.0
4187.0,3169.0,9607.0,0.41,0.4,927.0,0.4067,16.0
715.0,866.0,5141.0,0.69,0.24,1808.0,0.1799,7.2
2775.0,3047.0,8714.0,0.45,0.2,2442.0,0.6386,23.4
885.0,1013.0,9998.0,0.12,0.26,1546.0,0.5539,20.8
1437.0,1563.0,9738.0,0.66,0.32,996.0,0.3364,12.6
373.0,364.0,6979.0,0.46,0.22,581.0,0.1387,5.6
336.0,286.0,4337.0,0.67,0.31,708.0,0.0997,4.0
961.0,941.0,10518.0,0.27,0.51,2054.0,0.4146,15.7
1467.0,1267.0,6771.0,0.24,0.72,1471.0,0.2843,11.3
687.0,739.0,6527.0,0.84,0.41,917.0,0.1148,4.7
238.0,268.0,9317.0,0.45,0.4,2220.0,0.1578,6.0
224.0,280.0,5848.0,0.92,0.36,1372.0,0.0714,3.0
212.0,225.0,9843.0,0.3,0.49,2091.0,0.1203,4.7
162.0,186.0,4532.0,0.63,0.41,2123.0,0.0554,2.1
726.0,694.0,9185.0,0.46,0.14,1936.0,0.4066,15.6
1636.0,1523.0,10761.0,0.36,0.59,2445.0,0.4977,20.3
658.0,706.0,10970.0,0.25,0.16,2294.0,0.3447,13.0
109.0,103.0,10467.0,0.2,0.24,751.0,0.116,4.6
571.0,595.0,10095.0,0.59,0.53,1188.0,0.2346,8.7
584.0,498.0,5952.0,0.68,0.6,2408.0,0.1205,4.5
3557.0,3117.0,10767.0,0.44,0.33,1811.0,0.6931,27.3
207.0,228.0,10495.0,0.47,0.32,1387.0,0.1416,5.7
487.0,556.0,7741.0,0.6,0.33,2224.0,0.1347,5.4
2604.0,2246.0,6815.0,0.23,0.19,1778.0,0.5144,17.6
953.0,1054.0,4765.0,0.8,0.16,1241.0,0.1166,5.1
1044.0,964.0,8134.0,0.77,0.38,1042.0,0.1794,7.6
729.0,731.0,8904.0,0.67,0.1,2202.0,0.2144,7.9
866.0,1071.0,6828.0,0.12,0.19,2194.0,0.2267,8.4
1239.0,1399.0,6842.0,0.38,0.2,2337.0,0.3621,13.8
348.0,392.0,8013.0,0.36,0.2,2069.0,0.2097,9.0
1343.0,1788.0,4194.0,0.06,0.55,870.0,0.1903,7.2
222.0,200.0,10705.0,0.09,0.38,1277.0,0.209,8.5
865.0,746.0,6029.0,0.19,0.13,1156.0,0.267,10.4
767.0,689.0,4986.0,0.34,0.26,1016.0,0.2096,8.0
406.0,391.0,4038.0,0.3,0.22,2089.0,0.113,4.3
653.0,459.0,9998.0,0.69,0.06,749.0,0.1959,7.8
404.0,392.0,10042.0,0.04,0.4,1458.0,0.2818,10.2
282.0,260.0,4667.0,0.67,0.49,2231.0,0.0791,2.9
501.0,564.0,5066.0,0.14,0.47,2078.0,0.1473,6.0
275.0,290.0,7135.0,0.22,0.58,1035.0,0.1281,5.1
861.0,787.0,5300.0,0.58,0.31,571.0,0.099,4.0
265.0,290.0,9151.0,0.23,0.1,1328.0,0.1927,7.5
1176.0,1310.0,4406.0,0.23,0.27,1687.0,0.244,9.2
258.0,230.0,7848.0,0.25,0.23,2209.0,0.1541,6.6
423.0,393.0,6680.0,0.3,0.22,1557.0,0.195,8.4
404.0,289.0,7255.0,0.45,0.16,1032.0,0.1524,6.2
1920.0,1630.0,6973.0,0.61,0.27,1882.0,0.4642,16.8
866.0,775.0,5072.0,0.2,0.42,1303.0,0.1985,7.6
562.0,568.0,5542.0,0.64,0.53,2150.0,0.1459,5.2
991.0,860.0,4454.0,0.49,0.25,547.0,0.1576,6.1
123.0,114.0,4807.0,0.1,0.13,1338.0,0.0945,3.8
643.0,535.0,10845.0,0.32,0.66,1344.0,0.2192,9.3
3288.0,3373.0,5959.0,0.66,0.11,1675.0,0.3381,13.7
739.0,788.0,6149.0,0.42,0.29,1217.0,0.1809,7.2
702.0,746.0,4890.0,0.52,0.27,1304.0,0.1409,6.2
1031.0,1033.0,9286.0,0.43,0.13,1970.0,0.2203,8.9
1362.0,1081.0,10469.0,0.74,0.72,843.0,0.3273,13.2
135.0,123.0,9528.0,0.27,0.11,977.0,0.107,4.1
173.0,163.0,8288.0,0.41,0.33,705.0,0.1078,4.2
787.0,741.0,9693.0,0.59,0.23,1015.0,0.2082,7.9
375.0,380.0,6830.0,0.75,0.3,1511.0,0.1276,5.4
1900.0,2353.0,10016.0,0.26,0.45,878.0,0.4315,17.7
517.0,584.0,9590.0,0.2,0.5,647.0,0.1598,5.9
142.0,122.0,4012.0,0.45,0.27,2493.0,0.0765,3.0
241.0,267.0,7415.0,0.15,0.06,1410.0,0.1505,5.6
74.0,81.0,5852.0,0.07,0.58,2163.0,0.0726,2.8
552.0,489.0,4604.0,0.29,0.62,1978.0,0.1829,7.0
572.0,650.0,9923.0,0.6,0.31,831.0,0.1794,6.8
474.0,462.0,4056.0,0.12,0.39,1525.0,0.1534,6.1
1577.0,1276.0,9111.0,0.31,0.3,1636.0,0.3609,14.4
1735.0,1858.0,10917.0,0.26,0.35,816.0,0.6159,24.7
580.0,600.0,7374.0,0.7,0.31,724.0,0.1696,6.6
121.0,117.0,6599.0,0.38,0.67,1026.0,0.0833,3.1
1090.0,1084.0,8241.0,0.22,0.34,1023.0,0.2668,10.5
1037.0,931.0,9633.0,0.41,0.46,1055.0,0.3976,14.6
852.0,934.0,5682.0,0.53,0.49,1005.0,0.2444,8.7
1459.0,1449.0,5755.0,0.21,0.19,1594.0,0.2531,10.2
262.0,269.0,8250.0,0.06,0.06,1089.0,0.2065,7.5
3318.0,3500.0,10579.0,0.3,0.18,2043.0,0.8159,31.6
309.0,260.0,6089.0,0.69,0.12,605.0,0.1785,6.8
1211.0,1059.0,6637.0,0.72,0.65,1743.0,0.2103,8.2
172.0,124.0,10953.0,0.3,0.22,2045.0,0.1579,5.8
316.0,344.0,5234.0,0.4,0.43,1374.0,0.1226,4.7
2237.0,1865.0,4539.0,0.47,0.25,1139.0,0.2507,9.9
540.0,551.0,8128.0,0.24,0.28,1106.0,0.26,10.3
1302.0,1377.0,4170.0,0.25,0.6,1156.0,0.1537,6.3
804.0,880.0,5263.0,0.43,0.74,735.0,0.2049,8.2
612.0,511.0,8355.0,0.52,0.11,1662.0,0.1765,6.4
1980.0,1961.0,8617.0,0.41,0.42,1747.0,0.4972,18.3
550.0,707.0,7573.0,0.7,0.07,1279.0,0.2021,8.1
160.0,207.0,6686.0,0.48,0.31,2412.0,0.1075,4.4
350.0,406.0,8033.0,0.22,0.4,2323.0,0.1994,7.4
1034.0,1087.0,8504.0,0.19,0.13,1096.0,0.4019,15.2
913.0,785.0,9624.0,0.55,0.33,1965.0,0.2446,10.5
190.0,211.0,9549.0,0.59,0.14,733.0,0.1158,3.9
373.0,364.0,8654.0,0.18,0.15,2016.0,0.223,8.6
418.0,454.0,10260.0,0.55,0.62,1971.0,0.1882,6.7
497.0,452.0,9866.0,0.54,0.64,1213.0,0.2189,8.4
221.0,216.0,4933.0,0.44,0.7,1274.0,0.0839,3.4
402.0,412.0,10697.0,0.66,0.39,1672.0,0.1765,6.8
371.0,385.0,10242.0,0.7,0.33,1060.0,0.1542,6.4
1233.0,1328.0,6246.0,0.24,0.22,1645.0,0.3236,12.6
1271.0,1165.0,4141.0,0.49,0.1,2275.0,0.2083,8.5
592.0,484.0,8228.0,0.78,0.7,1390.0,0.1253,4.9
486.0,620.0,7069.0,0.55,0.18,908.0,0.199,7.6
744.0,1081.0,9247.0,0.48,0.45,1616.0,0.2344,8.9
346.0,370.0,7672.0,0.62,0.37,1806.0,0.1436,6.0
266.0,218.0,4535.0,0.08,0.53,1552.0,0.1562,6.2
314.0,279.0,5713.0,0.36,0.44,547.0,0.0814,3.5
400.0,432.0,10178.0,0.46,0.2,1839.0,0.257,9.6
262.0,321.0,4264.0,0.43,0.16,574.0,0.1064,4.1
757.0,631.0,9157.0,0.32,0.07,1335.0,0.2369,9.7
1192.0,1170.0,6044.0,0.44,0.09,1329.0,0.2534,9.2
187.0,192.0,7168.0,0.37,0.12,2193.0,0.1051,4.0
679.0,773.0,7717.0,0.64,0.16,2225.0,0.22,8.6
558.0,530.0,5751.0,0.06,0.51,2050.0,0.1663,6.6
874.0,691.0,8564.0,0.14,0.29,2139.0,0.3834,15.3
658.0,723.0,8854.0,0.29,0.55,938.0,0.261,10.5
208.0,246.0,4595.0,0.2,0.36,1933.0,0.1198,4.4
242.0,239.0,6617.0,0.35,0.23,1999.0,0.0934,3.6
681.0,724.0,9211.0,0.48,0.31,2056.0,0.1778,7.3
1515.0,1411.0,9051.0,0.54,0.22,2090.0,0.387,14.1
113.0,100.0,7812.0,0.72,0.42,826.0,0.0721,2.8
877.0,1023.0,9444.0,0.24,0.19,1014.0,0.3692,15.0
1723.0,1826.0,4754.0,0.31,0.2,2067.0,0.1723,6.1
589.0,633.0,4827.0,0.52,0.26,795.0,0.1303,5.3
1033.0,1294.0,8602.0,0.27,0.08,748.0,0.4002,16.2
379.0,324.0,8853.0,0.54,0.62,2454.0,0.1445,5.6
605.0,557.0,9702.0,0.6,0.36,2436.0,0.1951,7.4
182.0,186.0,5267.0,0.6,0.57,1173.0,0.0572,2.3
102.0,94.0,7617.0,0.33,0.4,517.0,0.0965,4.2
1414.0,1590.0,8626.0,0.42,0.35,1296.0,0.3287,12.7
302.0,294.0,5566.0,0.44,0.4,552.0,0.142,5.8
462.0,398.0,7618.0,0.2,0.13,787.0,0.2834,11.2
219.0,222.0,8469.0,0.24,0.32,948.0,0.1818,7.3
215.0,221.0,5501.0,0.61,0.14,2178.0,0.0929,3.8
579.0,666.0,6629.0,0.51,0.59,1251.0,0.1521,6.0
371.0,394.0,5514.0,0.32,0.22,516.0,0.1345,5.4
900.0,964.0,10321.0,0.78,0.17,1774.0,0.3288,13.3
955.0,1002.0,5658.0,0.66,0.24,641.0,0.181,6.7
860.0,836.0,4846.0,0.3,0.1,2288.0,0.2622,10.7
805.0,723.0,4246.0,0.11,0.12,991.0,0.2475,9.7
2350.0,2454.0,4315.0,0.58,0.56,975.0,0.2004,7.8
283.0,269.0,5341.0,0.17,0.25,1294.0,0.1251,5.3
637.0,820.0,8257.0,0.68,0.13,715.0,0.2319,9.5
1646.0,2013.0,4124.0,0.32,0.3,546.0,0.2226,8.6
1829.0,2011.0,6007.0,0.69,0.61,2329.0,0.2121,8.2
213.0,226.0,4407.0,0.4,0.14,2227.0,0.0839,3.4
518.0,511.0,6826.0,0.27,0.59,2333.0,0.1988,7.7
1971.0,1632.0,4340.0,0.14,0.17,1853.0,0.2693,10.3
999.0,967.0,8253.0,0.17,0.2,526.0,0.4004,15.1
778.0,790.0,8819.0,0.16,0.38,2446.0,0.4829,18.1
559.0,578.0,9119.0,0.44,0.63,1918.0,0.2329,8.5
489.0,525.0,5570.0,0.55,0.15,1330.0,0.2167,8.3
838.0,962.0,10080.0,0.24,0.25,1965.0,0.2662,11.1
544.0,490.0,8832.0,0.34,0.28,1634.0,0.2552,10.0
643.0,580.0,4397.0,0.24,0.26,1843.0,0.2198,9.1
708.0,881.0,7085.0,0.37,0.79,2148.0,0.2649,9.8
387.0,434.0,9374.0,0.38,0.34,2372.0,0.2562,9.3
1018.0,960.0,6176.0,0.22,0.1,2093.0,0.2756,10.7
6846.0,6737.0,6671.0,0.14,0.38,2292.0,0.9183,33.6
161.0,158.0,8407.0,0.27,0.54,1635.0,0.1031,3.8
862.0,866.0,4388.0,0.11,0.36,1177.0,0.3069,11.7
362.0,389.0,10769.0,0.25,0.37,1839.0,0.1836,6.9
1056.0,1544.0,5221.0,0.48,0.26,1612.0,0.26,9.6
690.0,710.0,4187.0,0.15,0.49,612.0,0.2101,8.7
1224.0,1351.0,4037.0,0.58,0.27,1652.0,0.1961,7.5
1703.0,1323.0,6797.0,0.63,0.15,1335.0,0.4377,16.5
776.0,721.0,10190.0,0.41,0.37,1239.0,0.3069,12.8
1645.0,1978.0,9738.0,0.27,0.04,1949.0,0.4397,15.5
102.0,108.0,10384.0,0.68,0.53,2270.0,0.0931,3.4
2374.0,1229.0,7736.0,0.85,0.27,894.0,0.237,8.7
898.0,993.0,7141.0,0.19,0.26,2090.0,0.2909,11.0
1575.0,2101.0,6701.0,0.35,0.5,839.0,0.2698,11.0
251.0,186.0,4325.0,0.28,0.37,1653.0,0.1155,4.8
342.0,430.0,10367.0,0.26,0.13,2196.0,0.1843,7.2
748.0,493.0,7473.0,0.78,0.31,2312.0,0.161,6.0
656.0,755.0,7185.0,0.58,0.24,1117.0,0.2201,8.3
834.0,833.0,7606.0,0.33,0.22,2138.0,0.3609,12.9
1584.0,1113.0,9559.0,0.23,0.15,2258.0,0.4816,18.9
162.0,173.0,5571.0,0.68,0.49,846.0,0.1113,4.4
1450.0,1723.0,8969.0,0.44,0.69,1269.0,0.3157,12.2
670.0,707.0,8975.0,0.17,0.54,2052.0,0.2799,11.5
565.0,617.0,9947.0,0.58,0.54,529.0,0.2249,8.1
205.0,193.0,4061.0,0.88,0.1,1752.0,0.0629,2.5
995.0,752.0,5193.0,0.02,0.05,1329.0,0.3397,13.0
96.0,107.0,7297.0,0.2,0.23,1535.0,0.0852,3.2
1117.0,1453.0,9954.0,0.64,0.35,1337.0,0.2054,8.3
202.0,239.0,10756.0,0.41,0.66,891.0,0.1306,5.0
694.0,515.0,8164.0,0.25,0.13,1197.0,0.26,10.1
605.0,482.0,5485.0,0.65,0.26,2222.0,0.1979,7.3
1695.0,1493.0,5292.0,0.32,0.46,1722.0,0.2125,8.2
577.0,454.0,8476.0,0.35,0.14,1455.0,0.2238,10.1
382.0,384.0,5470.0,0.67,0.21,1912.0,0.126,5.1
444.0,470.0,7872.0,0.24,0.24,867.0,0.2052,8.6
1841.0,1486.0,9844.0,0.42,0.23,667.0,0.6247,22.1
1022.0,1148.0,6729.0,0.16,0.56,1597.0,0.2884,10.4
489.0,535.0,6649.0,0.18,0.2,523.0,0.1896,8.2
551.0,507.0,4253.0,0.39,0.48,796.0,0.151,6.2
190.0,185.0,5779.0,0.58,0.4,1934.0,0.0826,3.4
908.0,677.0,8887.0,0.78,0.14,2303.0,0.1894,7.3
163.0,155.0,6523.0,0.39,0.17,1071.0,0.095,3.9
1214.0,1215.0,5108.0,0.23,0.13,1265.0,0.2367,9.3
737.0,756.0,4740.0,0.51,0.06,1862.0,0.1562,6.5
4490.0,4752.0,4665.0,0.09,0.35,2110.0,0.44,16.7
276.0,286.0,8614.0,0.83,0.32,1020.0,0.1062,4.5
613.0,589.0,8288.0,0.37,0.63,2152.0,0.224,7.7
2804.0,2926.0,7630.0,0.08,0.09,2445.0,0.7406,26.7
1725.0,2005.0,7502.0,0.27,0.25,676.0,0.5194,17.9
381.0,376.0,5072.0,0.29,0.3,949.0,0.0999,3.8
796.0,834.0,7504.0,0.51,0.36,1952.0,0.1871,6.7
666.0,648.0,4420.0,0.61,0.5,573.0,0.0959,3.6
833.0,756.0,10481.0,0.65,0.48,1068.0,0.2149,8.8
380.0,411.0,4406.0,0.41,0.51,2189.0,0.1124,4.4
619.0,570.0,6965.0,0.26,0.16,1863.0,0.2468,9.4
185.0,196.0,4004.0,0.19,0.65,1781.0,0.1086,4.0
741.0,744.0,9503.0,0.48,0.69,1724.0,0.2246,8.7
953.0,911.0,5163.0,0.4,0.27,1504.0,0.1815,6.8
554.0,528.0,10474.0,0.53,0.31,2033.0,0.2172,8.5
183.0,169.0,4308.0,0.23,0.61,2231.0,0.0805,3.2
1467.0,1146.0,9746.0,0.82,0.4,2091.0,0.2115,8.8
890.0,943.0,8596.0,0.54,0.38,1465.0,0.3001,11.4
372.0,385.0,5748.0,0.29,0.22,2057.0,0.168,6.7
531.0,604.0,5417.0,0.7,0.88,2011.0,0.1408,5.8
200.0,185.0,6504.0,0.53,0.34,1412.0,0.0806,3.2
293.0,389.0,9799.0,0.6,0.53,1168.0,0.1058,4.0
433.0,409.0,10034.0,0.18,0.2,1320.0,0.2132,8.0
1777.0,1558.0,5227.0,0.4,0.54,1486.0,0.2685,10.5
399.0,344.0,6474.0,0.97,0.62,794.0,0.1166,4.3
1110.0,856.0,5662.0,0.27,0.63,937.0,0.2542,9.2
432.0,544.0,4858.0,0.16,0.49,704.0,0.1602,6.3
811.0,996.0,8525.0,0.53,0.32,645.0,0.2949,10.9
594.0,650.0,6421.0,0.37,0.74,1632.0,0.156,6.2
1337.0,1169.0,5578.0,0.22,0.38,1896.0,0.3044,12.6
434.0,569.0,10062.0,0.31,0.11,1727.0,0.3167,12.9
189.0,179.0,9238.0,0.2,0.61,1954.0,0.1078,4.4
220.0,211.0,9416.0,0.27,0.26,1313.0,0.1471,5.8
435.0,539.0,4274.0,0.16,0.34,2098.0,0.1325,4.7
245.0,270.0,10406.0,0.58,0.03,1995.0,0.1247,5.0
923.0,1285.0,8023.0,0.39,0.39,1922.0,0.2888,11.4
458.0,476.0,7527.0,0.12,0.29,2032.0,0.1633,6.3
4446.0,4189.0,4074.0,0.7,0.32,963.0,0.2269,9.4
166.0,151.0,10284.0,0.35,0.15,1639.0,0.1708,6.6
783.0,593.0,7807.0,0.15,0.44,2050.0,0.2961,11.1
270.0,259.0,9776.0,0.67,0.14,698.0,0.1739,6.3
448.0,532.0,8589.0,0.58,0.32,994.0,0.1463,5.3
745.0,815.0,9577.0,0.23,0.3,1482.0,0.3045,11.6
104.0,104.0,8851.0,0.16,0.44,1328.0,0.1476,5.8
804.0,692.0,10447.0,0.37,0.27,2329.0,0.2621,10.2
3048.0,3154.0,5578.0,0.63,0.3,2001.0,0.298,11.3
463.0,539.0,5415.0,0.48,0.34,582.0,0.1655,6.4
819.0,873.0,8988.0,0.25,0.41,1431.0,0.244,9.5
1510.0,1548.0,7510.0,0.15,0.47,2025.0,0.4041,16.4
583.0,518.0,8194.0,0.31,0.37,1838.0,0.1697,6.4
418.0,476.0,8960.0,0.44,0.61,1575.0,0.1132,4.3
108.0,67.0,7832.0,0.43,0.29,670.0,0.0923,3.7
1111.0,1176.0,9514.0,0.77,0.18,2330.0,0.2521,9.1
608.0,893.0,6232.0,0.26,0.7,1330.0,0.172,6.6
296.0,236.0,10013.0,0.21,0.46,790.0,0.2003,8.3
736.0,710.0,4754.0,0.17,0.39,669.0,0.2455,9.1
417.0,416.0,8438.0,0.75,0.36,2070.0,0.1119,4.5
436.0,407.0,10231.0,0.18,0.24,1725.0,0.263,10.4
1080.0,1262.0,5769.0,0.66,0.09,1003.0,0.1897,7.4
228.0,245.0,6288.0,0.53,0.64,1566.0,0.1126,4.2
1537.0,1573.0,6138.0,0.29,0.67,2393.0,0.2738,10.6
217.0,245.0,7950.0,0.31,0.13,1486.0,0.114,4.3
391.0,392.0,6890.0,0.34,0.59,1281.0,0.1277,5.4
3098.0,4991.0,4756.0,0.49,0.46,1116.0,0.1805,7.4
1639.0,1677.0,10239.0,0.62,0.15,865.0,0.4245,16.4
719.0,741.0,5433.0,0.65,0.29,2321.0,0.1727,6.9
313.0,243.0,7739.0,0.24,0.25,843.0,0.1519,5.9
436.0,401.0,8164.0,0.81,0.31,609.0,0.1427,5.3
705.0,838.0,4285.0,0.32,0.25,785.0,0.1497,6.0
685.0,561.0,4670.0,0.65,0.18,865.0,0.1889,7.6
619.0,447.0,10802.0,0.28,0.29,1350.0,0.2221,8.5
649.0,652.0,8652.0,0.53,0.41,2319.0,0.1794,7.8
560.0,688.0,4235.0,0.72,0.23,770.0,0.1049,3.9
210.0,211.0,9559.0,0.5,0.7,792.0,0.1247,4.8
440.0,418.0,7560.0,0.77,0.37,1375.0,0.1669,6.4
1383.0,1046.0,4526.0,0.12,0.62,2308.0,0.1511,6.0
223.0,238.0,8765.0,0.3,0.14,2354.0,0.1805,6.8
572.0,631.0,7495.0,0.32,0.16,2402.0,0.3006,11.7
345.0,264.0,5434.0,0.69,0.27,754.0,0.1226,4.5
727.0,862.0,10144.0,0.49,0.58,1911.0,0.1917,8.1
487.0,547.0,6040.0,0.28,0.37,1795.0,0.1806,7.0
2169.0,2570.0,5992.0,0.3,0.59,561.0,0.2973,11.5
998.0,1089.0,5909.0,0.85,0.05,1845.0,0.2479,9.4
233.0,257.0,9372.0,0.33,0.35,1894.0,0.1893,6.8
1138.0,1230.0,8943.0,0.34,0.9,1813.0,0.3226,13.4
358.0,408.0,10322.0,0.1,0.12,931.0,0.3275,13.6
419.0,319.0,5605.0,0.41,0.31,1165.0,0.1909,7.5
855.0,683.0,9505.0,0.31,0.26,1608.0,0.2697,11.5
449.0,402.0,8011.0,0.5,0.29,777.0,0.1991,6.9
1359.0,1332.0,6161.0,0.48,0.07,818.0,0.4369,16.2
358.0,379.0,4248.0,0.27,0.68,1897.0,0.1076,4.1
405.0,426.0,9733.0,0.82,0.23,831.0,0.1507,5.6
393.0,465.0,5687.0,0.43,0.11,533.0,0.1368,5.0
423.0,503.0,8422.0,0.53,0.15,870.0,0.1259,5.0
1603.0,1406.0,7842.0,0.42,0.13,651.0,0.3112,12.3
1100.0,1140.0,4031.0,0.11,0.13,1064.0,0.1827,7.0
2612.0,2300.0,10960.0,0.13,0.3,2021.0,0.6225,24.7
4081.0,3967.0,9700.0,0.57,0.51,2072.0,0.6167,25.0
292.0,306.0,7405.0,0.22,0.5,643.0,0.1502,6.0
704.0,422.0,8762.0,0.28,0.22,1641.0,0.3345,12.7
260.0,373.0,7336.0,0.51,0.32,676.0,0.1379,5.1
357.0,389.0,9212.0,0.59,0.24,874.0,0.1579,6.5
402.0,367.0,4940.0,0.5,0.24,2068.0,0.1266,4.9
286.0,381.0,7124.0,0.66,0.09,2444.0,0.1782,6.9
287.0,272.0,6349.0,0.25,0.18,1043.0,0.1319,5.5
593.0,605.0,7218.0,0.29,0.31,2054.0,0.2652,10.0
251.0,234.0,7153.0,0.32,0.33,1184.0,0.1122,4.4
1305.0,1672.0,5002.0,0.29,0.59,2069.0,0.1999,8.1
319.0,314.0,10835.0,0.11,0.54,1641.0,0.2884,11.4
6296.0,6439.0,4108.0,0.06,0.48,1593.0,0.5545,20.9
464.0,555.0,4071.0,0.66,0.45,2118.0,0.0899,3.3
705.0,769.0,6614.0,0.47,0.36,1892.0,0.1723,6.6
236.0,234.0,8343.0,0.34,0.75,2442.0,0.1868,6.6
2604.0,3076.0,5258.0,0.73,0.52,1225.0,0.2624,9.6
1629.0,2384.0,7732.0,0.21,0.15,2410.0,0.4095,15.4
843.0,885.0,9059.0,0.49,0.22,2155.0,0.2235,9.0
226.0,230.0,4658.0,0.47,0.52,1487.0,0.0923,3.4
787.0,808.0,10891.0,0.26,0.11,1502.0,0.4153,16.7
271.0,330.0,6357.0,0.47,0.34,2304.0,0.1138,4.2
2143.0,1959.0,8497.0,0.73,0.37,1675.0,0.2735,12.1
1271.0,1219.0,4775.0,0.14,0.77,1176.0,0.2325,9.2
718.0,570.0,8966.0,0.12,0.72,583.0,0.2045,8.5
95.0,79.0,9883.0,0.14,0.27,1099.0,0.0947,3.7
303.0,280.0,4737.0,0.44,0.03,935.0,0.116,4.9
1153.0,1143.0,4881.0,0.28,0.4,758.0,0.2154,8.3
1755.0,2289.0,5967.0,0.64,0.02,1845.0,0.2426,9.2
1615.0,1751.0,4084.0,0.51,0.04,1291.0,0.2185,8.7
186.0,162.0,10902.0,0.6,0.22,689.0,0.1299,5.1
847.0,759.0,8189.0,0.31,0.03,1154.0,0.2113,8.1
1499.0,1842.0,8253.0,0.51,0.17,781.0,0.402,15.6
177.0,209.0,10713.0,0.38,0.49,1697.0,0.1273,4.6
661.0,664.0,9824.0,0.72,0.23,1354.0,0.2311,9.3
828.0,775.0,9700.0,0.61,0.32,2368.0,0.3661,13.8
523.0,619.0,6377.0,0.34,0.14,1717.0,0.1981,7.6
151.0,130.0,6344.0,0.75,0.56,2030.0,0.0585,2.5
513.0,544.0,6042.0,0.11,0.41,1170.0,0.2602,10.0
512.0,720.0,6427.0,0.8,0.12,2009.0,0.1225,4.8
591.0,609.0,6587.0,0.44,0.27,1970.0,0.2659,10.6
424.0,377.0,4980.0,0.13,0.4,2482.0,0.1659,5.9
467.0,496.0,6492.0,0.31,0.11,1822.0,0.1842,6.7
644.0,600.0,7127.0,0.59,0.1,2332.0,0.2943,11.8
948.0,769.0,6165.0,0.26,0.12,2234.0,0.2838,10.6
521.0,579.0,5157.0,0.52,0.75,2337.0,0.186,6.9
479.0,567.0,6614.0,0.21,0.19,1646.0,0.2053,7.9
716.0,684.0,7366.0,0.27,0.16,948.0,0.2396,9.8
143.0,135.0,9045.0,0.59,0.12,1670.0,0.059,2.4
974.0,843.0,8979.0,0.42,0.15,2343.0,0.3982,15.0
665.0,650.0,5419.0,0.22,0.22,2446.0,0.2377,9.0
687.0,631.0,4257.0,0.3,0.09,2392.0,0.1853,7.3
1435.0,1233.0,6127.0,0.64,0.71,1382.0,0.2474,9.0
139.0,185.0,5100.0,0.6,0.11,2109.0,0.0837,3.0
137.0,147.0,6771.0,0.5,0.26,1477.0,0.083,3.0
828.0,902.0,10855.0,0.63,0.08,1883.0,0.3132,11.3
661.0,755.0,5267.0,0.55,0.12,1363.0,0.1712,6.6
762.0,856.0,6232.0,0.28,0.15,1105.0,0.2607,10.8
460.0,432.0,9076.0,0.57,0.86,1384.0,0.1455,5.7
1132.0,1179.0,7564.0,0.49,0.23,1114.0,0.2586,10.1
1403.0,1347.0,4307.0,0.78,0.11,1346.0,0.1433,5.7
980.0,1046.0,5132.0,0.71,0.43,1855.0,0.1281,5.1
540.0,568.0,10547.0,0.36,0.52,901.0,0.1974,8.1
123.0,116.0,4722.0,0.07,0.39,1853.0,0.1008,3.8
1231.0,1008.0,8446.0,0.46,0.12,647.0,0.3205,11.5
1768.0,1807.0,9546.0,0.25,0.06,503.0,0.4707,16.3
1114.0,1080.0,5858.0,0.56,0.45,966.0,0.2365,9.0
329.0,248.0,9076.0,0.21,0.45,905.0,0.1799,7.0
1140.0,1231.0,5189.0,0.6,0.06,2166.0,0.2288,8.9
1324.0,1530.0,5993.0,0.74,0.05,2012.0,0.2246,8.1
2315.0,3382.0,6183.0,0.35,0.35,1833.0,0.3473,12.6
330.0,311.0,10975.0,0.75,0.16,1913.0,0.1118,4.4
555.0,512.0,5502.0,0.23,0.35,1826.0,0.1656,6.0
1209.0,1024.0,4904.0,0.84,0.37,2153.0,0.129,5.0
696.0,719.0,10480.0,0.51,0.49,1568.0,0.2417,9.7
272.0,280.0,5134.0,0.57,0.25,535.0,0.1045,4.1
927.0,821.0,10155.0,0.48,0.51,2227.0,0.2752,9.8
1057.0,1029.0,8553.0,0.57,0.32,1441.0,0.1765,6.6
714.0,530.0,8038.0,0.42,0.35,2357.0,0.2472,9.8
793.0,911.0,9259.0,0.53,0.25,2286.0,0.31,11.5
541.0,482.0,9082.0,0.88,0.1,1299.0,0.202,7.6
2170.0,2159.0,4774.0,0.26,0.35,2366.0,0.2446,9.6
324.0,261.0,10996.0,0.24,0.62,617.0,0.2201,8.8
416.0,381.0,10593.0,0.78,0.29,1825.0,0.1685,6.9
671.0,643.0,10276.0,0.52,0.51,1863.0,0.2325,9.8
1344.0,1341.0,8356.0,0.5,0.4,2180.0,0.2745,11.0
201.0,216.0,7660.0,0.03,0.36,1443.0,0.1455,5.7
233.0,289.0,7754.0,0.29,0.61,981.0,0.1947,7.1
130.0,145.0,4105.0,0.57,0.2,588.0,0.0945,3.5
683.0,789.0,7496.0,0.17,0.35,1435.0,0.2558,9.8
272.0,338.0,8366.0,0.8,0.55,1407.0,0.0991,4.2
489.0,533.0,8611.0,0.31,0.2,1213.0,0.1524,5.8
1129.0,1123.0,6325.0,0.37,0.49,1773.0,0.2775,11.7
398.0,463.0,7299.0,0.06,0.39,1563.0,0.2415,9.0
800.0,940.0,8454.0,0.22,0.19,731.0,0.3308,12.3
523.0,577.0,6998.0,0.33,0.18,596.0,0.1856,7.2
1139.0,916.0,10735.0,0.13,0.27,2281.0,0.4915,18.3
973.0,857.0,8938.0,0.41,0.16,1984.0,0.4425,16.3
382.0,367.0,4009.0,0.25,0.35,1426.0,0.1438,5.5
581.0,653.0,4163.0,0.35,0.09,1492.0,0.27,10.5
1533.0,1528.0,8832.0,0.55,0.26,729.0,0.3846,15.9
911.0,1081.0,6889.0,0.61,0.08,1027.0,0.1867,7.4
218.0,265.0,9876.0,0.57,0.05,2150.0,0.1236,5.0
1124.0,1345.0,5211.0,0.52,0.38,753.0,0.1617,6.6
279.0,335.0,4097.0,0.57,0.06,709.0,0.1145,4.6
2059.0,1762.0,6717.0,0.13,0.78,1616.0,0.4052,17.4
1509.0,1622.0,9152.0,0.67,0.34,2181.0,0.4677,17.3
839.0,766.0,10802.0,0.26,0.47,1258.0,0.2974,11.4
754.0,589.0,10186.0,0.68,0.44,1792.0,0.2544,9.3
563.0,539.0,7389.0,0.21,0.33,2304.0,0.2971,11.1
1145.0,1396.0,9690.0,0.85,0.08,2283.0,0.3781,14.3
494.0,530.0,4492.0,0.33,0.2,1436.0,0.1331,5.0
803.0,1087.0,8006.0,0.58,0.45,1091.0,0.2432,9.3
1336.0,1372.0,10470.0,0.33,0.38,1647.0,0.369,13.4
424.0,613.0,6775.0,0.2,0.63,2348.0,0.1525,6.1
406.0,417.0,10721.0,0.41,0.31,1862.0,0.1636,6.3
256.0,257.0,5545.0,0.21,0.48,2410.0,0.1118,4.4
284.0,234.0,4739.0,0.24,0.24,1658.0,0.1099,3.9
154.0,182.0,7673.0,0.4,0.3,542.0,0.0855,3.4
1193.0,1106.0,10351.0,0.76,0.32,1396.0,0.2748,10.0
2827.0,2566.0,6179.0,0.21,0.45,2307.0,0.4132,17.2
2080.0,2521.0,9601.0,0.71,0.37,568.0,0.3893,15.0
181.0,215.0,5184.0,0.69,0.4,1736.0,0.0571,2.2
1188.0,1408.0,9219.0,0.72,0.32,1256.0,0.441,18.0
2075.0,1965.0,7899.0,0.66,0.16,1307.0,0.3175,12.7
462.0,458.0,5225.0,0.15,0.14,1635.0,0.1512,5.7
721.0,715.0,9027.0,0.02,0.09,1323.0,0.364,14.3
133.0,150.0,8996.0,0.74,0.43,2340.0,0.0794,3.2
823.0,1039.0,7608.0,0.15,0.4,1107.0,0.2548,9.4
284.0,300.0,5578.0,0.61,0.05,2019.0,0.1248,4.8
780.0,1049.0,4926.0,0.14,0.51,684.0,0.1932,7.4
191.0,218.0,10701.0,0.16,0.51,1166.0,0.1548,5.7
1027.0,991.0,8591.0,0.17,0.36,816.0,0.4924,17.7
1510.0,1709.0,9665.0,0.14,0.36,940.0,0.4327,18.9
355.0,459.0,8879.0,0.25,0.44,1629.0,0.2081,8.1
268.0,361.0,9806.0,0.22,0.14,1184.0,0.1572,6.6
119.0,142.0,5137.0,0.42,0.56,598.0,0.0835,2.8
537.0,540.0,7479.0,0.65,0.1,2227.0,0.1569,6.0
418.0,404.0,8670.0,0.23,0.14,1851.0,0.1997,7.4
192.0,210.0,4724.0,0.63,0.25,2410.0,0.0748,3.0
956.0,1228.0,5050.0,0.6,0.06,2101.0,0.1547,6.1
464.0,495.0,8438.0,0.18,0.12,1619.0,0.3014,11.1
281.0,301.0,10081.0,0.27,0.33,1421.0,0.2052,7.7
427.0,430.0,8623.0,0.67,0.13,2393.0,0.1194,4.3
1567.0,1492.0,4253.0,0.75,0.57,1348.0,0.1999,8.1
1077.0,1052.0,10793.0,0.61,0.05,1590.0,0.3998,15.6
599.0,612.0,4977.0,0.09,0.3,1167.0,0.2602,9.8
1091.0,1412.0,5628.0,0.25,0.35,1061.0,0.2427,9.1
263.0,253.0,10825.0,0.87,0.43,2191.0,0.0895,3.4
683.0,688.0,9397.0,0.17,0.46,994.0,0.2043,8.5
748.0,657.0,10556.0,0.81,0.33,788.0,0.2694,10.9
457.0,509.0,9646.0,0.35,0.5,1956.0,0.156,5.9
942.0,1157.0,8562.0,0.5,0.38,2182.0,0.1942,8.1
356.0,455.0,5992.0,0.84,0.58,2355.0,0.0865,3.5
1000.0,1031.0,6288.0,0.55,0.43,1834.0,0.1617,6.2
1034.0,1127.0,10631.0,0.15,0.51,1197.0,0.4334,17.5
64.0,63.0,10024.0,0.28,0.29,1521.0,0.0978,3.7
1724.0,1866.0,6516.0,0.53,0.35,873.0,0.3109,12.1
58.0,61.0,6613.0,0.8,0.23,924.0,0.0407,1.6
406.0,410.0,6084.0,0.23,0.03,2293.0,0.1889,7.6
1511.0,1542.0,6283.0,0.76,0.54,2198.0,0.3084,11.2
516.0,552.0,10025.0,0.28,0.24,1058.0,0.196,7.4
206.0,197.0,4074.0,0.37,0.33,1261.0,0.1145,4.4
277.0,267.0,7052.0,0.44,0.49,2418.0,0.1505,5.8
1513.0,1954.0,10600.0,0.52,0.33,1284.0,0.3893,15.8
143.0,215.0,7798.0,0.46,0.13,1155.0,0.1067,4.2
1641.0,1370.0,7153.0,0.04,0.23,901.0,0.3944,17.3
636.0,527.0,6187.0,0.43,0.17,1315.0,0.1645,6.6
256.0,222.0,4517.0,0.53,0.11,1227.0,0.0749,3.0
417.0,411.0,5571.0,0.53,0.55,1970.0,0.158,6.0
295.0,337.0,4633.0,0.23,0.4,1194.0,0.0974,3.9
1330.0,1453.0,4887.0,0.32,0.63,1417.0,0.1791,6.7
1195.0,1226.0,5145.0,0.35,0.47,1143.0,0.1927,7.6
168.0,182.0,6114.0,0.48,0.41,1139.0,0.0992,3.8
482.0,434.0,4077.0,0.44,0.26,1002.0,0.126,4.9
333.0,321.0,10651.0,0.85,0.58,1496.0,0.1133,4.2
1872.0,1866.0,4867.0,0.7,0.4,1358.0,0.2579,9.4
226.0,178.0,6682.0,0.08,0.13,615.0,0.1379,5.6
2400.0,2017.0,10157.0,0.14,0.16,2361.0,0.6238,22.2
648.0,547.0,4746.0,0.21,0.17,1198.0,0.2089,8.4
263.0,294.0,7385.0,0.62,0.27,2015.0,0.1215,4.7
387.0,401.0,9913.0,0.58,0.72,2314.0,0.1506,6.0
350.0,384.0,7899.0,0.37,0.42,523.0,0.1911,6.9
240.0,182.0,5472.0,0.6,0.27,747.0,0.0936,3.8
718.0,574.0,9149.0,0.4,0.18,881.0,0.3192,11.9
249.0,275.0,8769.0,0.57,0.18,2272.0,0.0942,4.1
116.0,77.0,6535.0,0.61,0.33,1591.0,0.0983,3.7
491.0,590.0,4324.0,0.32,0.54,1122.0,0.1202,4.7
157.0,120.0,4055.0,0.61,0.63,588.0,0.0464,1.8
364.0,414.0,9778.0,0.25,0.43,571.0,0.1675,6.7
321.0,281.0,6251.0,0.71,0.41,1655.0,0.104,4.0
331.0,388.0,4964.0,0.2,0.06,1906.0,0.132,5.2
3297.0,5335.0,7630.0,0.5,0.16,1271.0,0.3807,15.9
696.0,495.0,10446.0,0.24,0.4,1075.0,0.3319,13.4
809.0,898.0,4059.0,0.22,0.64,2113.0,0.163,6.1
161.0,122.0,4393.0,0.25,0.82,2231.0,0.0517,2.0
394.0,420.0,6919.0,0.2,0.55,1267.0,0.1565,6.3
790.0,766.0,8732.0,0.39,0.08,1996.0,0.4054,15.7
293.0,299.0,7333.0,0.22,0.08,2239.0,0.1465,5.5
1375.0,1200.0,10283.0,0.37,0.26,1261.0,0.3805,14.3
254.0,286.0,4309.0,0.65,0.61,821.0,0.0764,2.9
529.0,426.0,6381.0,0.28,0.24,1237.0,0.2818,10.3
416.0,501.0,6459.0,0.2,0.4,624.0,0.1684,6.5
759.0,713.0,6381.0,0.14,0.74,571.0,0.1853,7.3
398.0,323.0,7414.0,0.25,0.59,2150.0,0.1938,7.2
536.0,680.0,9534.0,0.43,0.47,2206.0,0.2153,8.6
551.0,545.0,6225.0,0.12,0.34,1795.0,0.2312,9.1
370.0,492.0,9211.0,0.75,0.26,2213.0,0.1111,4.7
981.0,1178.0,5025.0,0.81,0.39,2371.0,0.1386,4.9
805.0,714.0,7925.0,0.2,0.18,1873.0,0.3966,13.9
620.0,612.0,6626.0,0.4,0.41,2323.0,0.21,8.2
471.0,480.0,7774.0,0.23,0.66,2339.0,0.2296,8.6
1258.0,1582.0,4754.0,0.49,0.06,1049.0,0.2154,8.1
551.0,588.0,10674.0,0.51,0.06,2400.0,0.2947,11.3
520.0,534.0,10343.0,0.2,0.4,2468.0,0.2839,10.4
723.0,702.0,9785.0,0.28,0.14,1060.0,0.2548,10.5
2584.0,2565.0,10249.0,0.61,0.25,1755.0,0.5728,22.4
228.0,277.0,5027.0,0.88,0.7,940.0,0.051,2.2
1231.0,1232.0,7526.0,0.34,0.27,1288.0,0.4007,16.3
146.0,138.0,6225.0,0.27,0.53,1748.0,0.1071,4.5
791.0,727.0,10212.0,0.74,0.26,575.0,0.1947,8.3
2345.0,2158.0,5326.0,0.56,0.4,1793.0,0.2586,10.3
983.0,797.0,5540.0,0.38,0.33,1472.0,0.2198,8.4
762.0,681.0,8807.0,0.1,0.5,748.0,0.273,10.9
425.0,532.0,4622.0,0.33,0.13,1869.0,0.1884,7.5
682.0,661.0,9127.0,0.4,0.47,2385.0,0.2078,8.3
544.0,604.0,5877.0,0.64,0.05,505.0,0.125,4.8
355.0,245.0,8627.0,0.29,0.32,1376.0,0.1721,6.9
527.0,574.0,10111.0,0.5,0.21,752.0,0.2416,9.8
780.0,761.0,8267.0,0.44,0.83,914.0,0.2676,9.9
360.0,335.0,5489.0,0.12,0.46,1483.0,0.1548,6.3
349.0,359.0,4344.0,0.56,0.11,1083.0,0.0972,4.0
224.0,208.0,4312.0,0.26,0.43,1798.0,0.1063,4.0
909.0,661.0,4622.0,0.22,0.47,1028.0,0.1499,6.3
1029.0,1182.0,8059.0,0.38,0.26,2052.0,0.2118,7.7
801.0,830.0,6438.0,0.43,0.51,867.0,0.1719,7.0
1440.0,1373.0,5702.0,0.46,0.21,2314.0,0.2822,10.9
714.0,617.0,5535.0,0.42,0.46,1300.0,0.1704,6.9
910.0,730.0,10640.0,0.39,0.29,611.0,0.3365,13.0
848.0,877.0,4832.0,0.69,0.82,699.0,0.1692,6.7
618.0,787.0,6134.0,0.65,0.28,1566.0,0.1322,5.4
435.0,448.0,7300.0,0.24,0.71,2322.0,0.1373,5.8
3910.0,3178.0,4003.0,0.16,0.12,1531.0,0.396,15.8
463.0,479.0,10447.0,0.58,0.32,1400.0,0.1752,6.6
390.0,387.0,4694.0,0.22,0.07,2046.0,0.1459,5.5
941.0,1071.0,8777.0,0.19,0.52,954.0,0.4128,16.6
814.0,891.0,8402.0,0.36,0.54,1853.0,0.199,8.0
216.0,138.0,9663.0,0.68,0.43,937.0,0.1003,3.9
1633.0,1772.0,8560.0,0.39,0.24,2191.0,0.4345,16.8
617.0,531.0,9386.0,0.35,0.09,2263.0,0.2602,10.1
273.0,221.0,6949.0,0.72,0.71,889.0,0.0752,3.0
1722.0,1674.0,7421.0,0.58,0.11,787.0,0.4506,17.8
1097.0,1167.0,8912.0,0.4,0.29,1947.0,0.285,11.2
242.0,189.0,7979.0,0.24,0.57,1806.0,0.1197,5.3
2757.0,3064.0,7581.0,0.11,0.26,1743.0,0.5801,22.9
1127.0,1263.0,5439.0,0.46,0.15,1519.0,0.3407,12.7
660.0,664.0,5807.0,0.21,0.36,758.0,0.2139,7.7
2374.0,2084.0,6509.0,0.4,0.33,1939.0,0.3325,12.2
756.0,652.0,4065.0,0.56,0.17,825.0,0.18,6.9
650.0,759.0,6922.0,0.31,0.63,1586.0,0.279,11.5
392.0,313.0,4019.0,0.76,0.32,1193.0,0.0965,3.8
1059.0,1243.0,7955.0,0.41,0.39,1163.0,0.2629,10.6
974.0,950.0,8928.0,0.7,0.2,2165.0,0.2614,10.9
673.0,663.0,7935.0,0.53,0.34,1412.0,0.1377,5.6
354.0,274.0,8855.0,0.65,0.26,1487.0,0.1308,5.3
738.0,722.0,4000.0,0.37,0.26,2292.0,0.1191,5.0
629.0,690.0,4416.0,0.78,0.48,1617.0,0.1188,4.4
229.0,187.0,8889.0,0.71,0.66,2103.0,0.098,3.7
205.0,221.0,9620.0,0.81,0.17,2226.0,0.0673,2.6
1045.0,1059.0,9024.0,0.64,0.41,1890.0,0.2852,10.8
83.0,75.0,8641.0,0.19,0.44,788.0,0.1049,4.0
784.0,891.0,8952.0,0.58,0.43,739.0,0.2117,8.5
454.0,326.0,9177.0,0.25,0.14,1368.0,0.1923,6.8
1894.0,1995.0,9071.0,0.23,0.08,626.0,0.6268,25.2
448.0,571.0,9166.0,0.59,0.23,1101.0,0.2358,10.0
1127.0,1399.0,4518.0,0.37,0.47,917.0,0.1993,7.7
484.0,513.0,4443.0,0.25,0.63,577.0,0.1414,5.3
729.0,696.0,6528.0,0.1,0.08,1298.0,0.2537,10.0
1199.0,1090.0,7693.0,0.38,0.49,998.0,0.3393,12.4
459.0,439.0,9338.0,0.65,0.13,704.0,0.1881,7.2
1476.0,1602.0,6343.0,0.06,0.74,1961.0,0.3209,13.0
300.0,266.0,5926.0,0.16,0.25,2325.0,0.1639,6.5
842.0,943.0,9470.0,0.33,0.53,1742.0,0.2445,9.4
1391.0,1916.0,5745.0,0.5,0.24,2359.0,0.2132,8.2
1128.0,1117.0,9746.0,0.41,0.71,833.0,0.3231,11.8
3081.0,2519.0,5240.0,0.23,0.37,2036.0,0.4372,16.2
361.0,295.0,6516.0,0.19,0.26,1317.0,0.1223,5.1
221.0,248.0,6808.0,0.35,0.02,1479.0,0.1296,5.1
300.0,298.0,6097.0,0.57,0.3,1829.0,0.1126,4.6
1128.0,1287.0,4023.0,0.54,0.61,2067.0,0.1404,5.1
991.0,914.0,5649.0,0.66,0.19,620.0,0.2264,9.2
722.0,818.0,6364.0,0.68,0.47,1276.0,0.2139,8.2
271.0,265.0,6195.0,0.74,0.23,2030.0,0.108,4.3
1228.0,1101.0,9499.0,0.33,0.17,1570.0,0.4972,21.4
250.0,235.0,4332.0,0.38,0.09,1183.0,0.1223,5.0
1681.0,1405.0,6723.0,0.52,0.28,581.0,0.3042,11.9
6542.0,8816.0,4263.0,0.33,0.31,515.0,0.4272,16.1
892.0,879.0,10515.0,0.64,0.6,1350.0,0.2293,8.6
1060.0,1168.0,9531.0,0.67,0.16,1467.0,0.2978,12.3
448.0,414.0,10875.0,0.67,0.59,958.0,0.1614,6.1
156.0,133.0,10371.0,0.41,0.05,2099.0,0.1079,4.0
411.0,397.0,6211.0,0.75,0.08,1947.0,0.1261,4.8
277.0,327.0,8841.0,0.44,0.26,876.0,0.1832,7.2
209.0,193.0,6146.0,0.1,0.04,876.0,0.091,3.5
2638.0,2315.0,10217.0,0.58,0.16,2230.0,0.6928,26.6
827.0,847.0,6875.0,0.7,0.43,2338.0,0.222,8.0
901.0,971.0,6631.0,0.18,0.18,2469.0,0.2867,10.2
519.0,665.0,10398.0,0.15,0.51,1873.0,0.2761,10.4
579.0,611.0,9857.0,0.33,0.31,2358.0,0.2966,11.4
1439.0,1585.0,10765.0,0.43,0.33,797.0,0.4367,16.9
648.0,722.0,4465.0,0.32,0.18,811.0,0.2205,8.5
1017.0,855.0,5703.0,0.33,0.44,583.0,0.2593,9.9
569.0,492.0,6106.0,0.42,0.34,1577.0,0.1838,7.3
506.0,430.0,6970.0,0.15,0.41,943.0,0.1899,6.7
216.0,177.0,7312.0,0.21,0.09,1638.0,0.1402,5.7
137.0,154.0,6040.0,0.07,0.34,515.0,0.0801,2.9
540.0,564.0,9533.0,0.56,0.16,1558.0,0.2046,8.9
696.0,704.0,5563.0,0.27,0.49,2278.0,0.1846,7.2
238.0,161.0,8876.0,0.68,0.39,1952.0,0.1034,4.1
647.0,881.0,9962.0,0.61,0.36,1234.0,0.2465,9.4
694.0,607.0,8226.0,0.56,0.23,636.0,0.1709,6.7
119.0,161.0,6479.0,0.55,0.51,990.0,0.0818,3.0
320.0,257.0,5315.0,0.22,0.34,1507.0,0.1337,5.2
921.0,816.0,4940.0,0.52,0.66,1015.0,0.1416,5.8
907.0,651.0,9209.0,0.5,0.63,2053.0,0.2662,10.8
264.0,279.0,7284.0,0.09,0.41,2370.0,0.218,8.6
755.0,640.0,4324.0,0.32,0.35,852.0,0.2086,7.8
1507.0,1283.0,10887.0,0.14,0.5,511.0,0.679,25.1
1239.0,1008.0,8699.0,0.6,0.24,668.0,0.3723,15.3
616.0,693.0,9909.0,0.31,0.11,2106.0,0.3021,12.2
457.0,509.0,7067.0,0.27,0.59,607.0,0.1215,5.0
402.0,528.0,10688.0,0.73,0.39,1993.0,0.1513,5.9
967.0,873.0,5397.0,0.28,0.22,1310.0,0.193,7.1
777.0,803.0,5296.0,0.45,0.35,1352.0,0.3277,12.6
1101.0,907.0,10232.0,0.53,0.35,1962.0,0.2913,11.0
739.0,703.0,10242.0,0.26,0.3,1140.0,0.2369,8.8
1281.0,1185.0,7493.0,0.6,0.56,2121.0,0.1485,5.9
717.0,769.0,4881.0,0.48,0.26,689.0,0.14,5.8
1246.0,1451.0,6137.0,0.54,0.47,1937.0,0.2234,8.9
1335.0,1549.0,9279.0,0.39,0.03,2307.0,0.5177,19.2
349.0,308.0,9922.0,0.11,0.12,829.0,0.1955,7.3
157.0,182.0,6434.0,0.5,0.65,1610.0,0.1058,4.1
2287.0,2271.0,4429.0,0.39,0.6,1782.0,0.254,9.4
817.0,778.0,8660.0,0.36,0.15,766.0,0.2626,10.1
169.0,152.0,9176.0,0.08,0.22,1587.0,0.1547,6.1
376.0,345.0,6968.0,0.36,0.18,1005.0,0.2033,8.5
1233.0,1602.0,8082.0,0.31,0.39,2007.0,0.3586,13.1
532.0,557.0,10912.0,0.22,0.22,1636.0,0.2238,8.7
442.0,453.0,5715.0,0.3,0.14,1321.0,0.1858,7.4
2040.0,1961.0,8011.0,0.49,0.32,1985.0,0.4167,16.2
288.0,415.0,8277.0,0.53,0.19,1964.0,0.1515,5.5
351.0,427.0,7844.0,0.12,0.22,921.0,0.2512,9.3
788.0,707.0,10084.0,0.36,0.33,551.0,0.1866,7.4
909.0,872.0,8235.0,0.53,0.16,997.0,0.294,11.1
989.0,958.0,7555.0,0.78,0.41,2265.0,0.2489,9.1
1379.0,1409.0,4861.0,0.26,0.52,1294.0,0.1788,6.8
780.0,702.0,8922.0,0.42,0.23,903.0,0.2049,7.9
984.0,1051.0,4925.0,0.14,0.12,1238.0,0.2494,10.8
541.0,672.0,4186.0,0.5,0.45,1266.0,0.1776,6.5
699.0,574.0,7420.0,0.62,0.31,1408.0,0.2367,9.7
725.0,612.0,8007.0,0.61,0.5,1400.0,0.159,6.8
790.0,735.0,10993.0,0.58,0.83,1096.0,0.2119,9.0
1234.0,1156.0,8986.0,0.39,0.17,1099.0,0.3765,15.2
1037.0,1400.0,9940.0,0.37,0.65,2100.0,0.2465,9.3
689.0,801.0,6425.0,0.47,0.19,1826.0,0.2256,8.3
348.0,401.0,7562.0,0.57,0.34,1859.0,0.1497,5.7
702.0,675.0,10820.0,0.5,0.23,881.0,0.3285,11.7
650.0,623.0,6922.0,0.72,0.33,2484.0,0.1494,5.9
776.0,624.0,9651.0,0.62,0.64,674.0,0.265,10.4
3886.0,4370.0,7682.0,0.51,0.39,1865.0,0.4614,19.7
437.0,471.0,5568.0,0.63,0.23,1987.0,0.1803,7.2
932.0,1131.0,8063.0,0.17,0.22,1034.0,0.3384,14.6
1564.0,1515.0,5526.0,0.58,0.37,654.0,0.2253,9.3
719.0,704.0,4021.0,0.5,0.13,1975.0,0.1392,5.2
4317.0,4428.0,5651.0,0.7,0.08,1631.0,0.2793,11.8
492.0,562.0,5352.0,0.37,0.05,2431.0,0.2163,9.1
862.0,691.0,6596.0,0.31,0.49,1955.0,0.256,10.9
351.0,392.0,10220.0,0.65,0.66,2359.0,0.1429,5.3
502.0,501.0,6715.0,0.18,0.04,1769.0,0.2249,8.0
812.0,693.0,9916.0,0.29,0.23,1496.0,0.3207,12.5
1309.0,958.0,7889.0,0.59,0.2,2389.0,0.243,9.0
859.0,841.0,4053.0,0.37,0.53,2138.0,0.1543,6.3
1821.0,2263.0,5321.0,0.42,0.36,570.0,0.319,11.6
616.0,793.0,10519.0,0.73,0.37,1666.0,0.2184,8.8
510.0,538.0,8229.0,0.44,0.52,799.0,0.1817,6.8
5786.0,7766.0,10507.0,0.48,0.68,2396.0,0.9986,38.7
912.0,906.0,6171.0,0.31,0.15,1852.0,0.2651,11.3
374.0,432.0,9016.0,0.05,0.28,1403.0,0.1874,7.6
382.0,357.0,9404.0,0.04,0.21,2420.0,0.191,7.3
313.0,290.0,10830.0,0.61,0.48,1173.0,0.1545,6.6
1407.0,1271.0,4127.0,0.22,0.31,1388.0,0.2034,7.8
497.0,365.0,10666.0,0.09,0.07,1298.0,0.242,10.1
736.0,893.0,6741.0,0.35,0.32,764.0,0.2449,9.2
632.0,574.0,9866.0,0.6,0.14,800.0,0.2412,10.0
1194.0,1059.0,7813.0,0.33,0.63,1682.0,0.3491,13.2
338.0,283.0,7953.0,0.37,0.18,639.0,0.1814,6.7
281.0,273.0,6516.0,0.8,0.45,2362.0,0.0642,2.5
796.0,1037.0,9799.0,0.17,0.32,1155.0,0.3756,14.6
1076.0,1473.0,5848.0,0.13,0.54,1142.0,0.2343,8.4
868.0,676.0,7446.0,0.49,0.37,779.0,0.2394,9.6
348.0,330.0,7921.0,0.2,0.34,1202.0,0.1763,7.0
1144.0,979.0,9198.0,0.1,0.49,1882.0,0.6089,22.8
367.0,425.0,7301.0,0.57,0.22,2415.0,0.2217,8.4
438.0,457.0,8762.0,0.37,0.14,885.0,0.1893,7.4
313.0,284.0,7397.0,0.56,0.19,855.0,0.1043,4.3
1884.0,1904.0,8615.0,0.27,0.09,778.0,0.4029,14.9
1104.0,1028.0,8719.0,0.13,0.28,1648.0,0.3788,15.6
1079.0,1375.0,8966.0,0.16,0.4,734.0,0.3744,13.0
1804.0,1958.0,9763.0,0.64,0.59,676.0,0.2774,11.4
6311.0,6979.0,7785.0,0.48,0.62,1988.0,0.5297,21.7
169.0,114.0,5353.0,0.44,0.38,2086.0,0.1,3.8
368.0,365.0,8757.0,0.38,0.27,1129.0,0.1864,7.0
406.0,555.0,4540.0,0.17,0.54,1663.0,0.1264,5.1
337.0,411.0,5533.0,0.42,0.11,1985.0,0.1439,5.1
281.0,213.0,9545.0,0.87,0.22,598.0,0.1168,4.4
523.0,499.0,7045.0,0.23,0.16,1769.0,0.2266,8.9
251.0,210.0,7486.0,0.72,0.23,1072.0,0.1195,4.5
870.0,1124.0,10912.0,0.58,0.48,1318.0,0.2057,7.5
693.0,719.0,5646.0,0.68,0.14,1212.0,0.1901,6.8
977.0,871.0,4137.0,0.84,0.15,1937.0,0.1169,4.5
998.0,1004.0,4780.0,0.22,0.08,1438.0,0.1723,7.1
1078.0,729.0,5712.0,0.14,0.32,2020.0,0.2294,9.5
493.0,419.0,9081.0,0.53,0.23,1130.0,0.2273,9.5
3630.0,3650.0,9431.0,0.54,0.42,1583.0,0.6249,25.0
802.0,911.0,7958.0,0.19,0.16,2314.0,0.3031,11.7
150.0,112.0,5785.0,0.65,0.69,1376.0,0.0606,2.3
298.0,282.0,7652.0,0.5,0.43,1653.0,0.1136,4.2
165.0,192.0,4105.0,0.51,0.72,1841.0,0.0516,2.2
674.0,542.0,8773.0,0.15,0.61,2325.0,0.2578,10.0
603.0,624.0,8300.0,0.69,0.13,1772.0,0.1969,7.5
457.0,462.0,4153.0,0.84,0.55,1725.0,0.0714,3.2
3323.0,4298.0,9719.0,0.4,0.12,2167.0,0.7824,29.6
1032.0,997.0,9344.0,0.43,0.25,2484.0,0.4073,13.9
1189.0,1159.0,6158.0,0.37,0.18,2298.0,0.1716,6.4
316.0,359.0,8448.0,0.53,0.4,750.0,0.1516,5.8
299.0,245.0,8210.0,0.07,0.46,1853.0,0.2052,8.1
685.0,663.0,5002.0,0.38,0.14,1157.0,0.2061,7.9
764.0,713.0,5353.0,0.61,0.15,1329.0,0.2194,7.9
151.0,148.0,8782.0,0.24,0.49,1791.0,0.1126,4.4
576.0,654.0,10535.0,0.68,0.44,790.0,0.2053,7.5
673.0,731.0,8034.0,0.86,0.7,1885.0,0.1494,5.7
560.0,500.0,7975.0,0.69,0.22,1087.0,0.1978,7.1
347.0,354.0,8527.0,0.4,0.27,2138.0,0.1644,6.0
432.0,540.0,7084.0,0.53,0.24,1243.0,0.2012,7.7
577.0,510.0,4379.0,0.28,0.13,600.0,0.2332,9.0
715.0,731.0,6776.0,0.91,0.27,1698.0,0.1351,5.3
1079.0,1048.0,10302.0,0.14,0.23,2000.0,0.3767,13.9
1579.0,1564.0,9635.0,0.8,0.16,1733.0,0.2519,10.0
526.0,412.0,10492.0,0.66,0.38,2058.0,0.2078,8.0
462.0,571.0,5070.0,0.21,0.1,2108.0,0.1991,7.8
944.0,840.0,7542.0,0.6,0.23,585.0,0.2401,10.0
1084.0,1265.0,8093.0,0.4,0.38,504.0,0.3286,12.6
470.0,428.0,5469.0,0.37,0.8,949.0,0.118,4.9
1252.0,1140.0,5407.0,0.34,0.23,949.0,0.1676,6.6
1456.0,1747.0,9474.0,0.35,0.07,1626.0,0.4172,15.6
1869.0,2170.0,8703.0,0.5,0.48,958.0,0.516,19.8
2759.0,2847.0,8530.0,0.76,0.21,1230.0,0.427,16.4
333.0,373.0,5869.0,0.08,0.49,1407.0,0.1648,6.7
673.0,644.0,7547.0,0.15,0.61,1702.0,0.2949,10.8
671.0,670.0,4161.0,0.11,0.12,2493.0,0.1706,6.9
615.0,557.0,4910.0,0.64,0.25,1877.0,0.161,6.0
396.0,453.0,7628.0,0.43,0.64,1032.0,0.1808,6.6
203.0,183.0,6168.0,0.19,0.22,1202.0,0.1008,4.2
716.0,895.0,10760.0,0.37,0.38,587.0,0.29,11.5
360.0,343.0,7300.0,0.5,0.35,1339.0,0.1843,7.3
713.0,715.0,4585.0,0.19,0.0,1678.0,0.2089,8.0
352.0,395.0,4125.0,0.41,0.42,2399.0,0.0811,3.3
276.0,277.0,9077.0,0.47,0.36,1036.0,0.1449,6.0
802.0,767.0,5201.0,0.04,0.44,987.0,0.2132,8.3
750.0,747.0,5315.0,0.57,0.25,534.0,0.181,7.2
1057.0,1209.0,6967.0,0.72,0.32,1649.0,0.1802,7.0
3823.0,3461.0,5848.0,0.54,0.7,2492.0,0.3744,13.9
830.0,815.0,8316.0,0.34,0.03,1242.0,0.3359,14.1
981.0,982.0,7400.0,0.39,0.6,1496.0,0.246,9.6
281.0,320.0,4780.0,0.26,0.19,616.0,0.094,3.7
238.0,234.0,9493.0,0.53,0.21,1642.0,0.1517,5.9
2360.0,3095.0,6981.0,0.62,0.31,920.0,0.3307,13.2
318.0,310.0,8276.0,0.24,0.55,531.0,0.1626,6.7
289.0,278.0,4028.0,0.43,0.26,1868.0,0.13,4.9
645.0,628.0,8385.0,0.36,0.07,795.0,0.2619,8.9
619.0,508.0,5980.0,0.6,0.64,702.0,0.1445,5.6
323.0,277.0,7461.0,0.57,0.45,956.0,0.107,4.3
521.0,481.0,6084.0,0.44,0.39,775.0,0.1695,6.8
1778.0,2109.0,10974.0,0.2,0.18,1746.0,0.6349,23.5
349.0,347.0,5616.0,0.26,0.09,1034.0,0.1476,6.0
218.0,203.0,10390.0,0.38,0.54,1842.0,0.1735,6.3
1414.0,1699.0,10426.0,0.52,0.11,1592.0,0.3186,13.4
986.0,1245.0,6947.0,0.73,0.44,1207.0,0.202,7.7
405.0,489.0,6128.0,0.83,0.32,887.0,0.1317,4.9
188.0,165.0,6667.0,0.18,0.31,1845.0,0.1195,4.5
367.0,340.0,10925.0,0.72,0.21,1549.0,0.1329,5.0
637.0,836.0,8332.0,0.42,0.4,1942.0,0.1655,6.3
1690.0,1752.0,7813.0,0.86,0.23,1512.0,0.2924,10.7
290.0,279.0,4251.0,0.34,0.29,2104.0,0.1494,6.1
622.0,692.0,9935.0,0.52,0.32,1599.0,0.1983,7.9
1142.0,1328.0,4587.0,0.54,0.55,2127.0,0.1742,6.9
99.0,91.0,4329.0,0.49,0.44,1599.0,0.0414,1.5
1521.0,1572.0,5924.0,0.6,0.07,2423.0,0.2822,10.7
258.0,297.0,7331.0,0.08,0.6,2206.0,0.1294,4.8
867.0,729.0,10267.0,0.23,0.46,1008.0,0.292,11.4
810.0,812.0,9531.0,0.34,0.7,1956.0,0.2713,10.1
1584.0,1340.0,5383.0,0.27,0.16,764.0,0.2002,8.4
1034.0,892.0,6605.0,0.21,0.08,2322.0,0.5109,20.2
99.0,91.0,9462.0,0.17,0.21,1191.0,0.1009,3.9
355.0,381.0,7690.0,0.62,0.39,1455.0,0.1521,6.0
743.0,708.0,5221.0,0.48,0.08,541.0,0.2548,10.0
569.0,516.0,6772.0,0.09,0.17,2235.0,0.2626,9.9
975.0,982.0,8382.0,0.43,0.39,2396.0,0.2317,8.9
1251.0,1053.0,10813.0,0.29,0.02,1441.0,0.5202,19.0
1082.0,1154.0,8633.0,0.48,0.26,876.0,0.1985,8.6
560.0,664.0,4113.0,0.88,0.41,1888.0,0.1051,3.8
152.0,150.0,8935.0,0.18,0.32,1094.0,0.1723,6.9
462.0,448.0,5756.0,0.35,0.18,2420.0,0.1437,5.2
928.0,982.0,10035.0,0.27,0.41,1122.0,0.2996,11.8
278.0,205.0,6687.0,0.28,0.04,1651.0,0.2238,8.5
1102.0,1195.0,5397.0,0.13,0.71,599.0,0.2073,8.5
1376.0,2191.0,7276.0,0.44,0.17,2480.0,0.2527,10.4
736.0,723.0,5786.0,0.26,0.07,1652.0,0.2637,9.9
57.0,56.0,5651.0,0.38,0.4,2451.0,0.0448,2.0
239.0,267.0,8013.0,0.24,0.61,1101.0,0.0802,3.3
3008.0,3850.0,9371.0,0.86,0.49,1554.0,0.3153,11.8
430.0,497.0,9845.0,0.53,0.23,537.0,0.2727,10.8
136.0,98.0,6784.0,0.48,0.7,2042.0,0.0825,3.3
1787.0,1944.0,4468.0,0.56,0.27,833.0,0.2993,10.8
672.0,989.0,7388.0,0.4,0.68,1351.0,0.1817,6.4
1610.0,1767.0,7036.0,0.9,0.2,1840.0,0.2302,8.9
830.0,698.0,5379.0,0.49,0.73,664.0,0.1824,6.6
960.0,1001.0,10273.0,0.25,0.41,2067.0,0.3629,13.1
889.0,734.0,10819.0,0.33,0.81,2112.0,0.2907,11.3
1162.0,1398.0,4362.0,0.75,0.29,1563.0,0.1166,4.6
4113.0,3564.0,9570.0,0.19,0.35,1710.0,0.9529,36.7
1446.0,1463.0,8520.0,0.05,0.22,688.0,0.4621,19.3
188.0,165.0,5830.0,0.27,0.27,1398.0,0.1137,4.3
951.0,876.0,8446.0,0.69,0.03,2182.0,0.2606,10.3
1658.0,2072.0,4901.0,0.62,0.11,679.0,0.2113,8.2
1741.0,1768.0,4486.0,0.58,0.2,2477.0,0.1561,6.0
473.0,435.0,10954.0,0.14,0.23,1472.0,0.2163,8.7
1689.0,1423.0,8455.0,0.13,0.39,526.0,0.4347,16.9
1397.0,1055.0,5773.0,0.21,0.3,1180.0,0.2541,10.6
5208.0,4317.0,7150.0,0.54,0.05,1501.0,0.6424,25.5
365.0,371.0,10651.0,0.48,0.17,2418.0,0.203,8.3
443.0,513.0,7071.0,0.07,0.09,1910.0,0.1949,7.9
521.0,479.0,10303.0,0.46,0.28,1662.0,0.1672,7.3
449.0,569.0,10082.0,0.66,0.1,2433.0,0.2102,8.3
326.0,293.0,6409.0,0.86,0.08,1090.0,0.1158,4.4
73.0,70.0,8872.0,0.31,0.13,1259.0,0.0801,3.1
470.0,400.0,8623.0,0.15,0.44,2036.0,0.1918,7.0
894.0,1037.0,9398.0,0.29,0.54,1689.0,0.244,9.9
448.0,614.0,6562.0,0.36,0.31,938.0,0.1843,7.3
3128.0,2402.0,4366.0,0.85,0.67,2002.0,0.2803,10.4
672.0,638.0,5197.0,0.17,0.12,1034.0,0.2154,8.4
1868.0,2259.0,8316.0,0.73,0.68,1618.0,0.2534,9.7
820.0,660.0,9426.0,0.33,0.14,2212.0,0.4943,17.3
1288.0,1403.0,9292.0,0.46,0.16,1050.0,0.3445,13.5
832.0,999.0,8086.0,0.39,0.3,2022.0,0.2212,8.8
1988.0,2012.0,4593.0,0.98,0.32,2223.0,0.1425,5.8
696.0,755.0,4121.0,0.44,0.1,1134.0,0.1581,6.2
989.0,1288.0,9475.0,0.1,0.24,893.0,0.5301,19.5
892.0,1194.0,7846.0,0.46,0.4,2232.0,0.1885,7.1
528.0,523.0,9479.0,0.35,0.69,1433.0,0.2462,8.9
920.0,849.0,5140.0,0.28,0.54,1123.0,0.1946,7.4
3974.0,3462.0,6852.0,0.26,0.24,521.0,0.4489,19.6
536.0,620.0,10434.0,0.48,0.31,888.0,0.2178,8.2
930.0,757.0,5201.0,0.73,0.56,1525.0,0.1373,5.3
1819.0,1752.0,4431.0,0.21,0.4,2158.0,0.2623,10.2
1656.0,1682.0,8574.0,0.23,0.21,1505.0,0.4385,16.0
671.0,623.0,8162.0,0.58,0.29,1053.0,0.2029,8.0
99.0,103.0,10664.0,0.62,0.64,2358.0,0.0723,2.7
1006.0,1477.0,10345.0,0.65,0.17,1238.0,0.4418,18.1
113.0,111.0,9246.0,0.22,0.6,826.0,0.1156,4.8
2156.0,2020.0,4134.0,0.54,0.43,2391.0,0.2269,9.1
762.0,887.0,7363.0,0.57,0.13,1293.0,0.2014,7.9
1480.0,1534.0,10273.0,0.35,0.25,1465.0,0.5416,20.4
323.0,401.0,7036.0,0.69,0.54,2160.0,0.1156,4.7
192.0,197.0,10735.0,0.43,0.48,1075.0,0.1475,5.3
819.0,789.0,8567.0,0.18,0.35,1557.0,0.257,10.5
647.0,495.0,4766.0,0.8,0.26,2233.0,0.139,5.4
449.0,352.0,7565.0,0.13,0.43,1012.0,0.282,10.9
712.0,540.0,8869.0,0.47,0.05,2289.0,0.2643,10.1
6087.0,6444.0,4458.0,0.68,0.59,883.0,0.3221,12.2
1297.0,1057.0,6413.0,0.3,0.63,2209.0,0.2994,10.4
1540.0,1859.0,9020.0,0.2,0.28,1287.0,0.4404,17.6
1307.0,1312.0,5099.0,0.31,0.42,1596.0,0.2127,8.1
2172.0,2094.0,6438.0,0.77,0.14,1603.0,0.2471,9.6
571.0,503.0,8829.0,0.22,0.5,910.0,0.2856,10.5
129.0,141.0,9429.0,0.54,0.14,846.0,0.1331,5.0
572.0,507.0,7630.0,0.57,0.38,1923.0,0.2775,10.6
1273.0,1098.0,10698.0,0.31,0.16,2151.0,0.4621,19.3
306.0,366.0,10477.0,0.33,0.5,774.0,0.177,7.0
578.0,609.0,7314.0,0.77,0.57,2003.0,0.1647,6.7
382.0,369.0,5122.0,0.8,0.21,1154.0,0.0896,3.5
2212.0,2435.0,9411.0,0.47,0.48,1689.0,0.4835,19.5
1211.0,1213.0,5702.0,0.63,0.2,1569.0,0.247,9.8
1120.0,1186.0,9900.0,0.35,0.14,1987.0,0.4655,18.4
1094.0,968.0,8110.0,0.03,0.47,1584.0,0.4768,18.8
646.0,881.0,6759.0,0.21,0.41,687.0,0.2006,7.9
779.0,714.0,7895.0,0.04,0.24,1058.0,0.2697,10.9
258.0,325.0,7730.0,0.35,0.21,1296.0,0.1441,5.6
116.0,112.0,10473.0,0.04,0.15,1644.0,0.1097,4.4
750.0,847.0,5501.0,0.14,0.47,839.0,0.2403,9.6
862.0,962.0,10497.0,0.34,0.52,1175.0,0.3318,12.9
1750.0,2079.0,4219.0,0.81,0.35,626.0,0.1568,7.0
2338.0,2061.0,9384.0,0.53,0.22,1145.0,0.5514,19.0
2336.0,2744.0,10438.0,0.39,0.23,1524.0,0.7016,26.5
299.0,395.0,6758.0,0.55,0.2,2373.0,0.1488,5.7
502.0,483.0,4511.0,0.32,0.28,855.0,0.139,5.5
977.0,982.0,9633.0,0.64,0.44,555.0,0.162,6.2
5042.0,4661.0,9900.0,0.08,0.25,1254.0,0.8394,34.6
2173.0,2063.0,6354.0,0.48,0.29,1715.0,0.3463,13.1
1629.0,2105.0,7630.0,0.55,0.2,1715.0,0.3048,12.9
488.0,420.0,9666.0,0.33,0.04,1191.0,0.2198,9.1
328.0,285.0,5344.0,0.37,0.22,575.0,0.1209,4.9
1250.0,1592.0,8403.0,0.47,0.66,2338.0,0.2694,9.7
276.0,303.0,7014.0,0.1,0.13,1504.0,0.1358,5.6
550.0,755.0,5221.0,0.83,0.34,2053.0,0.1347,5.1
607.0,567.0,9820.0,0.18,0.18,1294.0,0.3123,13.5
2379.0,2424.0,6273.0,0.68,0.32,2163.0,0.239,9.2
501.0,454.0,10541.0,0.51,0.09,2069.0,0.2434,8.7
95.0,97.0,7983.0,0.09,0.33,691.0,0.122,4.6
996.0,763.0,7602.0,0.16,0.58,603.0,0.2555,11.0
380.0,421.0,6963.0,0.18,0.16,799.0,0.2192,8.5
688.0,722.0,6805.0,0.27,0.29,2146.0,0.2783,11.0
621.0,615.0,9726.0,0.28,0.35,1039.0,0.2971,10.8
534.0,504.0,8743.0,0.77,0.14,1292.0,0.1573,6.1
1252.0,1095.0,9416.0,0.29,0.13,1657.0,0.4906,20.5
195.0,218.0,6948.0,0.2,0.15,1804.0,0.1292,5.0
440.0,369.0,5830.0,0.16,0.3,1353.0,0.1694,6.8
1150.0,1241.0,4608.0,0.65,0.09,1398.0,0.1696,7.4
407.0,556.0,9437.0,0.12,0.65,1156.0,0.1965,7.7
184.0,229.0,6907.0,0.71,0.42,688.0,0.0845,3.3
1136.0,906.0,7565.0,0.75,0.57,797.0,0.2034,7.7
1633.0,1507.0,7285.0,0.27,0.51,2280.0,0.3543,13.0
642.0,683.0,7018.0,0.59,0.16,2450.0,0.1983,7.8
139.0,137.0,8787.0,0.4,0.43,2151.0,0.0693,2.9
1170.0,948.0,8261.0,0.13,0.32,1112.0,0.3516,14.2
176.0,187.0,10804.0,0.44,0.37,857.0,0.0961,3.7
852.0,850.0,4972.0,0.56,0.34,1518.0,0.1801,6.6
327.0,436.0,8015.0,0.55,0.45,689.0,0.1499,5.8
263.0,253.0,4443.0,0.41,0.69,2330.0,0.0902,3.5
467.0,557.0,9655.0,0.06,0.61,2036.0,0.2644,10.4
574.0,475.0,8314.0,0.07,0.1,2447.0,0.2962,11.5
397.0,341.0,6999.0,0.33,0.3,2212.0,0.1297,4.6
1065.0,1187.0,9616.0,0.57,0.49,1318.0,0.3669,14.3
466.0,548.0,7185.0,0.21,0.32,1128.0,0.2107,8.3
1457.0,1262.0,5595.0,0.44,0.17,2168.0,0.2345,9.1
833.0,836.0,7308.0,0.29,0.49,1676.0,0.2221,8.9
381.0,309.0,4496.0,0.25,0.51,2257.0,0.0856,3.6
333.0,324.0,10285.0,0.37,0.58,1150.0,0.1663,7.0
178.0,202.0,9117.0,0.55,0.27,1593.0,0.1258,5.1
839.0,786.0,9322.0,0.14,0.58,1425.0,0.282,10.3
501.0,482.0,10121.0,0.19,0.28,866.0,0.2306,8.4
100.0,84.0,9541.0,0.65,0.19,1582.0,0.0823,3.4
433.0,393.0,7023.0,0.11,0.81,667.0,0.2186,8.5
323.0,421.0,4830.0,0.49,0.34,1250.0,0.1429,5.5
2346.0,2372.0,6614.0,0.23,0.03,1567.0,0.5021,20.2
170.0,147.0,10539.0,0.12,0.18,790.0,0.249,9.0
210.0,200.0,10644.0,0.38,0.27,2007.0,0.1877,7.0
1616.0,1272.0,9375.0,0.65,0.37,882.0,0.4388,16.7
1969.0,1691.0,5431.0,0.15,0.23,1957.0,0.3516,13.6
367.0,449.0,5361.0,0.55,0.48,548.0,0.1046,4.4
401.0,393.0,10158.0,0.17,0.56,1878.0,0.2819,10.2
1089.0,1446.0,4993.0,0.52,0.62,1301.0,0.1475,5.5
103.0,102.0,8089.0,0.44,0.47,2080.0,0.0939,3.6
150.0,149.0,6648.0,0.36,0.22,1624.0,0.0905,3.6
531.0,585.0,6114.0,0.45,0.32,1260.0,0.179,7.2
2298.0,1539.0,8742.0,0.07,0.29,1828.0,0.6161,23.3
469.0,484.0,10717.0,0.09,0.62,1276.0,0.2658,9.7
721.0,716.0,9443.0,0.13,0.36,1212.0,0.3259,11.6
1648.0,2059.0,7403.0,0.34,0.15,1351.0,0.3971,16.0
3589.0,4147.0,7085.0,0.73,0.24,1921.0,0.4498,17.5
419.0,354.0,10354.0,0.48,0.39,1730.0,0.1349,5.8
656.0,791.0,8047.0,0.61,0.21,2333.0,0.1779,7.9
2857.0,2747.0,7476.0,0.29,0.17,501.0,0.4875,18.4
197.0,172.0,8780.0,0.1,0.22,822.0,0.1582,6.4
1513.0,1559.0,5660.0,0.39,0.22,1488.0,0.2288,9.8
295.0,286.0,4446.0,0.42,0.24,1839.0,0.1365,5.6
722.0,909.0,9986.0,0.52,0.47,679.0,0.2389,9.1
548.0,577.0,8251.0,0.36,0.15,1088.0,0.277,10.5
309.0,319.0,5154.0,0.25,0.42,2477.0,0.1033,4.4
303.0,347.0,6086.0,0.13,0.29,1155.0,0.1609,5.9
830.0,978.0,10930.0,0.5,0.42,1260.0,0.2359,9.5
1475.0,1659.0,8441.0,0.25,0.65,978.0,0.3961,15.1
600.0,742.0,8453.0,0.27,0.44,535.0,0.1902,7.3
704.0,771.0,4505.0,0.4,0.2,1071.0,0.1342,5.2
1050.0,1077.0,10783.0,0.6,0.4,822.0,0.278,11.3
306.0,368.0,10249.0,0.31,0.31,1262.0,0.2071,8.0
1202.0,1186.0,7834.0,0.12,0.4,965.0,0.3124,11.9
1281.0,1288.0,6166.0,0.25,0.13,1308.0,0.3122,12.2
5340.0,6913.0,8886.0,0.35,0.18,1039.0,0.6974,26.9
492.0,628.0,9834.0,0.43,0.61,2331.0,0.1522,5.6
461.0,460.0,9503.0,0.22,0.26,1083.0,0.2686,10.6
1230.0,1150.0,10839.0,0.17,0.15,877.0,0.5753,21.6
1281.0,1595.0,8458.0,0.43,0.57,2024.0,0.3082,12.1
434.0,489.0,6249.0,0.3,0.23,2123.0,0.1933,7.0
482.0,505.0,7485.0,0.61,0.23,1626.0,0.151,6.3
1025.0,977.0,9714.0,0.08,0.24,1190.0,0.3726,13.5
343.0,361.0,5857.0,0.32,0.5,2168.0,0.1737,6.9
479.0,477.0,5620.0,0.39,0.19,1840.0,0.1845,6.5
715.0,647.0,9074.0,0.31,0.18,1262.0,0.3021,11.4
1475.0,1504.0,7111.0,0.48,0.08,1283.0,0.3047,11.3
410.0,427.0,9716.0,0.29,0.42,505.0,0.2219,8.7
152.0,144.0,5006.0,0.26,0.24,616.0,0.1228,4.6
144.0,164.0,6350.0,0.66,0.3,770.0,0.0851,3.2
243.0,295.0,5877.0,0.4,0.17,995.0,0.131,5.1
233.0,269.0,8885.0,0.56,0.23,2352.0,0.1602,6.0
588.0,564.0,9315.0,0.61,0.18,2143.0,0.1985,9.2
257.0,288.0,7192.0,0.41,0.36,582.0,0.156,6.2
379.0,384.0,7346.0,0.48,0.31,530.0,0.1677,6.5
358.0,297.0,4924.0,0.37,0.13,1672.0,0.1541,5.8
468.0,517.0,8913.0,0.69,0.67,1253.0,0.1649,6.1
1916.0,1958.0,10946.0,0.03,0.43,2104.0,0.7194,28.2
1130.0,1667.0,9445.0,0.17,0.44,2446.0,0.3534,14.0
674.0,838.0,5562.0,0.52,0.38,1489.0,0.2018,7.5
460.0,512.0,8362.0,0.53,0.12,855.0,0.3017,11.0
470.0,488.0,6065.0,0.51,0.17,2286.0,0.1807,6.7
865.0,886.0,4211.0,0.38,0.04,1344.0,0.1655,6.5
1061.0,913.0,5259.0,0.41,0.24,1334.0,0.2266,7.8
322.0,248.0,4718.0,0.52,0.49,1908.0,0.1218,4.7
685.0,601.0,5372.0,0.46,0.68,1240.0,0.1483,5.7
131.0,130.0,9569.0,0.61,0.13,970.0,0.0924,3.3
788.0,575.0,6050.0,0.53,0.17,1983.0,0.1747,6.3
1224.0,1128.0,9299.0,0.51,0.27,872.0,0.3424,12.8
532.0,512.0,10642.0,0.58,0.51,579.0,0.2544,10.3
2845.0,2754.0,8020.0,0.33,0.37,1495.0,0.4593,17.7
329.0,298.0,7398.0,0.39,0.16,568.0,0.195,7.4
792.0,752.0,9251.0,0.48,0.1,2082.0,0.2832,10.0
646.0,837.0,4680.0,0.65,0.1,2455.0,0.1664,5.6
614.0,678.0,6997.0,0.09,0.14,2397.0,0.2752,11.0
607.0,558.0,7492.0,0.46,0.06,798.0,0.1734,6.4
725.0,717.0,9817.0,0.69,0.3,2364.0,0.2834,11.4
1311.0,1305.0,9700.0,0.59,0.4,724.0,0.3675,14.3
2003.0,1785.0,9938.0,0.51,0.31,1209.0,0.5309,21.5
664.0,592.0,8885.0,0.45,0.59,669.0,0.2242,8.0
1277.0,1486.0,7714.0,0.51,0.45,2145.0,0.3126,12.0
379.0,356.0,9795.0,0.19,0.66,947.0,0.2369,9.0
1228.0,1042.0,10113.0,0.71,0.1,1830.0,0.3289,12.7
362.0,359.0,7363.0,0.05,0.01,2025.0,0.187,7.1
1592.0,1620.0,10900.0,0.61,0.26,1262.0,0.3607,13.7
3899.0,2900.0,10124.0,0.05,0.23,2079.0,0.7773,31.2
603.0,600.0,7573.0,0.66,0.04,1151.0,0.1835,7.8
115.0,131.0,4485.0,0.49,0.17,796.0,0.0636,2.6
429.0,459.0,5571.0,0.38,0.78,1420.0,0.1151,4.8
1782.0,2490.0,9435.0,0.45,0.56,1921.0,0.4587,17.6
1035.0,1249.0,4778.0,0.4,0.2,579.0,0.1727,7.0
812.0,1009.0,7289.0,0.02,0.67,2112.0,0.255,9.4
1491.0,2269.0,8234.0,0.33,0.27,1011.0,0.4578,17.5
980.0,1098.0,10148.0,0.52,0.43,1862.0,0.3145,13.4
1762.0,1806.0,9930.0,0.79,0.57,728.0,0.2547,10.1
1388.0,1606.0,9350.0,0.37,0.09,1279.0,0.2963,12.8
2247.0,2066.0,6854.0,0.3,0.63,1430.0,0.2838,11.7
886.0,901.0,4996.0,0.05,0.27,1437.0,0.2509,10.0
1372.0,1245.0,8688.0,0.26,0.22,1046.0,0.4761,19.3
520.0,552.0,5269.0,0.38,0.57,1558.0,0.2202,7.8
411.0,373.0,7929.0,0.53,0.45,1055.0,0.1898,7.1
2606.0,2350.0,10865.0,0.18,0.31,833.0,0.9568,37.7
791.0,841.0,7852.0,0.62,0.51,767.0,0.225,8.1
1266.0,1240.0,8519.0,0.47,0.19,2289.0,0.3925,16.0
734.0,550.0,8743.0,0.36,0.38,761.0,0.2256,8.9
416.0,334.0,9813.0,0.74,0.16,1290.0,0.1305,4.8
671.0,565.0,7045.0,0.39,0.4,1004.0,0.19,7.8
2098.0,1838.0,7483.0,0.62,0.33,1732.0,0.3438,12.9
1037.0,1104.0,5232.0,0.49,0.45,1192.0,0.3007,11.5
169.0,175.0,8303.0,0.43,0.19,1073.0,0.1234,4.6
560.0,657.0,6070.0,0.34,0.12,2438.0,0.1824,6.5
2768.0,3099.0,7553.0,0.12,0.26,2493.0,0.6625,25.1
561.0,658.0,9366.0,0.09,0.21,765.0,0.2459,9.5
158.0,173.0,4123.0,0.37,0.32,1886.0,0.0775,3.2
3024.0,3121.0,7947.0,0.43,0.14,2280.0,0.6082,23.3
1148.0,1354.0,5214.0,0.23,0.21,2442.0,0.201,8.0
629.0,722.0,5956.0,0.54,0.4,1096.0,0.2242,8.7
494.0,523.0,4243.0,0.11,0.35,2069.0,0.2027,8.0
1581.0,1913.0,5186.0,0.34,0.09,1155.0,0.3024,11.4
431.0,303.0,10906.0,0.53,0.28,1743.0,0.2611,10.6
1667.0,1596.0,10990.0,0.46,0.3,1526.0,0.4455,17.1
1026.0,980.0,9039.0,0.25,0.06,1915.0,0.4156,17.0
809.0,962.0,8283.0,0.44,0.42,2325.0,0.234,10.0
747.0,946.0,9439.0,0.18,0.05,726.0,0.2826,11.1
578.0,465.0,10276.0,0.56,0.22,946.0,0.2054,7.8
1535.0,1897.0,7635.0,0.49,0.22,1672.0,0.4602,18.5
333.0,279.0,4247.0,0.34,0.24,1214.0,0.1527,5.9
182.0,153.0,8966.0,0.21,0.79,1616.0,0.1432,5.6
1087.0,1050.0,10892.0,0.34,0.27,2066.0,0.3468,14.2
1102.0,1051.0,5806.0,0.64,0.35,1899.0,0.226,8.5
977.0,773.0,7244.0,0.21,0.2,2033.0,0.2746,11.0
922.0,1016.0,6529.0,0.36,0.45,822.0,0.3178,12.1
515.0,570.0,6733.0,0.02,0.21,561.0,0.2724,11.4
1249.0,1463.0,9050.0,0.65,0.84,2243.0,0.3083,11.9
641.0,601.0,6649.0,0.56,0.32,1403.0,0.2212,8.3
450.0,448.0,10588.0,0.38,0.29,1771.0,0.2218,8.4
518.0,516.0,9528.0,0.55,0.78,646.0,0.1999,7.4
3349.0,4314.0,4194.0,0.61,0.1,1915.0,0.381,14.3
166.0,109.0,9730.0,0.28,0.34,703.0,0.1494,5.7
992.0,859.0,9410.0,0.4,0.08,2075.0,0.3134,11.6
174.0,174.0,7615.0,0.27,0.55,621.0,0.143,5.6
610.0,518.0,7478.0,0.62,0.31,666.0,0.1668,6.3
470.0,452.0,9849.0,0.17,0.35,1187.0,0.2418,9.3
125.0,123.0,6973.0,0.79,0.38,924.0,0.0697,2.5
908.0,823.0,5116.0,0.24,0.43,2469.0,0.1271,4.9
491.0,496.0,6190.0,0.16,0.22,1403.0,0.1974,8.2
124.0,136.0,5856.0,0.64,0.08,1438.0,0.1151,4.4
1302.0,1257.0,8767.0,0.5,0.1,593.0,0.3559,14.5
2096.0,1959.0,5252.0,0.48,0.39,1483.0,0.4808,18.0
2191.0,2137.0,8513.0,0.45,0.24,628.0,0.4507,16.8
886.0,885.0,7262.0,0.8,0.54,1756.0,0.1794,7.2
690.0,532.0,9878.0,0.37,0.33,2463.0,0.2454,10.0
1925.0,2063.0,7395.0,0.05,0.28,1159.0,0.4696,18.1
2555.0,2388.0,10509.0,0.61,0.53,2116.0,0.4866,19.7
1647.0,1990.0,10303.0,0.41,0.47,2431.0,0.549,22.2
313.0,342.0,5297.0,0.25,0.34,2436.0,0.117,4.6
781.0,931.0,8803.0,0.85,0.35,1992.0,0.1923,7.2
945.0,812.0,5502.0,0.29,0.09,2240.0,0.24,10.0
156.0,148.0,9763.0,0.09,0.49,1203.0,0.1695,6.8
968.0,804.0,8450.0,0.35,0.49,1668.0,0.2219,7.7
4099.0,3687.0,6059.0,0.04,0.32,1826.0,0.4823,17.0
1110.0,1339.0,5744.0,0.49,0.53,935.0,0.2179,8.0
2162.0,2702.0,7007.0,0.41,0.55,1127.0,0.4329,16.7
770.0,648.0,9605.0,0.42,0.49,1223.0,0.2432,9.1
627.0,586.0,9573.0,0.66,0.29,631.0,0.2282,9.0
902.0,892.0,4234.0,0.14,0.41,1413.0,0.2237,10.0
346.0,378.0,6116.0,0.06,0.3,2067.0,0.1715,6.8
308.0,236.0,6960.0,0.51,0.22,1800.0,0.1303,5.2
1832.0,1440.0,8099.0,0.43,0.35,1750.0,0.417,16.1
1994.0,2146.0,5047.0,0.07,0.8,1712.0,0.3058,11.6
301.0,225.0,6347.0,0.8,0.06,545.0,0.1251,4.5
1443.0,1349.0,10199.0,0.3,0.46,507.0,0.4224,16.3
620.0,636.0,7336.0,0.42,0.63,838.0,0.1744,7.1
873.0,929.0,9209.0,0.19,0.23,2327.0,0.2703,10.6
961.0,941.0,7393.0,0.66,0.13,2214.0,0.2673,10.0
1474.0,1395.0,7255.0,0.62,0.15,1654.0,0.2395,9.3
711.0,807.0,8353.0,0.15,0.78,1271.0,0.2035,8.2
2055.0,2145.0,5816.0,0.34,0.68,2427.0,0.2437,9.2
852.0,773.0,5749.0,0.41,0.42,632.0,0.1887,7.7
1096.0,1102.0,10925.0,0.26,0.47,694.0,0.3948,16.0
342.0,362.0,10083.0,0.56,0.5,1742.0,0.1329,5.0
3740.0,4840.0,9164.0,0.59,0.17,1595.0,0.5252,21.2
969.0,1090.0,4960.0,0.15,0.65,2463.0,0.2011,7.9
1177.0,1412.0,4212.0,0.66,0.29,2105.0,0.1151,4.5
184.0,168.0,5228.0,0.47,0.25,2376.0,0.0825,3.2
344.0,318.0,10564.0,0.23,0.25,1943.0,0.2812,11.4
1791.0,1728.0,9714.0,0.51,0.3,2354.0,0.3793,14.4
837.0,819.0,7662.0,0.37,0.61,1874.0,0.257,10.4
144.0,124.0,10781.0,0.52,0.3,1551.0,0.1144,4.1
1526.0,1846.0,5026.0,0.79,0.12,1660.0,0.1948,7.7
431.0,492.0,7914.0,0.58,0.16,2302.0,0.152,5.7
2057.0,1965.0,5283.0,0.23,0.54,709.0,0.2221,8.3
620.0,683.0,6145.0,0.56,0.43,1631.0,0.1539,6.1
783.0,810.0,10581.0,0.41,0.61,1285.0,0.2714,11.0
1708.0,1903.0,10078.0,0.58,0.38,1826.0,0.468,17.5
324.0,265.0,4713.0,0.2,0.11,1708.0,0.1396,5.8
301.0,294.0,5747.0,0.3,0.58,1299.0,0.1053,4.4
568.0,563.0,8162.0,0.24,0.53,1879.0,0.2699,10.1
1289.0,1416.0,4429.0,0.24,0.16,1572.0,0.1971,7.7
229.0,209.0,7851.0,0.49,0.66,875.0,0.0977,3.9
175.0,120.0,8091.0,0.59,0.14,1776.0,0.0898,3.6
1286.0,1093.0,6037.0,0.52,0.23,553.0,0.2176,8.8
411.0,407.0,6052.0,0.28,0.01,2146.0,0.1928,6.7
486.0,491.0,5604.0,0.43,0.22,2313.0,0.1832,6.7
151.0,194.0,10550.0,0.37,0.52,656.0,0.0905,3.7
386.0,422.0,6722.0,0.27,0.2,1014.0,0.1623,6.4
661.0,669.0,8097.0,0.48,0.44,754.0,0.1894,7.1
1400.0,1393.0,6111.0,0.56,0.35,2044.0,0.2484,10.1
359.0,424.0,8919.0,0.38,0.22,642.0,0.1901,7.6
2505.0,2292.0,4710.0,0.23,0.23,1582.0,0.2699,10.6
385.0,377.0,4501.0,0.36,0.31,1276.0,0.1408,5.7
385.0,327.0,9210.0,0.29,0.23,2002.0,0.2143,7.9
2275.0,2815.0,9087.0,0.4,0.02,1778.0,0.5822,23.4
788.0,836.0,5855.0,0.34,0.34,1588.0,0.1953,7.6
428.0,385.0,6485.0,0.24,0.69,1507.0,0.1839,7.1
588.0,578.0,10701.0,0.3,0.53,2050.0,0.3165,11.3
1963.0,2119.0,4730.0,0.11,0.37,1454.0,0.3035,11.8
2149.0,2070.0,5282.0,0.39,0.42,1340.0,0.4688,16.4
346.0,319.0,7010.0,0.34,0.4,551.0,0.1694,6.7
643.0,583.0,5975.0,0.78,0.42,1037.0,0.1972,7.7
715.0,752.0,8543.0,0.52,0.41,1240.0,0.366,13.5
302.0,286.0,8834.0,0.35,0.16,1658.0,0.1417,5.0
636.0,594.0,7685.0,0.06,0.64,1846.0,0.2968,11.6
668.0,547.0,8278.0,0.15,0.41,2425.0,0.3086,11.2
1656.0,1675.0,7034.0,0.59,0.26,1053.0,0.3249,12.1
1747.0,1701.0,9323.0,0.36,0.37,1589.0,0.3738,15.0
511.0,487.0,4295.0,0.32,0.17,2012.0,0.1376,5.3
561.0,577.0,6190.0,0.58,0.28,1121.0,0.1377,5.3
1132.0,1266.0,8791.0,0.51,0.21,1597.0,0.4514,18.4
416.0,463.0,6308.0,0.35,0.31,1337.0,0.1839,7.1
1065.0,1157.0,4550.0,0.32,0.51,1294.0,0.1437,5.5
620.0,598.0,6415.0,0.36,0.4,625.0,0.1681,6.4
306.0,281.0,8980.0,0.26,0.4,548.0,0.1228,4.7
309.0,265.0,4854.0,0.27,0.02,1091.0,0.1714,6.9
2117.0,1937.0,9072.0,0.26,0.39,2325.0,0.5642,19.5
587.0,589.0,9428.0,0.39,0.18,886.0,0.2712,10.4
2471.0,2196.0,8447.0,0.4,0.07,626.0,0.5379,19.6
441.0,447.0,5710.0,0.05,0.46,1740.0,0.2242,8.5
840.0,726.0,9637.0,0.79,0.32,2417.0,0.2155,7.8
4510.0,3516.0,5501.0,0.38,0.16,614.0,0.4759,19.2
285.0,323.0,10341.0,0.43,0.15,1991.0,0.1832,7.1
146.0,136.0,8947.0,0.18,0.28,717.0,0.1036,4.1
1862.0,1642.0,4383.0,0.66,0.02,771.0,0.1828,7.3
343.0,291.0,9595.0,0.45,0.3,2372.0,0.1688,6.4
654.0,697.0,7545.0,0.5,0.46,1902.0,0.2081,8.2
416.0,512.0,7169.0,0.33,0.16,1619.0,0.2233,9.3
824.0,776.0,6944.0,0.57,0.41,829.0,0.2082,8.2
311.0,301.0,8246.0,0.25,0.62,1618.0,0.1544,6.1
576.0,676.0,9072.0,0.89,0.31,625.0,0.1744,6.5
953.0,727.0,10272.0,0.1,0.57,1289.0,0.3471,14.5
297.0,399.0,5911.0,0.24,0.24,1909.0,0.1437,5.7
380.0,548.0,8415.0,0.1,0.16,1637.0,0.2784,11.2
504.0,336.0,8804.0,0.53,0.29,1850.0,0.1928,7.2
212.0,209.0,8724.0,0.4,0.25,732.0,0.1408,5.6
474.0,426.0,7451.0,0.39,0.31,2017.0,0.1766,6.5
731.0,703.0,6737.0,0.51,0.25,2413.0,0.2626,10.2
483.0,454.0,9337.0,0.44,0.52,2315.0,0.1691,6.4
535.0,605.0,6100.0,0.43,0.52,676.0,0.1736,6.4
655.0,644.0,5456.0,0.62,0.29,697.0,0.1841,7.6
394.0,343.0,7821.0,0.12,0.25,1527.0,0.1768,6.9
1156.0,1127.0,5873.0,0.58,0.13,1548.0,0.2665,10.1
2098.0,2267.0,4233.0,0.39,0.64,2214.0,0.1556,6.0
459.0,384.0,4361.0,0.8,0.12,1238.0,0.0857,3.5
981.0,766.0,8865.0,0.66,0.63,1529.0,0.2427,9.1
549.0,740.0,10812.0,0.43,0.36,907.0,0.3642,14.1
891.0,809.0,7183.0,0.15,0.12,2393.0,0.317,12.2
2328.0,2280.0,5029.0,0.15,0.39,742.0,0.3426,13.4
999.0,941.0,9727.0,0.15,0.21,2308.0,0.4192,19.3
161.0,175.0,5830.0,0.64,0.59,2281.0,0.0644,2.4
956.0,1248.0,10969.0,0.56,0.08,601.0,0.2112,7.9
1783.0,1946.0,7943.0,0.24,0.56,2051.0,0.5249,20.8
557.0,444.0,5628.0,0.31,0.4,1175.0,0.1885,7.9
1475.0,1199.0,7472.0,0.26,0.13,949.0,0.3389,13.5
383.0,361.0,6348.0,0.35,0.06,1305.0,0.1821,6.7
203.0,195.0,9456.0,0.65,0.26,2348.0,0.1399,5.5
745.0,575.0,4741.0,0.28,0.26,1298.0,0.1996,7.7
163.0,185.0,9999.0,0.3,0.52,985.0,0.1289,5.1
549.0,466.0,9371.0,0.08,0.06,1549.0,0.4252,16.2
1862.0,2330.0,10030.0,0.75,0.03,1319.0,0.3008,12.5
144.0,190.0,10265.0,0.43,0.78,538.0,0.1128,4.4
239.0,230.0,5608.0,0.45,0.42,873.0,0.0921,3.4
291.0,311.0,7647.0,0.62,0.63,534.0,0.1485,6.0
632.0,526.0,9949.0,0.56,0.48,1544.0,0.2245,8.8
496.0,545.0,6642.0,0.2,0.14,1783.0,0.1985,7.3
2037.0,1890.0,4423.0,0.25,0.36,1937.0,0.2127,7.9
1427.0,1212.0,6041.0,0.32,0.6,916.0,0.2526,9.6
989.0,947.0,5693.0,0.12,0.59,2110.0,0.2462,9.3
747.0,697.0,10090.0,0.43,0.09,1322.0,0.3578,13.6
911.0,868.0,7247.0,0.7,0.41,598.0,0.1629,6.4
334.0,385.0,8785.0,0.12,0.23,2355.0,0.1865,6.8
1321.0,1174.0,10735.0,0.6,0.03,1887.0,0.3594,14.2
273.0,354.0,6094.0,0.4,0.4,1625.0,0.1042,4.2
1298.0,1064.0,9328.0,0.43,0.17,580.0,0.3239,13.5
1718.0,2189.0,4159.0,0.39,0.74,528.0,0.1581,6.3
787.0,676.0,4729.0,0.64,0.29,1630.0,0.1725,6.9
578.0,578.0,5133.0,0.3,0.41,2258.0,0.1573,6.3
916.0,851.0,6187.0,0.37,0.39,1795.0,0.2084,8.6
67.0,64.0,6821.0,0.51,0.1,511.0,0.0717,2.7
847.0,955.0,7339.0,0.18,0.44,1776.0,0.2036,8.3
607.0,761.0,5717.0,0.48,0.57,1197.0,0.1878,7.1
639.0,764.0,4464.0,0.83,0.46,744.0,0.1278,4.8
1171.0,1102.0,8743.0,0.23,0.11,2123.0,0.4605,15.8
627.0,644.0,4166.0,0.53,0.45,1653.0,0.1363,5.4
267.0,238.0,9666.0,0.33,0.43,1948.0,0.153,6.0
594.0,512.0,10504.0,0.14,0.28,830.0,0.2842,11.4
702.0,591.0,8973.0,0.62,0.2,732.0,0.2129,8.8
729.0,683.0,8172.0,0.32,0.6,1529.0,0.1863,7.4
757.0,786.0,8599.0,0.14,0.17,1556.0,0.3919,15.8
1528.0,1147.0,8566.0,0.6,0.75,1664.0,0.2427,10.0
279.0,277.0,10522.0,0.78,0.43,1988.0,0.1293,4.9
766.0,961.0,10750.0,0.75,0.06,1827.0,0.2799,11.4
1867.0,2209.0,6987.0,0.37,0.45,1853.0,0.3341,12.6
166.0,152.0,8320.0,0.45,0.33,850.0,0.1234,4.6
768.0,623.0,9620.0,0.6,0.3,1336.0,0.1536,6.2
416.0,446.0,4007.0,0.48,0.27,1700.0,0.0926,3.4
494.0,349.0,7689.0,0.52,0.62,1537.0,0.1672,6.3
323.0,381.0,8570.0,0.17,0.23,1108.0,0.1996,7.8
581.0,562.0,9020.0,0.27,0.28,2389.0,0.2771,11.8
2902.0,3819.0,6582.0,0.31,0.55,780.0,0.4356,18.4
242.0,187.0,6070.0,0.09,0.39,2449.0,0.1145,4.1
261.0,299.0,5275.0,0.43,0.3,2064.0,0.1548,5.6
235.0,231.0,7905.0,0.39,0.37,1692.0,0.1175,4.2
2649.0,2521.0,10435.0,0.68,0.15,755.0,0.6461,22.9
459.0,374.0,10272.0,0.83,0.18,1628.0,0.1623,5.9
652.0,713.0,6520.0,0.25,0.38,676.0,0.3645,13.9
482.0,533.0,5805.0,0.53,0.09,2364.0,0.1501,5.6
312.0,408.0,9522.0,0.21,0.63,1071.0,0.1679,6.7
551.0,641.0,9075.0,0.34,0.08,1299.0,0.2557,9.8
4753.0,4348.0,7537.0,0.33,0.18,1774.0,0.6401,23.9
2026.0,1743.0,6723.0,0.25,0.3,537.0,0.3375,12.6
336.0,274.0,4867.0,0.37,0.31,1584.0,0.192,7.5
1117.0,1393.0,9496.0,0.22,0.21,1930.0,0.3251,14.0
342.0,304.0,8322.0,0.33,0.61,915.0,0.133,5.6
161.0,201.0,6638.0,0.76,0.48,808.0,0.0766,2.9
1504.0,1627.0,10432.0,0.42,0.04,1475.0,0.4749,18.9
1683.0,1768.0,8618.0,0.47,0.56,1573.0,0.324,12.1
1536.0,1467.0,10505.0,0.17,0.34,1378.0,0.5698,23.5
457.0,504.0,7321.0,0.36,0.36,1091.0,0.2022,7.3
582.0,581.0,7182.0,0.22,0.69,1320.0,0.1951,7.9
1212.0,1146.0,10561.0,0.71,0.23,1125.0,0.3943,14.2
910.0,1010.0,10719.0,0.63,0.74,999.0,0.2121,8.9
485.0,475.0,10725.0,0.2,0.49,1444.0,0.2257,8.5
182.0,162.0,9732.0,0.34,0.43,1291.0,0.127,5.2
729.0,797.0,7237.0,0.35,0.48,1371.0,0.2668,10.3
1577.0,1562.0,5472.0,0.17,0.06,500.0,0.3233,11.9
255.0,275.0,6684.0,0.36,0.42,1885.0,0.1279,4.7
1109.0,1036.0,10568.0,0.64,0.29,594.0,0.2158,8.7
867.0,723.0,6545.0,0.4,0.56,913.0,0.1902,7.6
1212.0,1572.0,9297.0,0.62,0.45,2107.0,0.2053,8.6
1336.0,1685.0,10461.0,0.45,0.34,2468.0,0.2848,12.1
382.0,436.0,10793.0,0.41,0.51,2483.0,0.1949,7.9
182.0,172.0,10634.0,0.12,0.06,1684.0,0.3041,12.3
434.0,415.0,7885.0,0.19,0.41,1019.0,0.1951,8.2
1355.0,1667.0,7443.0,0.3,0.44,2170.0,0.3403,13.3
431.0,409.0,10913.0,0.28,0.25,1801.0,0.2063,8.0
382.0,347.0,5527.0,0.75,0.01,2472.0,0.1017,3.9
155.0,205.0,5313.0,0.48,0.68,1598.0,0.1075,4.3
2703.0,2684.0,10742.0,0.22,0.02,1552.0,0.614,24.5
1288.0,1679.0,8824.0,0.61,0.27,588.0,0.215,8.5
1231.0,998.0,7754.0,0.57,0.22,889.0,0.3119,11.6
1443.0,1559.0,4924.0,0.14,0.47,1834.0,0.2284,9.1
1055.0,1439.0,7593.0,0.38,0.09,2488.0,0.3104,13.1
547.0,549.0,10610.0,0.72,0.62,1451.0,0.2296,9.0
583.0,561.0,8220.0,0.16,0.29,558.0,0.2641,10.4
472.0,397.0,6832.0,0.37,0.2,1299.0,0.1806,7.6
5474.0,6439.0,7858.0,0.73,0.53,753.0,0.5494,21.7
1038.0,924.0,10203.0,0.49,0.45,2419.0,0.5109,20.7
459.0,452.0,10390.0,0.3,0.23,783.0,0.3547,13.8
965.0,802.0,6801.0,0.26,0.14,736.0,0.271,10.3
296.0,374.0,8256.0,0.74,0.37,1416.0,0.1397,5.6
2216.0,2636.0,5954.0,0.11,0.33,1584.0,0.5567,21.0
392.0,390.0,7158.0,0.59,0.29,1935.0,0.1656,6.5
993.0,835.0,5539.0,0.38,0.41,1236.0,0.2022,7.9
1561.0,1965.0,7720.0,0.51,0.71,2294.0,0.2629,10.3
905.0,857.0,8048.0,0.46,0.32,1697.0,0.2673,10.4
717.0,608.0,6365.0,0.31,0.09,595.0,0.1805,7.5
671.0,515.0,5905.0,0.34,0.24,568.0,0.2246,9.6
636.0,577.0,5057.0,0.62,0.36,1438.0,0.2062,7.6
419.0,337.0,4977.0,0.68,0.09,1379.0,0.1183,4.5
464.0,423.0,8980.0,0.11,0.13,1405.0,0.2268,9.0
2173.0,2429.0,5551.0,0.53,0.44,614.0,0.2405,8.8
610.0,576.0,4826.0,0.33,0.44,607.0,0.2147,7.3
355.0,374.0,10992.0,0.12,0.71,622.0,0.1906,8.0
440.0,395.0,5819.0,0.4,0.17,1968.0,0.1272,4.9
1604.0,1620.0,10272.0,0.59,0.42,1703.0,0.6754,25.3
1142.0,1523.0,8264.0,0.74,0.25,773.0,0.1702,7.2
1041.0,988.0,9005.0,0.43,0.6,1362.0,0.2096,8.8
541.0,573.0,7926.0,0.2,0.62,2386.0,0.2643,9.8
1052.0,832.0,5266.0,0.52,0.24,638.0,0.2194,8.5
397.0,499.0,9929.0,0.21,0.03,878.0,0.2019,8.1
540.0,503.0,9796.0,0.84,0.2,1279.0,0.1369,5.8
1445.0,1692.0,6448.0,0.45,0.54,972.0,0.2893,11.0
1339.0,1314.0,9347.0,0.14,0.3,817.0,0.4421,18.4
303.0,332.0,7801.0,0.32,0.32,2447.0,0.1343,5.5
335.0,371.0,10363.0,0.41,0.41,2033.0,0.2055,8.4
726.0,678.0,9620.0,0.21,0.4,1958.0,0.3138,12.4
2646.0,3117.0,4287.0,0.53,0.59,2365.0,0.282,11.6
144.0,128.0,10155.0,0.46,0.36,874.0,0.1082,4.4
831.0,934.0,10780.0,0.37,0.31,2279.0,0.3679,13.6
221.0,209.0,9195.0,0.87,0.31,2465.0,0.0969,3.7
400.0,422.0,4839.0,0.53,0.06,1673.0,0.1505,5.8
497.0,464.0,9652.0,0.58,0.21,2306.0,0.2171,8.2
475.0,479.0,8532.0,0.32,0.32,2132.0,0.232,9.5
434.0,369.0,6372.0,0.34,0.26,1136.0,0.1947,7.4
669.0,694.0,10188.0,0.35,0.02,1165.0,0.2102,8.0
433.0,436.0,7959.0,0.74,0.58,1852.0,0.1149,4.7
206.0,190.0,9970.0,0.48,0.26,1604.0,0.144,5.4
1241.0,1231.0,8691.0,0.03,0.2,1270.0,0.4819,18.4
1215.0,1239.0,6020.0,0.54,0.18,594.0,0.2784,10.6
1306.0,1190.0,10825.0,0.4,0.16,546.0,0.53,18.9
194.0,190.0,7997.0,0.56,0.46,696.0,0.0955,3.7
845.0,727.0,7617.0,0.58,0.16,1308.0,0.2622,10.6
1142.0,1624.0,6825.0,0.59,0.4,555.0,0.2013,7.7
291.0,342.0,4954.0,0.51,0.66,796.0,0.1275,4.9
670.0,698.0,8803.0,0.1,0.18,2436.0,0.3568,14.6
606.0,723.0,7016.0,0.43,0.42,1401.0,0.1755,7.6
2904.0,2158.0,10542.0,0.53,0.7,2367.0,0.4536,17.6
3101.0,2113.0,10756.0,0.46,0.38,880.0,0.5696,21.1
176.0,165.0,9373.0,0.08,0.64,1217.0,0.1202,4.4
4891.0,3977.0,5697.0,0.24,0.28,1842.0,0.4563,17.4
320.0,309.0,9012.0,0.27,0.4,2480.0,0.1867,6.7
1458.0,1503.0,4143.0,0.75,0.43,1900.0,0.1379,5.3
1446.0,1660.0,9785.0,0.56,0.25,2304.0,0.28,10.9
300.0,253.0,7455.0,0.57,0.49,598.0,0.1179,4.5
987.0,1048.0,10557.0,0.38,0.53,1108.0,0.3391,13.6
610.0,612.0,6644.0,0.61,0.06,2266.0,0.1643,6.8
1036.0,1092.0,5842.0,0.55,0.51,1546.0,0.156,6.3
800.0,740.0,10965.0,0.49,0.18,840.0,0.1836,7.3
1732.0,2131.0,7715.0,0.74,0.68,840.0,0.3347,12.4
706.0,696.0,10042.0,0.65,0.66,2017.0,0.1871,7.8
582.0,759.0,10377.0,0.66,0.1,816.0,0.2196,8.9
1599.0,1420.0,7629.0,0.39,0.06,1495.0,0.4038,15.0
1058.0,1183.0,7190.0,0.79,0.11,863.0,0.2325,9.2
1194.0,1184.0,7870.0,0.88,0.28,917.0,0.2272,8.9
391.0,372.0,9934.0,0.24,0.14,1295.0,0.2257,8.9
288.0,317.0,10753.0,0.07,0.21,736.0,0.274,9.7
422.0,404.0,6298.0,0.73,0.42,1819.0,0.1532,5.8
405.0,272.0,9170.0,0.48,0.21,832.0,0.2444,9.3
1248.0,788.0,5998.0,0.17,0.14,2004.0,0.2623,10.1
1452.0,1758.0,8277.0,0.16,0.52,1543.0,0.4144,15.7
588.0,707.0,9634.0,0.39,0.25,1193.0,0.1984,7.0
2090.0,2773.0,10205.0,0.23,0.42,1728.0,0.4971,19.6
1988.0,1983.0,7141.0,0.39,0.29,1315.0,0.3642,14.0
808.0,666.0,6588.0,0.58,0.4,665.0,0.2281,8.8
345.0,324.0,5774.0,0.09,0.05,1118.0,0.1842,6.8
2346.0,2350.0,4934.0,0.05,0.64,1549.0,0.3989,14.2
633.0,545.0,6554.0,0.34,0.17,708.0,0.2002,8.0
736.0,942.0,10104.0,0.33,0.29,1965.0,0.2625,9.9
507.0,709.0,6932.0,0.53,0.29,1213.0,0.151,5.8
326.0,351.0,6221.0,0.15,0.07,910.0,0.1848,7.7
205.0,205.0,9174.0,0.5,0.43,516.0,0.1215,4.5
1104.0,909.0,5509.0,0.49,0.35,670.0,0.1441,5.2
355.0,448.0,5794.0,0.64,0.44,975.0,0.1371,5.1
7690.0,7778.0,10551.0,0.63,0.6,1234.0,0.6565,26.2
279.0,267.0,4571.0,0.3,0.03,807.0,0.1243,5.2
243.0,261.0,6902.0,0.46,0.26,1590.0,0.1063,4.0
1000.0,916.0,8037.0,0.3,0.42,889.0,0.2833,11.6
2261.0,2311.0,5612.0,0.36,0.08,2409.0,0.199,8.1
700.0,564.0,5967.0,0.25,0.0,1630.0,0.2427,9.3
1051.0,1238.0,5553.0,0.55,0.65,2093.0,0.1582,5.9
152.0,150.0,6416.0,0.86,0.75,1344.0,0.0485,1.9
387.0,460.0,10290.0,0.09,0.11,910.0,0.2849,11.1
282.0,273.0,7021.0,0.55,0.36,1399.0,0.1224,4.8
146.0,143.0,6925.0,0.46,0.52,1325.0,0.0831,3.4
730.0,609.0,6706.0,0.52,0.36,1747.0,0.1741,6.9
111.0,124.0,10749.0,0.19,0.18,2321.0,0.1378,5.8
231.0,203.0,4821.0,0.08,0.62,974.0,0.1111,4.1
433.0,402.0,10103.0,0.26,0.32,693.0,0.3374,11.5
342.0,342.0,6290.0,0.25,0.11,1931.0,0.2121,8.2
913.0,930.0,10696.0,0.63,0.18,501.0,0.4273,15.6
849.0,658.0,6207.0,0.48,0.58,2089.0,0.2367,9.3
1360.0,1313.0,4580.0,0.36,0.53,1956.0,0.1689,7.0
1214.0,1368.0,7640.0,0.36,0.44,2152.0,0.3393,11.8
1657.0,1565.0,5595.0,0.71,0.29,681.0,0.2048,8.3
664.0,642.0,9271.0,0.36,0.07,907.0,0.3295,12.2
848.0,869.0,8601.0,0.55,0.15,1603.0,0.2575,9.9
1001.0,983.0,8805.0,0.77,0.42,1155.0,0.2373,8.7
745.0,638.0,5354.0,0.53,0.67,2192.0,0.2223,8.6
484.0,481.0,8960.0,0.39,0.11,1417.0,0.1955,8.0
510.0,592.0,6179.0,0.09,0.52,1359.0,0.1724,6.9
346.0,295.0,10991.0,0.17,0.1,870.0,0.2444,8.5
932.0,881.0,9122.0,0.21,0.5,1624.0,0.4076,15.5
617.0,501.0,8133.0,0.64,0.57,1192.0,0.2034,7.1
391.0,451.0,10070.0,0.68,0.43,1401.0,0.1681,6.6
392.0,386.0,8125.0,0.38,0.46,1043.0,0.1865,7.0
253.0,222.0,7869.0,0.17,0.31,1718.0,0.1019,4.2
1455.0,1476.0,5661.0,0.44,0.21,2176.0,0.215,8.3
708.0,591.0,8747.0,0.47,0.04,541.0,0.2699,9.4
334.0,286.0,6623.0,0.27,0.47,962.0,0.156,6.3
1270.0,1020.0,4302.0,0.71,0.31,1855.0,0.1255,5.0
425.0,362.0,9712.0,0.72,0.52,1913.0,0.1334,5.0
216.0,265.0,4363.0,0.32,0.66,1089.0,0.0875,3.4
1506.0,1349.0,8706.0,0.45,0.79,1072.0,0.4448,15.7
433.0,464.0,5097.0,0.29,0.18,1994.0,0.1102,4.3
480.0,423.0,7028.0,0.31,0.65,1617.0,0.1092,4.2
687.0,770.0,10014.0,0.4,0.35,1278.0,0.3609,13.7
1659.0,1422.0,4661.0,0.19,0.18,611.0,0.1972,8.1
676.0,680.0,8670.0,0.37,0.55,1806.0,0.2005,8.3
255.0,257.0,8288.0,0.57,0.21,1086.0,0.0946,3.9
1028.0,1457.0,10073.0,0.13,0.39,1654.0,0.3212,14.9
451.0,496.0,5209.0,0.19,0.11,1945.0,0.1774,6.9
3012.0,2756.0,9599.0,0.6,0.35,1427.0,0.6335,26.2
665.0,736.0,7151.0,0.1,0.35,1007.0,0.284,11.3
111.0,153.0,7001.0,0.51,0.2,928.0,0.0707,2.6
885.0,693.0,6532.0,0.35,0.27,1910.0,0.1694,6.9
3152.0,2777.0,6699.0,0.37,0.31,2283.0,0.5083,19.0
2347.0,2265.0,7640.0,0.41,0.23,2460.0,0.3634,15.3
2878.0,2703.0,4748.0,0.03,0.09,2107.0,0.347,13.9
294.0,280.0,6975.0,0.37,0.07,1705.0,0.2087,7.4
1380.0,1135.0,8564.0,0.22,0.2,2229.0,0.2946,11.7
373.0,461.0,7487.0,0.51,0.22,1279.0,0.1584,5.8
796.0,643.0,5161.0,0.4,0.29,2264.0,0.2544,8.8
240.0,233.0,6541.0,0.29,0.36,1360.0,0.1045,4.1
397.0,465.0,7101.0,0.26,0.09,1691.0,0.2353,9.4
387.0,385.0,8682.0,0.54,0.49,840.0,0.1185,5.1
1365.0,1178.0,10305.0,0.83,0.13,1494.0,0.3205,12.2
1262.0,1031.0,7853.0,0.58,0.14,1183.0,0.2675,10.2
830.0,802.0,8735.0,0.51,0.56,1233.0,0.148,5.5
226.0,202.0,4540.0,0.09,0.22,1696.0,0.1229,4.4
518.0,535.0,10681.0,0.38,0.13,2264.0,0.2724,11.1
366.0,297.0,6206.0,0.56,0.08,2152.0,0.1307,4.6
1334.0,1507.0,6480.0,0.18,0.42,1198.0,0.2709,10.6
1707.0,1737.0,5560.0,0.27,0.84,1968.0,0.2383,9.1
1549.0,1593.0,4593.0,0.66,0.39,1595.0,0.2014,7.8
364.0,451.0,9530.0,0.31,0.2,1197.0,0.1817,7.3
74.0,70.0,5683.0,0.73,0.33,2316.0,0.0483,2.0
162.0,145.0,5979.0,0.86,0.48,823.0,0.0679,2.6
2074.0,1911.0,5273.0,0.66,0.09,2110.0,0.2247,9.1
483.0,469.0,10824.0,0.13,0.41,924.0,0.3479,13.6
365.0,360.0,9467.0,0.74,0.41,2285.0,0.1154,4.6
2475.0,2185.0,10509.0,0.12,0.13,1943.0,0.788,31.1
1830.0,1351.0,10032.0,0.41,0.05,1430.0,0.5762,24.5
678.0,624.0,10344.0,0.31,0.48,655.0,0.2183,10.0
526.0,555.0,7353.0,0.38,0.37,860.0,0.2065,7.7
598.0,611.0,5194.0,0.54,0.35,830.0,0.1843,6.8
798.0,955.0,6288.0,0.17,0.36,2023.0,0.206,9.1
2392.0,3208.0,6047.0,0.64,0.34,1744.0,0.2145,8.1
933.0,1045.0,9020.0,0.24,0.24,935.0,0.3353,12.8
1189.0,1463.0,4180.0,0.41,0.2,1235.0,0.2336,9.7
1695.0,1902.0,4994.0,0.08,0.34,1119.0,0.3471,12.9
261.0,337.0,8780.0,0.25,0.41,1805.0,0.1725,6.3
1217.0,1606.0,4864.0,0.19,0.04,1161.0,0.3052,11.2
525.0,606.0,4338.0,0.28,0.11,2037.0,0.1813,6.5
89.0,99.0,4765.0,0.27,0.5,1890.0,0.0704,2.6
121.0,118.0,8835.0,0.25,0.32,985.0,0.0998,4.0
295.0,293.0,4975.0,0.37,0.14,1148.0,0.1408,5.4
1017.0,967.0,5024.0,0.06,0.64,1599.0,0.2005,7.6
729.0,800.0,5612.0,0.43,0.06,2316.0,0.215,7.7
771.0,692.0,9256.0,0.22,0.79,723.0,0.2985,11.7
3168.0,3078.0,5402.0,0.54,0.02,1217.0,0.3394,13.6
241.0,169.0,4248.0,0.29,0.2,1698.0,0.1131,4.8
651.0,843.0,10341.0,0.47,0.21,1149.0,0.299,11.1
849.0,821.0,10134.0,0.19,0.38,1079.0,0.3229,12.4
369.0,395.0,5294.0,0.54,0.23,1364.0,0.1171,4.7
680.0,847.0,5857.0,0.23,0.04,885.0,0.194,7.2
185.0,193.0,5320.0,0.37,0.47,1707.0,0.0778,3.1
2055.0,2552.0,9037.0,0.48,0.42,2257.0,0.4409,18.3
386.0,320.0,5750.0,0.71,0.4,2322.0,0.1383,5.0
3378.0,4840.0,10520.0,0.27,0.2,1443.0,0.5602,24.2
648.0,763.0,9793.0,0.17,0.21,1087.0,0.3191,12.3
1514.0,1562.0,8119.0,0.39,0.45,1265.0,0.3607,14.0
637.0,789.0,4063.0,0.26,0.35,957.0,0.1881,7.9
649.0,545.0,10186.0,0.63,0.41,1697.0,0.3205,12.2
417.0,399.0,9094.0,0.12,0.08,769.0,0.2592,10.4
732.0,909.0,9515.0,0.46,0.25,1136.0,0.2469,8.8
858.0,648.0,4503.0,0.33,0.43,841.0,0.2375,8.8
355.0,386.0,8960.0,0.47,0.38,911.0,0.1399,5.4
602.0,652.0,9632.0,0.31,0.62,1843.0,0.304,13.4
408.0,549.0,10696.0,0.2,0.11,2485.0,0.1931,7.7
4187.0,3302.0,8063.0,0.23,0.54,1851.0,0.646,25.8
619.0,788.0,7556.0,0.11,0.63,988.0,0.2468,9.0
2290.0,2105.0,6978.0,0.36,0.45,1315.0,0.3592,13.8
569.0,532.0,8909.0,0.34,0.32,1756.0,0.2166,8.3
818.0,681.0,10446.0,0.37,0.41,2235.0,0.3887,14.3
231.0,196.0,8198.0,0.26,0.38,1929.0,0.1754,6.3
465.0,494.0,5591.0,0.39,0.35,791.0,0.1674,6.0
787.0,666.0,4123.0,0.59,0.52,1708.0,0.2095,7.9
2366.0,2643.0,8334.0,0.19,0.52,894.0,0.4747,18.6
794.0,719.0,10052.0,0.44,0.43,1249.0,0.31,11.7
2012.0,1677.0,4462.0,0.56,0.06,2430.0,0.1874,7.3
1111.0,1026.0,6783.0,0.15,0.21,2284.0,0.2587,9.6
2445.0,2572.0,10580.0,0.31,0.28,1014.0,0.6747,26.9
634.0,609.0,7512.0,0.46,0.16,1957.0,0.2421,9.0
4502.0,4525.0,5545.0,0.84,0.54,1159.0,0.4481,17.3
451.0,501.0,6476.0,0.07,0.38,516.0,0.1813,6.9
360.0,424.0,6857.0,0.08,0.25,2200.0,0.203,8.4
253.0,241.0,4821.0,0.73,0.65,2145.0,0.0748,2.9
4293.0,3671.0,8626.0,0.43,0.24,1088.0,0.7582,28.7
1281.0,1296.0,8145.0,0.13,0.39,2044.0,0.4313,16.8
509.0,546.0,8534.0,0.25,0.42,563.0,0.1939,8.5
1807.0,1451.0,8276.0,0.58,0.22,1580.0,0.2993,12.3
1153.0,1009.0,4117.0,0.13,0.15,2463.0,0.2058,7.8
3206.0,2878.0,5221.0,0.36,0.03,2077.0,0.3483,12.5
193.0,187.0,5159.0,0.22,0.44,1651.0,0.1131,4.4
538.0,480.0,4686.0,0.19,0.36,1232.0,0.1041,4.1
459.0,511.0,9148.0,0.25,0.46,1971.0,0.2038,7.5
137.0,108.0,4841.0,0.42,0.27,2451.0,0.0957,3.7
1553.0,1226.0,8677.0,0.31,0.07,884.0,0.5282,19.7
536.0,510.0,5249.0,0.6,0.46,599.0,0.1037,4.1
1202.0,1171.0,4828.0,0.63,0.18,1255.0,0.1995,7.9
4393.0,3532.0,5138.0,0.61,0.16,1534.0,0.3196,11.9
501.0,458.0,7559.0,0.38,0.13,990.0,0.1994,7.5
475.0,447.0,8518.0,0.44,0.69,1733.0,0.1982,7.8
731.0,689.0,9683.0,0.22,0.21,1112.0,0.2404,9.9
1465.0,1499.0,4900.0,0.75,0.55,2464.0,0.1999,8.4
423.0,383.0,8313.0,0.52,0.05,1031.0,0.1795,7.5
402.0,501.0,9417.0,0.45,0.54,2106.0,0.1857,7.4
1550.0,1667.0,6187.0,0.27,0.73,2429.0,0.3418,13.0
900.0,798.0,4558.0,0.74,0.38,1499.0,0.141,6.0
130.0,131.0,5092.0,0.27,0.22,899.0,0.0955,4.0
250.0,254.0,4641.0,0.63,0.61,2281.0,0.0766,2.9
2211.0,2652.0,10210.0,0.48,0.15,1305.0,0.4643,16.7
917.0,838.0,6637.0,0.5,0.16,1588.0,0.2307,8.5
361.0,406.0,7663.0,0.18,0.09,598.0,0.1983,8.5
580.0,584.0,9381.0,0.11,0.31,1196.0,0.222,8.4
672.0,841.0,6600.0,0.77,0.25,1612.0,0.1911,7.1
1198.0,1454.0,8544.0,0.82,0.37,1886.0,0.2532,10.1
224.0,231.0,4537.0,0.41,0.42,2402.0,0.0929,3.6
339.0,326.0,7366.0,0.25,0.2,1667.0,0.1826,7.0
827.0,893.0,4676.0,0.52,0.56,1043.0,0.175,6.6
614.0,598.0,5738.0,0.46,0.39,1614.0,0.195,7.4
1051.0,1352.0,6053.0,0.69,0.25,642.0,0.231,8.6
249.0,252.0,9023.0,0.18,0.28,796.0,0.2915,11.2
885.0,833.0,8719.0,0.42,0.45,1204.0,0.2635,10.5
1593.0,1487.0,9230.0,0.31,0.17,545.0,0.3931,15.6
982.0,819.0,4432.0,0.07,0.63,651.0,0.1299,5.2
743.0,808.0,10957.0,0.15,0.44,515.0,0.2409,9.5
616.0,545.0,4381.0,0.23,0.81,864.0,0.1411,5.3
341.0,402.0,9780.0,0.59,0.56,2151.0,0.1626,6.5
628.0,517.0,9182.0,0.36,0.12,1203.0,0.2541,9.3
1822.0,1857.0,8142.0,0.53,0.41,2305.0,0.3615,14.7
605.0,719.0,7072.0,0.42,0.11,2270.0,0.1904,7.3
326.0,236.0,9300.0,0.73,0.31,2227.0,0.1561,5.8
449.0,607.0,9179.0,0.02,0.26,924.0,0.3035,11.5
781.0,733.0,4960.0,0.16,0.18,1185.0,0.1973,8.4
493.0,504.0,9548.0,0.67,0.24,1437.0,0.1993,7.7
981.0,1068.0,4550.0,0.38,0.24,1363.0,0.1621,6.5
1011.0,1127.0,7504.0,0.53,0.23,660.0,0.1932,8.0
1354.0,1411.0,8516.0,0.39,0.82,978.0,0.3432,13.1
2077.0,2413.0,9752.0,0.51,0.34,1740.0,0.461,19.0
1475.0,1595.0,7242.0,0.46,0.44,1853.0,0.3374,12.9
315.0,410.0,5658.0,0.51,0.05,1229.0,0.1695,6.1
323.0,349.0,7435.0,0.18,0.14,1094.0,0.1782,6.8
626.0,841.0,5751.0,0.12,0.43,1672.0,0.2066,8.1
464.0,531.0,7701.0,0.15,0.31,1827.0,0.2056,8.0
268.0,204.0,7238.0,0.6,0.31,1922.0,0.135,5.0
467.0,691.0,9464.0,0.61,0.12,2122.0,0.1847,7.3
455.0,417.0,5681.0,0.74,0.15,1668.0,0.1316,5.2
389.0,486.0,5400.0,0.41,0.25,1258.0,0.1222,5.0
517.0,519.0,7319.0,0.58,0.57,1196.0,0.1272,5.2
1707.0,2002.0,4354.0,0.89,0.27,569.0,0.1403,5.2
780.0,704.0,5605.0,0.8,0.26,1333.0,0.1669,6.6
4805.0,5278.0,6476.0,0.24,0.53,2238.0,0.5591,21.1
762.0,734.0,7413.0,0.27,0.13,1755.0,0.2543,9.5
527.0,668.0,5886.0,0.3,0.17,1686.0,0.2081,8.5
667.0,713.0,7924.0,0.15,0.14,948.0,0.3469,14.0
817.0,940.0,10149.0,0.35,0.4,1692.0,0.2731,10.3
942.0,681.0,7806.0,0.28,0.51,861.0,0.2317,8.9
3503.0,3458.0,6008.0,0.27,0.21,1182.0,0.5532,21.6
338.0,360.0,4434.0,0.89,0.32,1669.0,0.0869,3.3
1322.0,1368.0,4957.0,0.3,0.72,591.0,0.2128,7.8
785.0,907.0,7929.0,0.88,0.36,1123.0,0.2052,8.0
189.0,179.0,8786.0,0.16,0.49,677.0,0.131,5.2
1232.0,1241.0,4348.0,0.21,0.25,828.0,0.2348,9.0
1834.0,2189.0,5299.0,0.66,0.09,1204.0,0.2423,9.8
335.0,238.0,6234.0,0.46,0.33,1886.0,0.2494,9.6
660.0,721.0,6238.0,0.62,0.27,1035.0,0.173,6.7
167.0,159.0,10709.0,0.49,0.42,540.0,0.1385,5.6
243.0,212.0,5426.0,0.29,0.56,1298.0,0.107,4.2
1538.0,1618.0,4438.0,0.16,0.48,942.0,0.2545,10.0
458.0,551.0,6471.0,0.39,0.21,2057.0,0.1783,6.7
274.0,320.0,4941.0,0.41,0.04,2144.0,0.1369,5.5
799.0,783.0,4886.0,0.01,0.15,1842.0,0.2417,9.8
438.0,499.0,6852.0,0.55,0.12,1726.0,0.1767,7.0
456.0,520.0,6145.0,0.73,0.22,1961.0,0.1216,4.6
1202.0,1186.0,4642.0,0.66,0.25,1252.0,0.1531,5.7
263.0,237.0,8230.0,0.3,0.6,1802.0,0.1037,4.0
322.0,293.0,7512.0,0.16,0.46,1339.0,0.1899,7.1
752.0,853.0,4540.0,0.73,0.33,1360.0,0.1375,5.0
1445.0,1435.0,10039.0,0.73,0.55,2077.0,0.469,18.0
1791.0,1531.0,5993.0,0.26,0.43,2082.0,0.2804,11.3
391.0,303.0,10730.0,0.42,0.07,1301.0,0.2683,10.4
1408.0,1595.0,10521.0,0.6,0.35,2374.0,0.4303,17.9
355.0,327.0,7039.0,0.23,0.48,1583.0,0.1624,6.2
2867.0,3013.0,5600.0,0.3,0.23,1474.0,0.335,13.3
269.0,323.0,9844.0,0.2,0.48,1503.0,0.1716,6.6
1925.0,1582.0,6529.0,0.34,0.58,2059.0,0.3966,15.4
393.0,391.0,5145.0,0.37,0.36,2435.0,0.2115,8.3
3330.0,3245.0,7861.0,0.16,0.59,1880.0,0.4476,17.1
1067.0,1130.0,7426.0,0.61,0.65,1183.0,0.2211,8.6
295.0,355.0,9950.0,0.26,0.45,1534.0,0.1556,6.2
438.0,359.0,9105.0,0.47,0.05,1114.0,0.1807,7.4
1243.0,1353.0,10133.0,0.19,0.22,1807.0,0.631,24.0
1544.0,1802.0,9143.0,0.43,0.53,2498.0,0.3031,12.5
629.0,611.0,8495.0,0.57,0.23,2230.0,0.1718,6.1
689.0,675.0,7501.0,0.75,0.08,1445.0,0.2087,7.6
1220.0,1299.0,10913.0,0.67,0.09,1184.0,0.3608,15.2
739.0,778.0,10714.0,0.19,0.41,1405.0,0.2959,11.1
236.0,258.0,9942.0,0.16,0.5,1132.0,0.1561,5.7
347.0,378.0,9427.0,0.41,0.07,2483.0,0.1915,7.6
803.0,693.0,8043.0,0.26,0.21,904.0,0.2263,8.6
1759.0,2040.0,5818.0,0.4,0.27,2120.0,0.3165,12.3
2423.0,2887.0,10128.0,0.25,0.35,1329.0,0.5777,21.6
1241.0,1276.0,4076.0,0.25,0.12,1803.0,0.2621,10.4
837.0,669.0,5592.0,0.28,0.53,2346.0,0.2434,9.0
1211.0,1190.0,6826.0,0.39,0.24,1684.0,0.2758,10.8
390.0,402.0,8103.0,0.45,0.37,1734.0,0.1601,6.3
588.0,496.0,7926.0,0.18,0.47,572.0,0.1711,6.4
344.0,326.0,5231.0,0.52,0.34,758.0,0.1254,4.6
245.0,198.0,4734.0,0.52,0.32,1581.0,0.0843,3.7
869.0,951.0,5556.0,0.53,0.44,1241.0,0.1677,7.6
772.0,791.0,6441.0,0.29,0.07,1718.0,0.2493,9.5
1153.0,901.0,4098.0,0.51,0.06,1268.0,0.2189,8.8
1030.0,1085.0,8847.0,0.65,0.4,850.0,0.2347,9.7
808.0,801.0,5734.0,0.35,0.48,2094.0,0.1786,7.0
1038.0,1122.0,6460.0,0.2,0.58,2190.0,0.2174,7.3
643.0,606.0,6344.0,0.34,0.37,2436.0,0.177,7.3
925.0,821.0,7583.0,0.68,0.43,901.0,0.1827,6.8
372.0,331.0,10019.0,0.68,0.74,1123.0,0.1071,4.3
894.0,825.0,5046.0,0.74,0.36,1062.0,0.1446,6.0
1135.0,1139.0,6385.0,0.46,0.42,2360.0,0.2828,11.3
389.0,398.0,8844.0,0.67,0.63,1695.0,0.1553,6.5
693.0,674.0,4310.0,0.64,0.52,2345.0,0.1014,4.3
404.0,379.0,9810.0,0.6,0.2,2281.0,0.1741,7.0
437.0,414.0,10733.0,0.19,0.48,991.0,0.2376,9.7
270.0,394.0,8253.0,0.38,0.39,1356.0,0.1626,6.3
1831.0,1631.0,10696.0,0.15,0.09,1327.0,0.8267,31.7
1560.0,1435.0,6891.0,0.72,0.36,1474.0,0.1958,7.9
1022.0,1676.0,6905.0,0.38,0.4,2495.0,0.2235,8.4
3222.0,3432.0,4744.0,0.33,0.27,848.0,0.3019,12.1
572.0,465.0,4248.0,0.66,0.28,2045.0,0.1396,5.4
7521.0,8534.0,5712.0,0.48,0.28,955.0,0.3117,13.5
554.0,484.0,7347.0,0.3,0.16,1979.0,0.2145,8.3
816.0,935.0,7554.0,0.31,0.25,905.0,0.2147,7.5
484.0,469.0,5523.0,0.06,0.17,1554.0,0.2138,8.0
896.0,839.0,8290.0,0.75,0.42,1836.0,0.2972,11.6
1298.0,1652.0,5268.0,0.79,0.22,1364.0,0.1976,8.1
607.0,661.0,6283.0,0.81,0.3,2432.0,0.126,4.5
2756.0,3189.0,5370.0,0.16,0.1,1911.0,0.3818,14.9
805.0,860.0,8877.0,0.52,0.29,815.0,0.204,8.2
826.0,773.0,7616.0,0.54,0.4,1244.0,0.2734,10.9
321.0,352.0,9153.0,0.57,0.19,1128.0,0.1172,4.1
930.0,1115.0,4401.0,0.33,0.49,1091.0,0.1527,5.9
598.0,610.0,6978.0,0.46,0.17,924.0,0.1833,6.9
409.0,536.0,10769.0,0.47,0.52,871.0,0.1512,5.9
357.0,406.0,4375.0,0.63,0.89,2240.0,0.121,4.7
5639.0,5821.0,6929.0,0.68,0.3,2479.0,0.3724,14.7
539.0,559.0,4283.0,0.25,0.57,820.0,0.1333,4.8
207.0,212.0,5027.0,0.19,0.28,2083.0,0.1554,6.0
380.0,315.0,7238.0,0.53,0.34,955.0,0.1377,5.7
638.0,630.0,5103.0,0.05,0.36,1543.0,0.2144,8.1
1030.0,1065.0,7631.0,0.64,0.32,894.0,0.2122,8.3
1037.0,974.0,10459.0,0.53,0.51,1042.0,0.3272,12.4
1143.0,1202.0,5403.0,0.71,0.49,1321.0,0.1541,6.1
397.0,398.0,4750.0,0.34,0.55,1910.0,0.1133,4.5
873.0,981.0,9777.0,0.35,0.31,1448.0,0.2439,9.0
330.0,365.0,7222.0,0.32,0.2,2120.0,0.1835,6.5
405.0,415.0,10178.0,0.38,0.45,693.0,0.1606,6.9
319.0,260.0,6143.0,0.24,0.44,1644.0,0.1366,5.3
257.0,336.0,8393.0,0.33,0.19,713.0,0.1729,6.9
1558.0,1526.0,10463.0,0.67,0.32,736.0,0.3284,13.3
1154.0,1140.0,5202.0,0.74,0.35,1118.0,0.1467,6.4
1453.0,1380.0,9605.0,0.17,0.27,710.0,0.6469,24.6
686.0,638.0,8421.0,0.14,0.5,2051.0,0.2762,11.0
1238.0,1561.0,9691.0,0.81,0.59,1515.0,0.2284,9.1
163.0,200.0,5195.0,0.35,0.65,1789.0,0.0749,2.7
1327.0,1418.0,7039.0,0.1,0.26,613.0,0.3431,13.6
766.0,754.0,4902.0,0.48,0.16,950.0,0.2151,8.5
1098.0,1205.0,10721.0,0.29,0.04,1547.0,0.3735,15.5
901.0,911.0,4439.0,0.15,0.08,664.0,0.1931,7.8
302.0,293.0,4458.0,0.4,0.15,821.0,0.1159,4.2
201.0,211.0,10287.0,0.36,0.24,544.0,0.1435,5.4
376.0,352.0,6105.0,0.42,0.5,2323.0,0.1201,4.4
1045.0,1085.0,8179.0,0.26,0.16,1362.0,0.3378,13.6
1155.0,1191.0,6012.0,0.66,0.4,590.0,0.2059,7.8
223.0,244.0,8541.0,0.56,0.66,1421.0,0.1523,5.6
303.0,277.0,5347.0,0.41,0.38,2275.0,0.1286,4.8
373.0,415.0,7212.0,0.42,0.23,880.0,0.1547,5.5
500.0,436.0,7734.0,0.42,0.2,976.0,0.262,9.9
224.0,205.0,6336.0,0.45,0.15,2464.0,0.1266,4.9
213.0,197.0,5762.0,0.32,0.48,2208.0,0.1001,4.4
345.0,293.0,4981.0,0.51,0.22,1597.0,0.1256,4.8
713.0,830.0,8943.0,0.5,0.57,872.0,0.2296,8.6
259.0,224.0,5178.0,0.11,0.27,939.0,0.1235,4.5
606.0,546.0,6045.0,0.46,0.4,2223.0,0.168,6.8
1551.0,1873.0,6358.0,0.5,0.16,1851.0,0.2727,10.6
235.0,216.0,7181.0,0.34,0.5,1202.0,0.1238,5.2
564.0,548.0,8918.0,0.32,0.55,552.0,0.2438,10.3
1510.0,1297.0,6996.0,0.65,0.14,772.0,0.3358,12.7
476.0,539.0,10098.0,0.05,0.49,1958.0,0.2924,10.6
420.0,477.0,8758.0,0.38,0.29,1797.0,0.15,5.4
1687.0,1885.0,9869.0,0.6,0.48,1218.0,0.3486,13.2
521.0,564.0,9014.0,0.49,0.06,1684.0,0.1711,6.0
1609.0,1627.0,5040.0,0.13,0.27,2010.0,0.3435,13.6
937.0,867.0,10845.0,0.37,0.24,1788.0,0.3805,14.1
506.0,447.0,9506.0,0.29,0.2,979.0,0.2162,9.0
976.0,1185.0,8009.0,0.42,0.19,2403.0,0.2147,9.9
860.0,964.0,5157.0,0.26,0.09,547.0,0.2933,11.6
1505.0,1357.0,5209.0,0.39,0.71,1613.0,0.2205,8.6
429.0,432.0,8300.0,0.42,0.33,947.0,0.1804,6.9
687.0,657.0,6913.0,0.29,0.54,1915.0,0.218,8.5
633.0,535.0,8731.0,0.38,0.41,1624.0,0.2413,9.2
1168.0,1200.0,6607.0,0.06,0.43,891.0,0.3265,11.6
293.0,275.0,7590.0,0.06,0.49,1512.0,0.2206,8.2
1501.0,1301.0,5316.0,0.27,0.5,1539.0,0.3046,12.3
966.0,774.0,5086.0,0.4,0.5,1341.0,0.1611,7.1
232.0,183.0,4530.0,0.85,0.5,584.0,0.0565,2.3
1749.0,1654.0,9737.0,0.5,0.28,914.0,0.4776,17.3
3973.0,3923.0,7888.0,0.56,0.32,2438.0,0.441,17.5
1482.0,1300.0,10630.0,0.15,0.37,877.0,0.6728,25.2
2083.0,2297.0,9246.0,0.38,0.18,1418.0,0.6685,25.1
712.0,705.0,9381.0,0.4,0.12,1088.0,0.3046,11.8
176.0,192.0,7563.0,0.3,0.05,2014.0,0.1048,4.1
152.0,148.0,9708.0,0.25,0.23,1656.0,0.1187,4.8
816.0,725.0,10594.0,0.36,0.35,1931.0,0.3149,11.0
414.0,421.0,9052.0,0.58,0.31,1774.0,0.139,5.7
320.0,265.0,4739.0,0.15,0.37,1507.0,0.1385,5.1
633.0,686.0,8557.0,0.63,0.31,2421.0,0.2134,7.9
1088.0,946.0,4843.0,0.43,0.26,1906.0,0.2194,8.2
208.0,239.0,4541.0,0.28,0.35,1878.0,0.1277,5.0
464.0,441.0,8850.0,0.21,0.24,1881.0,0.2106,8.8
2226.0,2610.0,9843.0,0.47,0.13,1434.0,0.456,18.7
281.0,238.0,5112.0,0.14,0.49,1785.0,0.0999,4.0
1334.0,1205.0,4519.0,0.44,0.19,1709.0,0.2218,8.4
451.0,478.0,10206.0,0.47,0.29,2277.0,0.196,7.3
1029.0,1227.0,4925.0,0.04,0.63,2458.0,0.2099,8.0
1600.0,2055.0,4246.0,0.47,0.27,1466.0,0.187,7.1
1204.0,1211.0,9047.0,0.1,0.39,1702.0,0.3849,14.2
1377.0,1813.0,9934.0,0.02,0.14,1081.0,0.5317,23.0
265.0,253.0,7601.0,0.32,0.59,2191.0,0.1198,5.2
1621.0,1912.0,7779.0,0.53,0.3,1921.0,0.4007,16.8
336.0,292.0,6358.0,0.39,0.33,2348.0,0.1235,4.6
819.0,872.0,5669.0,0.48,0.16,1710.0,0.2361,10.2
818.0,576.0,9287.0,0.59,0.14,1917.0,0.229,8.9
981.0,829.0,9945.0,0.63,0.11,690.0,0.2904,11.8
871.0,934.0,6249.0,0.26,0.23,1713.0,0.2823,10.8
339.0,278.0,5917.0,0.25,0.56,1254.0,0.1697,6.6
226.0,241.0,5875.0,0.26,0.65,1516.0,0.1376,5.3
1337.0,1531.0,4354.0,0.21,0.65,1153.0,0.2358,9.3
772.0,716.0,5968.0,0.38,0.31,1074.0,0.2144,8.0
1668.0,1443.0,4180.0,0.7,0.12,2141.0,0.2702,9.7
642.0,598.0,9519.0,0.7,0.25,1615.0,0.2399,8.7
216.0,187.0,5791.0,0.33,0.11,1006.0,0.0703,2.8
1441.0,1419.0,8831.0,0.19,0.33,2033.0,0.4051,16.4
495.0,502.0,7802.0,0.32,0.31,650.0,0.1931,7.4
874.0,835.0,9862.0,0.43,0.16,1086.0,0.3084,10.9
396.0,509.0,10723.0,0.45,0.17,1173.0,0.2299,8.9
2479.0,2225.0,6571.0,0.43,0.34,855.0,0.4088,15.2
330.0,406.0,4618.0,0.39,0.27,2185.0,0.1147,4.3
508.0,434.0,9248.0,0.4,0.41,1848.0,0.2846,10.6
725.0,733.0,4149.0,0.81,0.55,1841.0,0.101,3.7
278.0,332.0,5561.0,0.81,0.22,1685.0,0.0689,2.9
866.0,1027.0,4373.0,0.33,0.05,1257.0,0.1688,6.9
2415.0,2268.0,10287.0,0.38,0.59,1818.0,0.561,21.7
449.0,488.0,4037.0,0.28,0.66,1973.0,0.1473,5.4
912.0,972.0,7449.0,0.74,0.48,1577.0,0.1781,6.5
74.0,68.0,6968.0,0.66,0.18,1441.0,0.0554,2.2
645.0,707.0,8569.0,0.13,0.15,947.0,0.2983,11.0
518.0,685.0,6028.0,0.58,0.3,668.0,0.1259,5.0
346.0,371.0,10116.0,0.67,0.26,583.0,0.1725,7.0
1580.0,1720.0,9140.0,0.71,0.56,1928.0,0.3748,15.5
512.0,567.0,7026.0,0.21,0.38,1197.0,0.1982,7.7
577.0,464.0,6506.0,0.48,0.24,1917.0,0.194,7.6
492.0,527.0,9711.0,0.27,0.57,1516.0,0.2331,8.6
144.0,123.0,9299.0,0.29,0.14,1394.0,0.1679,6.3
269.0,246.0,6793.0,0.29,0.58,1758.0,0.1891,7.3
1435.0,1985.0,6390.0,0.1,0.24,867.0,0.3231,12.5
123.0,118.0,4272.0,0.41,0.62,2459.0,0.0643,2.5
360.0,322.0,4572.0,0.43,0.15,1160.0,0.1382,5.9
483.0,574.0,4377.0,0.42,0.25,2038.0,0.1448,6.0
2684.0,2328.0,4171.0,0.55,0.36,996.0,0.2122,7.9
1230.0,1150.0,5070.0,0.67,0.94,1436.0,0.1068,4.2
426.0,514.0,10000.0,0.07,0.31,1499.0,0.2069,8.6
1889.0,1901.0,9587.0,0.18,0.72,1113.0,0.5266,19.1
368.0,291.0,9919.0,0.2,0.49,1197.0,0.2048,7.3
1491.0,1618.0,8367.0,0.73,0.11,1371.0,0.2674,9.8
224.0,211.0,8368.0,0.51,0.76,2172.0,0.1027,3.9
1570.0,1977.0,4868.0,0.49,0.18,1500.0,0.3243,12.4
481.0,439.0,8893.0,0.38,0.08,677.0,0.1793,6.9
292.0,342.0,5960.0,0.09,0.54,933.0,0.1399,5.4
559.0,730.0,7635.0,0.52,0.35,2472.0,0.1762,6.6
830.0,731.0,10683.0,0.4,0.21,680.0,0.4469,16.7
448.0,435.0,10094.0,0.15,0.22,1795.0,0.1961,7.4
1036.0,1098.0,5632.0,0.29,0.21,922.0,0.1723,8.0
417.0,367.0,9157.0,0.17,0.41,1364.0,0.2314,8.5
1093.0,1138.0,4729.0,0.53,0.12,1214.0,0.1932,7.4
947.0,916.0,4187.0,0.32,0.13,2454.0,0.2024,8.4
634.0,611.0,4197.0,0.44,0.31,1603.0,0.1911,7.3
467.0,471.0,5192.0,0.52,0.47,1000.0,0.1217,4.6
751.0,759.0,8865.0,0.18,0.03,1707.0,0.3054,12.8
1033.0,1059.0,6543.0,0.11,0.31,643.0,0.2733,10.9
3461.0,3164.0,4112.0,0.1,0.36,2353.0,0.3096,12.7
1410.0,1298.0,10916.0,0.51,0.21,1188.0,0.4855,19.8
1452.0,1427.0,7734.0,0.69,0.26,2267.0,0.301,11.3
7870.0,7817.0,6757.0,0.46,0.35,2118.0,0.8548,34.1
1005.0,941.0,7632.0,0.24,0.34,874.0,0.3296,12.7
980.0,1029.0,7640.0,0.49,0.38,2425.0,0.3093,11.5
1168.0,890.0,7292.0,0.07,0.23,2483.0,0.2114,8.4
297.0,266.0,8291.0,0.29,0.24,2111.0,0.1785,6.7
466.0,447.0,10199.0,0.68,0.32,1403.0,0.2048,7.4
444.0,390.0,6112.0,0.29,0.48,1845.0,0.1915,7.1
1117.0,1426.0,7409.0,0.46,0.18,661.0,0.3843,14.4
579.0,580.0,4026.0,0.85,0.26,2342.0,0.129,4.8
743.0,763.0,10019.0,0.18,0.4,944.0,0.2469,9.4
1588.0,1477.0,6141.0,0.71,0.08,1933.0,0.2831,10.5
1327.0,1324.0,5899.0,0.32,0.35,2103.0,0.2892,11.9
584.0,487.0,10983.0,0.25,0.26,2439.0,0.2488,9.7
389.0,379.0,8091.0,0.16,0.73,2148.0,0.1706,6.5
1649.0,1433.0,4861.0,0.49,0.21,2136.0,0.2691,10.5
1235.0,1185.0,5859.0,0.12,0.06,1911.0,0.3471,11.9
184.0,125.0,6473.0,0.1,0.13,1653.0,0.1628,6.4
518.0,437.0,10902.0,0.21,0.07,584.0,0.2649,11.3
759.0,946.0,7014.0,0.53,0.2,2445.0,0.1464,5.7
1240.0,1405.0,5611.0,0.28,0.31,1398.0,0.2677,9.9
1378.0,1679.0,7988.0,0.23,0.39,2094.0,0.3249,13.2
835.0,1028.0,6833.0,0.62,0.14,1255.0,0.2396,9.3
1062.0,1175.0,4385.0,0.09,0.62,1412.0,0.209,8.1
700.0,654.0,10026.0,0.66,0.28,1425.0,0.1864,7.2
388.0,332.0,4110.0,0.39,0.02,2480.0,0.1372,5.5
540.0,641.0,10289.0,0.31,0.23,923.0,0.293,10.7
675.0,682.0,9543.0,0.18,0.09,1504.0,0.3646,12.7
647.0,940.0,4531.0,0.41,0.3,809.0,0.1941,7.8
147.0,139.0,9065.0,0.17,0.52,1488.0,0.0959,4.0
484.0,651.0,9397.0,0.62,0.21,1592.0,0.1783,7.1
696.0,680.0,8216.0,0.48,0.17,773.0,0.1677,6.1
531.0,649.0,8044.0,0.75,0.63,1897.0,0.1785,7.0
546.0,704.0,4348.0,0.23,0.37,2156.0,0.174,6.6
983.0,843.0,4416.0,0.13,0.22,2132.0,0.1939,7.9
281.0,261.0,9091.0,0.18,0.43,1958.0,0.1869,6.6
181.0,155.0,4739.0,0.86,0.28,782.0,0.0714,2.8
503.0,419.0,5693.0,0.43,0.31,1743.0,0.2026,7.7
1226.0,1355.0,7492.0,0.41,0.61,1897.0,0.2514,10.1
2566.0,2491.0,5149.0,0.31,0.33,2019.0,0.3449,14.0
1244.0,1253.0,9529.0,0.63,0.62,1919.0,0.3146,12.2
205.0,223.0,9652.0,0.2,0.29,1758.0,0.1078,4.1
552.0,418.0,9895.0,0.36,0.67,1955.0,0.1979,7.3
817.0,991.0,4347.0,0.46,0.07,2205.0,0.1905,8.1
767.0,728.0,6995.0,0.61,0.28,1639.0,0.2404,9.8
1024.0,1109.0,9928.0,0.45,0.1,791.0,0.4438,17.8
319.0,351.0,6543.0,0.69,0.11,2132.0,0.1006,3.9
701.0,861.0,8871.0,0.18,0.13,1822.0,0.3365,13.8
931.0,916.0,8125.0,0.28,0.58,1873.0,0.3369,13.1
1288.0,936.0,6430.0,0.65,0.36,1088.0,0.2364,9.5
349.0,352.0,5935.0,0.37,0.33,799.0,0.1007,3.9
505.0,520.0,8569.0,0.6,0.25,2061.0,0.1611,6.5
76.0,65.0,4935.0,0.36,0.54,599.0,0.0569,2.3
405.0,414.0,10021.0,0.44,0.03,1305.0,0.2045,7.8
437.0,414.0,8035.0,0.11,0.23,1518.0,0.1611,5.9
294.0,241.0,4781.0,0.56,0.14,535.0,0.1104,4.1
759.0,840.0,8925.0,0.46,0.32,1694.0,0.2231,8.2
636.0,584.0,7018.0,0.13,0.28,739.0,0.2932,10.7
109.0,103.0,5429.0,0.36,0.53,983.0,0.0803,3.1
790.0,737.0,10727.0,0.23,0.17,2487.0,0.4015,14.2
317.0,381.0,9038.0,0.8,0.38,1621.0,0.1211,4.5
981.0,975.0,8151.0,0.28,0.51,2437.0,0.282,11.5
239.0,241.0,9942.0,0.08,0.43,1485.0,0.17,6.8
681.0,638.0,7807.0,0.64,0.09,2107.0,0.2466,9.5
530.0,568.0,7090.0,0.55,0.26,576.0,0.1685,6.2
848.0,1038.0,5326.0,0.31,0.47,1083.0,0.1849,7.2
735.0,810.0,5074.0,0.38,0.42,1066.0,0.2147,8.7
542.0,601.0,7024.0,0.47,0.61,640.0,0.2065,7.7
195.0,213.0,7192.0,0.5,0.17,2404.0,0.1183,4.8
204.0,166.0,9133.0,0.32,0.19,1509.0,0.1989,7.6
417.0,366.0,7095.0,0.45,0.18,1686.0,0.2509,9.7
661.0,641.0,8152.0,0.57,0.17,1541.0,0.25,10.4
409.0,367.0,9828.0,0.11,0.42,997.0,0.2184,7.8
1097.0,935.0,10953.0,0.16,0.39,2349.0,0.5171,20.0
532.0,402.0,6258.0,0.25,0.15,1838.0,0.1992,8.2
307.0,251.0,10314.0,0.16,0.3,747.0,0.1861,7.2
532.0,512.0,9642.0,0.8,0.07,1424.0,0.1443,6.1
797.0,789.0,4476.0,0.15,0.06,503.0,0.249,9.5
863.0,766.0,6339.0,0.59,0.42,1849.0,0.2416,9.0
2989.0,3025.0,5533.0,0.12,0.88,1547.0,0.5279,18.0
390.0,365.0,8651.0,0.23,0.19,2308.0,0.2383,9.2
627.0,739.0,7887.0,0.54,0.2,2395.0,0.2246,9.0
935.0,913.0,7464.0,0.66,0.59,696.0,0.1984,7.6
653.0,725.0,9345.0,0.14,0.28,679.0,0.3222,11.6
446.0,459.0,6333.0,0.51,0.13,2298.0,0.1287,4.9
193.0,156.0,6679.0,0.08,0.41,1524.0,0.1529,5.7
442.0,436.0,10059.0,0.15,0.25,1439.0,0.2777,10.4
282.0,234.0,10805.0,0.59,0.28,1642.0,0.2241,8.5
167.0,164.0,9435.0,0.78,0.48,1433.0,0.084,3.5
352.0,315.0,5519.0,0.65,0.35,1729.0,0.1329,5.5
288.0,305.0,4789.0,0.64,0.3,2398.0,0.0846,3.6
1061.0,868.0,5464.0,0.44,0.15,1712.0,0.2792,11.5
1076.0,1078.0,6959.0,0.29,0.12,1141.0,0.3676,15.0
323.0,352.0,5657.0,0.71,0.19,927.0,0.1508,5.3
540.0,619.0,10307.0,0.46,0.38,2432.0,0.217,8.7
150.0,134.0,8695.0,0.24,0.34,1659.0,0.1206,4.6
448.0,449.0,6917.0,0.13,0.53,1633.0,0.1788,7.0
915.0,941.0,5917.0,0.23,0.62,567.0,0.1832,7.0
1287.0,1623.0,6665.0,0.36,0.26,2337.0,0.319,12.3
376.0,301.0,7332.0,0.3,0.1,1439.0,0.1668,6.9
1543.0,1346.0,8997.0,0.59,0.12,2500.0,0.4058,15.3
198.0,301.0,4625.0,0.15,0.22,836.0,0.1127,4.5
245.0,235.0,9942.0,0.42,0.41,1152.0,0.1191,4.8
1173.0,884.0,4893.0,0.06,0.25,920.0,0.3031,11.9
2532.0,2320.0,5837.0,0.24,0.08,1258.0,0.4342,16.2
987.0,652.0,10955.0,0.72,0.52,2453.0,0.3197,12.8
644.0,668.0,5331.0,0.21,0.28,1330.0,0.1698,6.5
115.0,130.0,4708.0,0.52,0.76,2154.0,0.0529,2.0
132.0,115.0,8469.0,0.11,0.17,2011.0,0.122,4.7
738.0,687.0,6752.0,0.24,0.44,1096.0,0.2499,9.6
499.0,574.0,4643.0,0.39,0.43,1660.0,0.1352,5.6
275.0,211.0,4026.0,0.62,0.23,2203.0,0.1191,4.6
701.0,575.0,4554.0,0.44,0.1,1723.0,0.2111,8.6
729.0,705.0,7659.0,0.43,0.08,1030.0,0.1969,8.4
1416.0,1265.0,5616.0,0.17,0.41,2226.0,0.4709,18.7
742.0,710.0,9443.0,0.37,0.18,1612.0,0.2675,10.6
1777.0,1470.0,10003.0,0.39,0.26,2460.0,0.6861,23.1
669.0,691.0,5014.0,0.34,0.79,1811.0,0.165,6.1
607.0,593.0,6359.0,0.66,0.08,1398.0,0.2024,7.5
1558.0,1692.0,5026.0,0.18,0.19,1372.0,0.3324,13.1
304.0,313.0,6007.0,0.12,0.4,2260.0,0.1171,4.6
6321.0,6520.0,5674.0,0.4,0.37,2461.0,0.8255,28.3
898.0,723.0,9508.0,0.54,0.27,1321.0,0.2266,9.1
902.0,971.0,6418.0,0.44,0.07,826.0,0.2241,8.6
1012.0,963.0,7469.0,0.56,0.3,580.0,0.2431,8.6
2986.0,2912.0,8717.0,0.72,0.57,1145.0,0.3474,14.0
1254.0,1467.0,9756.0,0.25,0.33,1184.0,0.3827,14.7
184.0,165.0,6108.0,0.15,0.11,1352.0,0.1044,4.0
2044.0,2504.0,5465.0,0.61,0.21,790.0,0.2912,11.8
506.0,629.0,10849.0,0.29,0.59,1485.0,0.2444,9.1
725.0,811.0,6241.0,0.37,0.69,2387.0,0.1787,7.3
239.0,206.0,8697.0,0.48,0.41,965.0,0.1663,6.2
1013.0,730.0,8745.0,0.47,0.31,1870.0,0.4208,15.9
395.0,464.0,7598.0,0.89,0.49,576.0,0.09,3.3
721.0,733.0,5599.0,0.48,0.22,1788.0,0.2599,10.2
530.0,474.0,4990.0,0.12,0.44,2375.0,0.1864,7.1
3103.0,3700.0,7409.0,0.83,0.2,1065.0,0.297,10.9
3248.0,2854.0,7577.0,0.65,0.17,2132.0,0.4363,18.2
690.0,648.0,9414.0,0.43,0.08,665.0,0.2451,10.1
700.0,757.0,8969.0,0.53,0.52,1216.0,0.261,9.8
493.0,417.0,10384.0,0.27,0.28,513.0,0.2639,9.8
1611.0,1585.0,10796.0,0.55,0.37,1210.0,0.4538,17.4
511.0,602.0,9095.0,0.19,0.55,1120.0,0.2204,8.2
475.0,490.0,4536.0,0.35,0.15,1886.0,0.1289,5.1
1455.0,1755.0,6836.0,0.26,0.13,1089.0,0.4235,15.4
432.0,513.0,8262.0,0.44,0.66,2146.0,0.1511,5.9
645.0,646.0,8131.0,0.43,0.3,1083.0,0.2327,9.4
188.0,132.0,5270.0,0.11,0.36,947.0,0.1622,5.9
1168.0,990.0,8081.0,0.48,0.37,1489.0,0.2982,11.1
3142.0,3523.0,6448.0,0.12,0.07,1813.0,0.5904,23.4
1184.0,939.0,6372.0,0.54,0.47,2277.0,0.2202,8.7
2142.0,2039.0,9838.0,0.49,0.48,2127.0,0.4385,16.5
338.0,356.0,6954.0,0.22,0.21,1549.0,0.1253,5.1
804.0,1002.0,7692.0,0.11,0.3,2457.0,0.2961,11.3
313.0,287.0,7940.0,0.52,0.42,1093.0,0.1365,5.3
554.0,503.0,7941.0,0.59,0.33,2499.0,0.1582,6.1
1234.0,1224.0,5492.0,0.24,0.48,1270.0,0.1526,6.6
722.0,761.0,8196.0,0.4,0.33,1025.0,0.171,6.9
215.0,210.0,6342.0,0.31,0.23,1266.0,0.1761,6.7
232.0,272.0,8585.0,0.93,0.26,1672.0,0.1017,3.7
220.0,195.0,5020.0,0.32,0.37,1448.0,0.0834,3.2
986.0,1003.0,10959.0,0.41,0.33,600.0,0.3447,12.9
3467.0,3707.0,9404.0,0.77,0.27,1212.0,0.4442,18.6
1978.0,1863.0,6921.0,0.22,0.52,1484.0,0.3989,15.8
146.0,166.0,6109.0,0.43,0.05,1827.0,0.0964,3.7
2073.0,2120.0,6715.0,0.43,0.26,2406.0,0.5123,19.9
1407.0,1584.0,9048.0,0.47,0.26,2412.0,0.5572,20.8
193.0,199.0,8588.0,0.28,0.35,1528.0,0.1446,5.7
522.0,552.0,8915.0,0.88,0.19,1638.0,0.1445,5.7
1598.0,1453.0,10223.0,0.53,0.19,1896.0,0.4715,17.7
1033.0,940.0,7194.0,0.32,0.23,2171.0,0.2202,8.8
233.0,280.0,8687.0,0.17,0.24,1990.0,0.1894,7.7
1084.0,1193.0,7091.0,0.56,0.36,1941.0,0.2547,9.6
120.0,103.0,8467.0,0.43,0.22,1395.0,0.0778,3.2
557.0,572.0,7324.0,0.43,0.32,2238.0,0.1899,6.9
1653.0,1158.0,9437.0,0.55,0.24,1825.0,0.398,17.0
675.0,619.0,4037.0,0.41,0.7,818.0,0.1072,4.2
446.0,515.0,5510.0,0.37,0.22,1697.0,0.1504,5.4
1355.0,1330.0,6075.0,0.26,0.26,1121.0,0.2973,10.5
1451.0,1477.0,10618.0,0.69,0.19,906.0,0.4429,17.2
1897.0,1207.0,7549.0,0.53,0.06,1798.0,0.5346,19.6
1339.0,1262.0,6550.0,0.18,0.06,1785.0,0.3817,14.2
1580.0,1662.0,6830.0,0.48,0.29,2409.0,0.1668,6.6
1196.0,1282.0,7163.0,0.4,0.19,2452.0,0.2476,9.4
823.0,950.0,10075.0,0.56,0.56,1318.0,0.4338,17.5
715.0,692.0,10736.0,0.37,0.15,857.0,0.2789,11.7
550.0,537.0,9909.0,0.13,0.37,781.0,0.1715,6.5
252.0,206.0,9892.0,0.28,0.26,2449.0,0.2716,10.2
310.0,300.0,5393.0,0.38,0.17,1292.0,0.1003,4.1
531.0,439.0,5881.0,0.31,0.21,1186.0,0.211,8.2
807.0,612.0,8172.0,0.49,0.51,1742.0,0.1749,7.2
2106.0,1790.0,8593.0,0.3,0.2,615.0,0.7082,28.1
643.0,807.0,5419.0,0.4,0.76,1794.0,0.1243,4.9
1484.0,1425.0,9224.0,0.45,0.52,2252.0,0.3387,12.6
1577.0,1630.0,5400.0,0.2,0.39,1949.0,0.3358,13.3
553.0,512.0,5841.0,0.21,0.69,1335.0,0.1529,6.3
1070.0,818.0,6148.0,0.28,0.62,732.0,0.279,9.9
547.0,630.0,9922.0,0.16,0.16,982.0,0.3317,12.5
1915.0,1383.0,9125.0,0.52,0.42,1031.0,0.4336,16.1
1106.0,1018.0,7715.0,0.66,0.09,1270.0,0.2196,8.2
257.0,255.0,9738.0,0.2,0.12,767.0,0.1699,6.3
757.0,784.0,9690.0,0.7,0.15,1651.0,0.2191,8.3
2486.0,2229.0,6729.0,0.57,0.13,1233.0,0.419,15.9
575.0,437.0,9470.0,0.42,0.1,1493.0,0.284,10.9
952.0,844.0,5444.0,0.22,0.2,1070.0,0.237,9.4
1029.0,920.0,7523.0,0.37,0.34,1408.0,0.3327,12.3
290.0,258.0,4828.0,0.43,0.46,1925.0,0.0824,3.2
1001.0,1158.0,6988.0,0.18,0.16,676.0,0.324,12.5
218.0,182.0,7643.0,0.5,0.18,1520.0,0.1255,4.8
403.0,422.0,4559.0,0.15,0.47,1737.0,0.1672,6.3
1573.0,1611.0,7238.0,0.57,0.35,1835.0,0.3196,13.0
885.0,1022.0,8562.0,0.79,0.23,2346.0,0.1776,6.8
521.0,511.0,8299.0,0.39,0.1,2062.0,0.2062,8.4
951.0,1070.0,4380.0,0.31,0.16,1978.0,0.2384,9.1
634.0,618.0,4667.0,0.64,0.23,2236.0,0.1642,6.1
672.0,717.0,6459.0,0.67,0.1,2329.0,0.1954,6.9
1125.0,898.0,9899.0,0.46,0.34,2179.0,0.2895,10.9
372.0,250.0,10088.0,0.34,0.05,1728.0,0.2474,9.2
687.0,727.0,6167.0,0.72,0.05,2186.0,0.13,5.3
518.0,553.0,9032.0,0.17,0.74,1153.0,0.2168,8.2
187.0,201.0,8042.0,0.57,0.32,2404.0,0.0943,3.9
319.0,294.0,10884.0,0.53,0.28,847.0,0.1964,7.2
2332.0,2916.0,4663.0,0.26,0.66,958.0,0.2328,9.5
905.0,845.0,7835.0,0.25,0.34,817.0,0.263,10.7
231.0,246.0,8148.0,0.12,0.21,2054.0,0.145,5.4
194.0,212.0,6154.0,0.23,0.62,1369.0,0.1144,4.1
608.0,787.0,4329.0,0.2,0.64,1976.0,0.1815,6.7
2319.0,2211.0,4365.0,0.12,0.46,1520.0,0.2727,10.7
573.0,519.0,7175.0,0.42,0.44,1307.0,0.1735,7.1
1892.0,1512.0,8847.0,0.34,0.37,2293.0,0.4468,17.7
881.0,1113.0,8901.0,0.68,0.29,1364.0,0.2799,10.8
970.0,1033.0,5267.0,0.38,0.38,1737.0,0.2254,8.8
228.0,245.0,10006.0,0.59,0.48,2217.0,0.0957,3.9
1408.0,2247.0,6640.0,0.42,0.35,925.0,0.3503,12.7
509.0,534.0,10751.0,0.6,0.33,1305.0,0.2769,10.1
1327.0,1091.0,4827.0,0.51,0.02,790.0,0.2707,9.6
347.0,337.0,9855.0,0.27,0.24,1585.0,0.1208,5.1
766.0,662.0,10358.0,0.45,0.56,2079.0,0.256,10.3
881.0,831.0,9759.0,0.26,0.07,610.0,0.4401,16.8
588.0,554.0,9662.0,0.06,0.34,621.0,0.2638,10.2
919.0,842.0,6529.0,0.2,0.16,1982.0,0.4506,17.8
537.0,436.0,8993.0,0.39,0.27,1919.0,0.1444,5.8
396.0,503.0,8055.0,0.68,0.24,1304.0,0.1463,6.0
2403.0,2513.0,6971.0,0.35,0.31,1221.0,0.5149,18.1
1539.0,1488.0,10952.0,0.62,0.35,1064.0,0.3836,16.0
362.0,405.0,6033.0,0.41,0.22,624.0,0.1424,6.0
1048.0,1125.0,6892.0,0.41,0.3,1527.0,0.2028,8.3
367.0,383.0,10320.0,0.33,0.41,1732.0,0.1791,6.9
258.0,286.0,6023.0,0.56,0.08,2231.0,0.1305,5.1
1521.0,1552.0,5069.0,0.41,0.56,1584.0,0.1569,5.9
170.0,188.0,6170.0,0.17,0.33,804.0,0.1318,5.3
1396.0,1563.0,9315.0,0.82,0.5,1116.0,0.2669,10.3
543.0,557.0,10019.0,0.16,0.39,2070.0,0.2908,11.2
562.0,543.0,4801.0,0.22,0.44,1736.0,0.2208,7.9
923.0,1161.0,8352.0,0.46,0.05,2042.0,0.6319,22.5
1059.0,986.0,7971.0,0.29,0.47,1327.0,0.3863,15.1
343.0,364.0,8682.0,0.7,0.2,635.0,0.1209,4.5
1181.0,1257.0,8697.0,0.48,0.42,2284.0,0.4603,17.7
728.0,665.0,10716.0,0.36,0.11,1198.0,0.1919,7.2
244.0,216.0,6426.0,0.4,0.19,667.0,0.1211,4.6
581.0,551.0,6098.0,0.11,0.5,1674.0,0.2259,8.4
2008.0,1865.0,8069.0,0.86,0.19,1988.0,0.2981,11.1
2543.0,2044.0,7006.0,0.45,0.5,1456.0,0.4048,15.3
1181.0,1071.0,7316.0,0.14,0.41,1728.0,0.3219,12.4
257.0,267.0,4485.0,0.58,0.14,1335.0,0.1321,4.9
985.0,1191.0,5038.0,0.34,0.28,2127.0,0.1845,7.2
1314.0,1428.0,10548.0,0.25,0.54,2067.0,0.4102,16.3
1189.0,805.0,4478.0,0.14,0.08,1940.0,0.3009,12.6
1246.0,1372.0,8131.0,0.08,0.5,540.0,0.4532,17.2
889.0,818.0,9282.0,0.18,0.38,1533.0,0.3215,12.0
628.0,672.0,4083.0,0.27,0.77,2071.0,0.1508,6.4
409.0,408.0,5559.0,0.23,0.25,990.0,0.2298,9.2
146.0,142.0,6640.0,0.32,0.18,1018.0,0.0862,3.2
873.0,860.0,7548.0,0.57,0.64,2308.0,0.1706,6.7
772.0,769.0,6391.0,0.19,0.29,2183.0,0.2285,8.8
1039.0,1271.0,8543.0,0.42,0.44,2476.0,0.3224,11.9
228.0,227.0,5585.0,0.11,0.13,1495.0,0.165,6.4
1114.0,1311.0,4178.0,0.43,0.78,748.0,0.1331,5.1
3441.0,3962.0,4011.0,0.34,0.18,517.0,0.2552,10.4
708.0,783.0,6419.0,0.16,0.47,1912.0,0.1885,7.2
633.0,484.0,6532.0,0.25,0.32,2133.0,0.175,7.3
852.0,1007.0,10640.0,0.25,0.28,1357.0,0.2753,11.4
3381.0,3156.0,4313.0,0.2,0.44,1352.0,0.2246,8.9
293.0,327.0,7710.0,0.71,0.08,2181.0,0.1192,4.5
783.0,676.0,8045.0,0.32,0.64,872.0,0.1985,7.7
351.0,294.0,8895.0,0.3,0.11,627.0,0.1841,7.4
429.0,578.0,8471.0,0.47,0.68,2431.0,0.2315,8.6
639.0,554.0,4057.0,0.22,0.13,1585.0,0.1435,5.5
1954.0,2321.0,8423.0,0.77,0.45,2045.0,0.3947,14.5
2810.0,2860.0,6257.0,0.35,0.53,2409.0,0.492,19.9
952.0,894.0,9410.0,0.62,0.38,2121.0,0.3483,12.6
492.0,489.0,5319.0,0.32,0.42,1435.0,0.1881,6.7
4886.0,4020.0,9013.0,0.63,0.24,1796.0,0.8169,30.2
472.0,471.0,8378.0,0.34,0.29,1764.0,0.2376,9.0
421.0,358.0,8566.0,0.4,0.47,2351.0,0.2277,8.6
161.0,152.0,5232.0,0.59,0.19,782.0,0.0863,3.3
2032.0,2335.0,8684.0,0.54,0.3,1891.0,0.3117,13.0
1443.0,1499.0,9159.0,0.35,0.17,2226.0,0.4997,19.9
4602.0,3685.0,7426.0,0.53,0.1,1218.0,0.9013,35.1
219.0,249.0,6383.0,0.28,0.13,1917.0,0.1185,4.8
2136.0,2133.0,5166.0,0.57,0.1,1000.0,0.2967,10.7
704.0,649.0,6030.0,0.48,0.43,676.0,0.1978,7.5
1268.0,1418.0,9347.0,0.24,0.4,551.0,0.3336,11.9
178.0,174.0,6866.0,0.41,0.19,1560.0,0.1012,3.8
2153.0,1807.0,8919.0,0.25,0.33,603.0,0.4976,20.7
1248.0,1646.0,9181.0,0.34,0.43,1685.0,0.3821,13.9
645.0,643.0,8719.0,0.37,0.37,1251.0,0.2322,9.2
1114.0,1101.0,8715.0,0.05,0.13,514.0,0.4496,16.3
361.0,339.0,8276.0,0.43,0.64,953.0,0.1619,5.8
418.0,499.0,7629.0,0.25,0.01,1977.0,0.1964,7.1
459.0,424.0,5385.0,0.27,0.36,1258.0,0.1906,7.0
151.0,120.0,9900.0,0.5,0.5,1951.0,0.1172,4.4
1325.0,1197.0,10750.0,0.23,0.2,2130.0,0.4155,16.1
1726.0,2105.0,7265.0,0.27,0.32,2094.0,0.4428,15.7
380.0,430.0,10533.0,0.7,0.14,1841.0,0.1541,5.9
879.0,846.0,10986.0,0.13,0.19,1993.0,0.4125,16.3
538.0,661.0,7403.0,0.4,0.61,1640.0,0.186,7.0
865.0,968.0,9070.0,0.27,0.46,1430.0,0.3288,12.0
403.0,387.0,8507.0,0.47,0.29,623.0,0.1932,7.1
328.0,320.0,5661.0,0.23,0.13,2450.0,0.1476,6.0
1543.0,1621.0,4330.0,0.27,0.26,2180.0,0.2609,9.6
632.0,558.0,7173.0,0.25,0.34,1844.0,0.2785,10.4
3353.0,3356.0,9510.0,0.64,0.22,1788.0,0.5359,21.1
690.0,723.0,6276.0,0.45,0.29,1654.0,0.1982,8.0
317.0,246.0,9491.0,0.24,0.01,689.0,0.2074,7.5
1775.0,1725.0,8584.0,0.7,0.29,1139.0,0.2597,9.3
1102.0,1053.0,8869.0,0.09,0.28,1179.0,0.432,15.5
1190.0,1388.0,6000.0,0.1,0.53,2087.0,0.2051,8.5
1724.0,1307.0,7290.0,0.41,0.21,1710.0,0.3194,12.5
395.0,373.0,5272.0,0.29,0.44,1296.0,0.1276,4.9
601.0,559.0,5726.0,0.4,0.47,1156.0,0.1669,6.0
580.0,670.0,4629.0,0.91,0.43,2208.0,0.1,3.7
237.0,235.0,4887.0,0.41,0.36,2071.0,0.1137,4.5
539.0,705.0,5474.0,0.65,0.34,2126.0,0.1533,5.9
1937.0,2140.0,8062.0,0.44,0.45,1291.0,0.4021,15.0
804.0,756.0,7088.0,0.37,0.26,1458.0,0.3184,11.9
227.0,235.0,5869.0,0.38,0.35,1647.0,0.2164,7.7
192.0,182.0,10028.0,0.35,0.22,884.0,0.1712,6.2
2520.0,2866.0,7676.0,0.89,0.55,1225.0,0.3594,13.1
619.0,507.0,10462.0,0.69,0.48,1482.0,0.2005,8.1
396.0,350.0,8445.0,0.03,0.14,1841.0,0.2551,10.2
534.0,572.0,4111.0,0.34,0.34,1399.0,0.1078,4.4
204.0,245.0,10394.0,0.37,0.43,809.0,0.0902,3.4
2077.0,1492.0,10002.0,0.58,0.57,1350.0,0.2771,11.0
486.0,597.0,8447.0,0.31,0.5,1563.0,0.1863,7.0
1986.0,1945.0,7743.0,0.48,0.36,1802.0,0.491,18.3
693.0,523.0,7170.0,0.38,0.12,2208.0,0.2515,9.6
2087.0,1331.0,7375.0,0.55,0.34,965.0,0.3398,12.6
817.0,649.0,9385.0,0.16,0.33,1619.0,0.339,13.5
1316.0,1312.0,7592.0,0.69,0.3,1335.0,0.2563,10.7
1182.0,1171.0,5232.0,0.26,0.53,1874.0,0.1697,6.8
1095.0,1204.0,4407.0,0.1,0.46,2249.0,0.2349,8.7
879.0,809.0,4883.0,0.34,0.48,1454.0,0.2608,9.2
552.0,468.0,5760.0,0.53,0.58,2188.0,0.2383,8.6
3079.0,2894.0,6574.0,0.29,0.36,504.0,0.4409,17.2
322.0,324.0,10247.0,0.38,0.34,2324.0,0.2593,9.6
667.0,691.0,5674.0,0.1,0.41,2077.0,0.1946,8.1
673.0,598.0,6237.0,0.46,0.06,768.0,0.3451,12.4
918.0,1051.0,5561.0,0.08,0.33,1851.0,0.2236,8.4
472.0,430.0,7820.0,0.04,0.22,1528.0,0.2824,10.5
856.0,751.0,8320.0,0.09,0.45,2441.0,0.2919,12.5
581.0,536.0,7725.0,0.09,0.55,1109.0,0.3165,12.0
188.0,220.0,10663.0,0.42,0.35,1718.0,0.1926,6.8
670.0,657.0,10968.0,0.42,0.05,1546.0,0.2413,9.2
276.0,248.0,9862.0,0.08,0.81,942.0,0.1599,6.2
166.0,191.0,9637.0,0.57,0.32,2127.0,0.163,6.4
742.0,1023.0,6562.0,0.16,0.49,1986.0,0.2372,9.5
983.0,1014.0,8058.0,0.12,0.56,1588.0,0.3681,14.1
1014.0,1220.0,6460.0,0.81,0.76,2388.0,0.1225,5.0
1047.0,1223.0,9490.0,0.16,0.38,2353.0,0.378,14.3
142.0,129.0,5203.0,0.38,0.71,2136.0,0.0722,2.6
224.0,225.0,5517.0,0.35,0.32,805.0,0.1321,5.2
3225.0,2661.0,4271.0,0.55,0.05,2288.0,0.3456,13.1
288.0,279.0,8263.0,0.34,0.47,1112.0,0.191,7.4
1084.0,987.0,8820.0,0.26,0.78,1640.0,0.2615,9.9
384.0,361.0,4024.0,0.81,0.04,2449.0,0.1142,4.2
709.0,633.0,7576.0,0.14,0.17,962.0,0.2865,10.8
401.0,384.0,6638.0,0.32,0.69,900.0,0.1031,3.8
1042.0,1129.0,9547.0,0.61,0.66,2204.0,0.3014,11.3
742.0,729.0,4272.0,0.43,0.15,526.0,0.241,8.9
465.0,351.0,4340.0,0.11,0.54,848.0,0.2119,8.1
287.0,257.0,8341.0,0.38,0.43,1155.0,0.1529,5.8
824.0,656.0,8141.0,0.56,0.27,1977.0,0.2826,10.5
252.0,261.0,9818.0,0.3,0.38,1461.0,0.1803,7.0
936.0,1010.0,8146.0,0.13,0.3,1287.0,0.2976,11.2
5438.0,5651.0,10646.0,0.61,0.34,2337.0,0.6046,24.4
1959.0,1741.0,6201.0,0.15,0.2,2012.0,0.3504,14.9
1182.0,1226.0,6785.0,0.6,0.35,1766.0,0.2285,8.8
621.0,579.0,10844.0,0.63,0.55,1180.0,0.2032,8.2
141.0,119.0,4753.0,0.21,0.12,2218.0,0.0981,3.5
231.0,258.0,9571.0,0.06,0.2,1006.0,0.1851,7.4
1856.0,2098.0,4081.0,0.66,0.1,2392.0,0.1693,6.3
354.0,408.0,7406.0,0.05,0.29,1021.0,0.252,10.1
380.0,347.0,5074.0,0.27,0.15,2140.0,0.1129,4.4
583.0,695.0,8192.0,0.03,0.07,2328.0,0.2665,10.9
284.0,264.0,9587.0,0.15,0.15,953.0,0.1804,7.4
249.0,275.0,4231.0,0.1,0.51,959.0,0.1141,4.3
639.0,592.0,5146.0,0.76,0.61,657.0,0.1093,4.3
326.0,315.0,6398.0,0.26,0.29,1183.0,0.125,4.7
368.0,256.0,5791.0,0.35,0.47,1501.0,0.1601,5.8
356.0,340.0,6683.0,0.32,0.06,672.0,0.1535,6.4
1010.0,1024.0,10663.0,0.77,0.2,793.0,0.3314,12.2
552.0,519.0,4708.0,0.03,0.51,1344.0,0.1325,5.4
577.0,750.0,6963.0,0.39,0.15,860.0,0.2807,11.1
1072.0,901.0,7200.0,0.5,0.34,2047.0,0.2332,9.7
594.0,546.0,5962.0,0.65,0.24,1145.0,0.0871,3.6
532.0,465.0,5950.0,0.41,0.38,593.0,0.1612,6.9
969.0,891.0,9003.0,0.11,0.17,809.0,0.3479,13.7
1135.0,1325.0,8325.0,0.54,0.15,1114.0,0.2487,9.6
591.0,738.0,9690.0,0.21,0.35,792.0,0.3246,12.8
709.0,639.0,6836.0,0.03,0.43,931.0,0.2813,12.0
356.0,319.0,8247.0,0.31,0.58,913.0,0.1605,6.9
334.0,281.0,10255.0,0.64,0.19,1337.0,0.1644,6.4
1231.0,1497.0,9959.0,0.17,0.23,1548.0,0.5132,19.1
950.0,1123.0,10440.0,0.67,0.38,1745.0,0.2189,8.4
957.0,942.0,5883.0,0.7,0.67,2319.0,0.1801,6.4
833.0,675.0,10898.0,0.66,0.3,1876.0,0.3155,12.2
690.0,567.0,9715.0,0.57,0.37,897.0,0.2782,10.6
1161.0,1191.0,9564.0,0.7,0.35,1398.0,0.2403,9.3
1405.0,1526.0,8673.0,0.65,0.14,1959.0,0.3226,13.0
1379.0,1011.0,10883.0,0.37,0.22,1610.0,0.3735,14.6
614.0,585.0,7091.0,0.77,0.47,839.0,0.1643,6.1
2017.0,2572.0,9191.0,0.62,0.37,2075.0,0.3565,13.2
799.0,773.0,8892.0,0.84,0.48,893.0,0.1602,6.1
1103.0,1379.0,9125.0,0.34,0.61,1189.0,0.3718,13.3
834.0,919.0,9260.0,0.51,0.36,1967.0,0.2289,8.7
810.0,689.0,5335.0,0.38,0.24,2439.0,0.1883,7.2
369.0,353.0,6443.0,0.25,0.22,2281.0,0.1976,7.1
1166.0,1143.0,6746.0,0.47,0.66,2440.0,0.1728,6.9
6478.0,5616.0,9236.0,0.35,0.2,1293.0,0.8921,32.2
493.0,426.0,9014.0,0.07,0.21,1372.0,0.1882,7.7
704.0,883.0,9834.0,0.47,0.59,826.0,0.1793,7.0
465.0,402.0,9520.0,0.21,0.31,1445.0,0.263,11.2
450.0,529.0,8172.0,0.39,0.46,2061.0,0.1736,6.6
2288.0,2143.0,4980.0,0.43,0.41,638.0,0.2615,9.5
388.0,387.0,8448.0,0.49,0.11,1138.0,0.2002,8.1
455.0,495.0,10209.0,0.23,0.26,2351.0,0.3187,12.5
187.0,171.0,8502.0,0.3,0.15,865.0,0.1443,5.6
363.0,395.0,10269.0,0.69,0.18,1094.0,0.1947,7.6
170.0,125.0,10993.0,0.34,0.19,2370.0,0.1256,5.1
1103.0,1178.0,6514.0,0.55,0.12,1190.0,0.2461,9.5
6246.0,4313.0,9063.0,0.16,0.66,2162.0,0.9018,32.4
496.0,479.0,7780.0,0.36,0.32,1074.0,0.2074,8.2
175.0,199.0,7185.0,0.03,0.58,1014.0,0.154,5.9
1366.0,1500.0,5679.0,0.74,0.29,874.0,0.1545,5.9
372.0,306.0,5721.0,0.4,0.57,625.0,0.1134,4.5
1881.0,1578.0,5295.0,0.78,0.06,1331.0,0.211,8.1
531.0,479.0,8420.0,0.56,0.07,1927.0,0.1663,6.6
401.0,413.0,4994.0,0.14,0.31,1511.0,0.175,6.6
577.0,425.0,7020.0,0.78,0.34,1315.0,0.1574,6.1
1220.0,1217.0,7663.0,0.09,0.51,909.0,0.3267,13.6
554.0,581.0,7068.0,0.52,0.32,1867.0,0.1545,6.6
447.0,428.0,9985.0,0.43,0.31,1006.0,0.2362,10.2
567.0,614.0,7102.0,0.37,0.31,564.0,0.2078,8.2
240.0,249.0,4580.0,0.18,0.32,2429.0,0.1202,4.5
914.0,843.0,10945.0,0.85,0.08,2385.0,0.2692,10.8
159.0,119.0,9915.0,0.72,0.47,929.0,0.1081,4.2
466.0,476.0,8620.0,0.55,0.56,977.0,0.1701,6.8
1221.0,1058.0,9294.0,0.72,0.19,1660.0,0.2457,9.9
848.0,777.0,4897.0,0.3,0.37,1355.0,0.3243,11.3
1067.0,1146.0,9361.0,0.33,0.18,2276.0,0.3841,15.5
631.0,781.0,5454.0,0.22,0.31,1354.0,0.1559,6.5
1696.0,1686.0,7423.0,0.71,0.42,772.0,0.1909,7.7
1394.0,1515.0,5246.0,0.62,0.47,1593.0,0.2231,8.6
950.0,765.0,9276.0,0.84,0.66,727.0,0.2569,10.2
1397.0,1449.0,5722.0,0.45,0.34,1394.0,0.271,10.3
1212.0,1202.0,5772.0,0.37,0.23,1655.0,0.2692,10.8
468.0,563.0,4765.0,0.21,0.31,2391.0,0.1813,7.2
227.0,209.0,9044.0,0.76,0.33,1087.0,0.1067,4.3
931.0,898.0,6071.0,0.1,0.27,1799.0,0.1944,7.6
1030.0,1207.0,7628.0,0.7,0.31,500.0,0.2083,7.8
1591.0,1570.0,6326.0,0.28,0.07,2243.0,0.4095,15.2
314.0,266.0,9423.0,0.44,0.12,1134.0,0.2099,7.6
322.0,472.0,5585.0,0.35,0.27,982.0,0.1259,5.2
961.0,817.0,10586.0,0.39,0.19,705.0,0.32,13.1
628.0,622.0,6249.0,0.64,0.62,2070.0,0.1511,6.1
147.0,155.0,4727.0,0.04,0.37,613.0,0.0945,3.7
898.0,935.0,5682.0,0.32,0.46,1736.0,0.2119,8.7
151.0,147.0,4518.0,0.15,0.25,1131.0,0.096,3.8
312.0,304.0,7281.0,0.14,0.35,1922.0,0.1556,5.8
1961.0,1893.0,5752.0,0.5,0.46,2432.0,0.3345,12.3
2864.0,2422.0,10202.0,0.29,0.42,1050.0,0.6253,23.4
252.0,347.0,7620.0,0.1,0.01,1739.0,0.1971,7.5
511.0,494.0,5634.0,0.15,0.12,1241.0,0.2013,8.1
688.0,753.0,7159.0,0.37,0.51,1519.0,0.2824,10.9
2766.0,2630.0,5372.0,0.09,0.58,667.0,0.4412,16.2
448.0,425.0,5251.0,0.6,0.21,909.0,0.1536,5.8
454.0,424.0,6105.0,0.87,0.54,2088.0,0.123,4.6
2296.0,1820.0,4758.0,0.19,0.2,1190.0,0.4994,18.5
493.0,481.0,5321.0,0.19,0.22,502.0,0.1832,7.2
1185.0,1115.0,10566.0,0.3,0.04,1142.0,0.4818,18.1
204.0,243.0,8668.0,0.16,0.68,1839.0,0.137,5.4
580.0,485.0,10448.0,0.15,0.19,2443.0,0.2122,8.0
176.0,162.0,5798.0,0.12,0.12,2208.0,0.1342,4.9
286.0,250.0,9999.0,0.17,0.16,2014.0,0.2607,9.4
1302.0,1616.0,6536.0,0.67,0.16,2359.0,0.2721,10.2
639.0,561.0,5009.0,0.42,0.2,1819.0,0.2438,9.3
515.0,561.0,9633.0,0.6,0.55,1538.0,0.2234,8.1
365.0,423.0,4418.0,0.33,0.31,1579.0,0.1384,5.6
558.0,545.0,6834.0,0.37,0.22,2388.0,0.2555,9.2
846.0,688.0,9735.0,0.3,0.45,504.0,0.3153,12.1
1460.0,1190.0,8320.0,0.34,0.35,1531.0,0.3541,13.6
81.0,93.0,7626.0,0.38,0.48,2038.0,0.0725,2.9
342.0,283.0,6475.0,0.61,0.65,576.0,0.0719,3.0
755.0,801.0,4525.0,0.29,0.13,2146.0,0.2973,10.7
615.0,625.0,10937.0,0.34,0.1,2188.0,0.2806,10.6
918.0,972.0,5223.0,0.35,0.19,1547.0,0.1668,6.6
824.0,884.0,5787.0,0.58,0.19,2158.0,0.1897,7.2
521.0,453.0,5651.0,0.67,0.46,785.0,0.1844,7.3
436.0,377.0,10356.0,0.4,0.37,2386.0,0.1941,8.2
547.0,608.0,9346.0,0.64,0.36,598.0,0.1968,7.7
1667.0,1517.0,7201.0,0.45,0.1,575.0,0.4732,19.7
370.0,245.0,10688.0,0.17,0.08,1548.0,0.2843,10.9
633.0,697.0,4369.0,0.34,0.39,1970.0,0.1729,6.2
770.0,659.0,10256.0,0.53,0.32,1900.0,0.183,7.3
2318.0,2486.0,4423.0,0.16,0.15,1600.0,0.3711,13.8
523.0,645.0,6738.0,0.49,0.3,2067.0,0.1523,6.1
1432.0,1436.0,4378.0,0.38,0.15,1715.0,0.2454,9.5
1782.0,2069.0,10993.0,0.65,0.05,2200.0,0.4333,17.5
632.0,647.0,10401.0,0.13,0.18,732.0,0.3435,12.9
562.0,713.0,8094.0,0.19,0.27,2463.0,0.3048,11.1
511.0,436.0,5525.0,0.46,0.31,2261.0,0.1193,4.6
542.0,541.0,5937.0,0.61,0.41,2291.0,0.1596,6.0
1317.0,1457.0,7147.0,0.55,0.16,1227.0,0.2905,11.0
800.0,778.0,6259.0,0.65,0.43,2394.0,0.1901,7.5
803.0,954.0,4149.0,0.61,0.34,783.0,0.1836,6.7
270.0,253.0,8594.0,0.78,0.47,656.0,0.1111,4.4
307.0,418.0,8294.0,0.21,0.52,1297.0,0.1382,5.8
3695.0,5080.0,10330.0,0.65,0.08,2366.0,0.483,19.6
577.0,602.0,7338.0,0.49,0.44,2436.0,0.1445,5.4
358.0,389.0,6413.0,0.41,0.45,1487.0,0.1448,5.7
2090.0,2499.0,7581.0,0.2,0.29,2004.0,0.4977,19.2
833.0,697.0,5363.0,0.72,0.43,1576.0,0.1525,6.0
1056.0,868.0,8379.0,0.19,0.6,727.0,0.3776,14.5
596.0,719.0,9390.0,0.53,0.31,1806.0,0.2236,8.2
515.0,537.0,5074.0,0.18,0.24,794.0,0.1989,7.2
581.0,561.0,6229.0,0.2,0.3,1812.0,0.1572,6.4
220.0,220.0,10075.0,0.35,0.41,981.0,0.1438,5.3
620.0,433.0,7539.0,0.64,0.31,1027.0,0.219,8.4
843.0,819.0,7723.0,0.6,0.3,1850.0,0.2708,11.2
2923.0,2611.0,9057.0,0.06,0.2,1430.0,0.6801,25.7
713.0,818.0,8045.0,0.65,0.28,2160.0,0.2605,9.2
103.0,119.0,4487.0,0.57,0.09,1861.0,0.0797,3.2
617.0,673.0,9628.0,0.3,0.27,1090.0,0.2191,8.6
5953.0,6317.0,10460.0,0.36,0.33,2054.0,0.88,37.0
1330.0,1063.0,4373.0,0.24,0.43,629.0,0.2179,8.5
348.0,380.0,4849.0,0.64,0.44,1970.0,0.1304,5.0
1067.0,1173.0,8914.0,0.22,0.31,1271.0,0.3446,12.1
367.0,443.0,8231.0,0.47,0.02,1104.0,0.1804,7.3
225.0,309.0,6678.0,0.6,0.2,1545.0,0.1104,4.1
503.0,390.0,7775.0,0.59,0.54,2314.0,0.179,6.8
716.0,675.0,8923.0,0.52,0.12,1013.0,0.3392,11.8
149.0,133.0,7531.0,0.86,0.44,2499.0,0.096,3.7
265.0,272.0,4981.0,0.5,0.35,1678.0,0.1324,5.1
671.0,672.0,4626.0,0.36,0.06,1004.0,0.1679,6.2
480.0,463.0,7072.0,0.29,0.04,1882.0,0.1989,7.5
912.0,1064.0,10460.0,0.33,0.57,1971.0,0.4229,15.6
252.0,213.0,7904.0,0.63,0.16,1563.0,0.1434,5.4
1178.0,1007.0,6508.0,0.16,0.17,761.0,0.2775,11.6
258.0,221.0,10361.0,0.27,0.2,2130.0,0.1585,6.0
2475.0,2345.0,6720.0,0.57,0.31,2120.0,0.1781,6.7
169.0,140.0,7564.0,0.33,0.27,2030.0,0.0858,3.4
278.0,276.0,4815.0,0.37,0.34,2011.0,0.1119,4.3
929.0,906.0,9162.0,0.28,0.32,1263.0,0.2884,12.3
2518.0,2238.0,8902.0,0.35,0.66,1485.0,0.5115,19.5
856.0,976.0,9560.0,0.85,0.22,1823.0,0.2424,9.1
1043.0,1034.0,6276.0,0.75,0.3,831.0,0.2964,10.9
675.0,791.0,7052.0,0.16,0.58,1708.0,0.209,7.8
293.0,284.0,5178.0,0.49,0.44,720.0,0.0752,3.0
449.0,448.0,10752.0,0.51,0.29,2196.0,0.1609,6.7
252.0,232.0,4603.0,0.1,0.21,740.0,0.1858,6.9
239.0,239.0,8543.0,0.15,0.44,2045.0,0.1632,6.2
917.0,1021.0,8937.0,0.63,0.53,944.0,0.301,11.4
271.0,255.0,5104.0,0.08,0.66,2357.0,0.1251,4.5
859.0,928.0,6557.0,0.26,0.1,1816.0,0.2292,9.6
235.0,208.0,4302.0,0.41,0.1,1362.0,0.0843,3.0
843.0,945.0,7896.0,0.07,0.35,587.0,0.2819,11.2
450.0,412.0,10965.0,0.32,0.43,1714.0,0.2346,8.7
2049.0,2329.0,7009.0,0.38,0.73,1256.0,0.3864,15.0
862.0,870.0,10930.0,0.45,0.59,2097.0,0.2983,11.7
1788.0,2246.0,4884.0,0.2,0.33,2085.0,0.3749,15.7
363.0,306.0,6747.0,0.27,0.29,1874.0,0.1596,6.4
696.0,558.0,10314.0,0.53,0.19,1036.0,0.2709,10.2
303.0,277.0,10137.0,0.59,0.62,846.0,0.1437,5.5
478.0,388.0,6265.0,0.37,0.33,1494.0,0.1618,6.0
539.0,438.0,8750.0,0.07,0.24,1405.0,0.2772,11.1
372.0,409.0,10203.0,0.16,0.32,1846.0,0.2203,8.2
252.0,251.0,9368.0,0.61,0.2,1566.0,0.1849,7.1
215.0,200.0,8399.0,0.37,0.17,1490.0,0.1273,4.8
102.0,97.0,5068.0,0.23,0.43,1462.0,0.0744,2.8
286.0,261.0,4511.0,0.59,0.39,1508.0,0.076,3.0
1099.0,1407.0,8302.0,0.46,0.26,2244.0,0.3282,12.5
185.0,166.0,7502.0,0.37,0.42,842.0,0.0938,3.6
223.0,183.0,5666.0,0.09,0.14,538.0,0.1449,5.4
2787.0,3140.0,6049.0,0.39,0.27,944.0,0.3383,12.2
400.0,387.0,6745.0,0.2,0.26,1121.0,0.1517,6.1
860.0,1168.0,7469.0,0.55,0.2,1725.0,0.1935,8.0
1112.0,1028.0,6732.0,0.4,0.16,2185.0,0.333,12.1
1130.0,1283.0,6711.0,0.57,0.33,1926.0,0.216,8.9
197.0,231.0,4810.0,0.58,0.36,2497.0,0.0871,3.2
553.0,511.0,10059.0,0.3,0.39,501.0,0.2594,10.5
182.0,163.0,8264.0,0.63,0.5,880.0,0.0856,3.4
4708.0,5262.0,5023.0,0.17,0.15,674.0,0.352,13.7
186.0,202.0,6967.0,0.32,0.51,1827.0,0.0857,3.6
288.0,233.0,6917.0,0.45,0.42,1354.0,0.1199,4.9
289.0,244.0,8204.0,0.34,0.15,1123.0,0.1511,6.4
201.0,137.0,8262.0,0.6,0.49,1125.0,0.1223,4.6
1963.0,2146.0,8517.0,0.15,0.58,2286.0,0.4458,17.3
4619.0,4441.0,8885.0,0.67,0.22,651.0,0.6943,26.9
455.0,444.0,4723.0,0.29,0.44,1127.0,0.1607,6.2
231.0,179.0,6134.0,0.47,0.48,1500.0,0.0841,3.3
111.0,94.0,4121.0,0.46,0.49,1323.0,0.0381,1.5
547.0,509.0,7182.0,0.37,0.59,1875.0,0.163,6.0
516.0,467.0,7006.0,0.0,0.54,1715.0,0.2074,8.8
395.0,402.0,9140.0,0.53,0.39,2101.0,0.1686,7.0
794.0,867.0,5170.0,0.22,0.7,2188.0,0.2109,7.6
912.0,1283.0,8420.0,0.17,0.65,1300.0,0.3095,11.8
861.0,859.0,6147.0,0.27,0.61,2232.0,0.26,11.2
517.0,611.0,6673.0,0.78,0.4,1764.0,0.1401,5.3
276.0,243.0,9035.0,0.44,0.7,2221.0,0.1347,5.7
1133.0,881.0,4501.0,0.51,0.1,1431.0,0.2632,9.6
672.0,637.0,6399.0,0.46,0.17,551.0,0.1559,5.8
1354.0,1065.0,6739.0,0.21,0.24,1816.0,0.4972,17.4
1251.0,1254.0,9010.0,0.35,0.11,2432.0,0.2416,9.5
213.0,190.0,5395.0,0.26,0.23,2361.0,0.0966,4.0
211.0,158.0,10632.0,0.67,0.41,804.0,0.1069,4.3
363.0,472.0,10984.0,0.63,0.02,1479.0,0.1336,5.3
286.0,264.0,9732.0,0.55,0.27,2246.0,0.1514,5.7
1217.0,952.0,6098.0,0.74,0.8,1333.0,0.1553,6.6
881.0,1008.0,8647.0,0.45,0.26,1536.0,0.3098,12.0
1603.0,1437.0,4582.0,0.12,0.38,2495.0,0.2837,11.6
913.0,1076.0,10099.0,0.34,0.73,1465.0,0.3118,12.4
786.0,704.0,7612.0,0.18,0.36,880.0,0.3569,12.9
1737.0,1601.0,5235.0,0.25,0.14,577.0,0.3576,13.2
969.0,1020.0,6292.0,0.36,0.66,1423.0,0.2105,7.9
702.0,768.0,9605.0,0.28,0.36,1529.0,0.29,10.9
2174.0,2440.0,10092.0,0.69,0.11,2340.0,0.3925,15.4
729.0,720.0,7638.0,0.1,0.33,2084.0,0.2226,8.6
521.0,564.0,7362.0,0.16,0.08,626.0,0.2372,10.0
340.0,381.0,9255.0,0.16,0.05,2134.0,0.1565,6.5
1167.0,1203.0,9783.0,0.71,0.4,639.0,0.2846,10.9
1789.0,1752.0,9354.0,0.17,0.16,528.0,0.3287,13.5
639.0,514.0,6691.0,0.43,0.64,1594.0,0.1928,7.2
1894.0,2072.0,8493.0,0.38,0.34,1560.0,0.3673,14.3
138.0,138.0,10002.0,0.13,0.23,1133.0,0.1531,6.0
636.0,598.0,5062.0,0.1,0.58,1421.0,0.1839,7.3
644.0,780.0,6717.0,0.1,0.14,2341.0,0.2575,9.7
372.0,300.0,4396.0,0.53,0.27,1853.0,0.1234,4.6
4479.0,5731.0,6862.0,0.75,0.46,1185.0,0.3443,13.9
631.0,629.0,9406.0,0.27,0.48,2368.0,0.221,8.8
480.0,503.0,5379.0,0.33,0.63,826.0,0.1369,5.3
679.0,640.0,7793.0,0.03,0.58,850.0,0.26,9.9
134.0,104.0,4256.0,0.56,0.15,966.0,0.0651,2.5
362.0,355.0,10284.0,0.34,0.21,965.0,0.2222,8.6
1461.0,1536.0,9740.0,0.14,0.24,642.0,0.3678,13.7
402.0,445.0,7671.0,0.65,0.94,1119.0,0.0927,3.6
343.0,333.0,8941.0,0.3,0.21,1597.0,0.2492,10.4
1896.0,1365.0,4727.0,0.63,0.09,946.0,0.2271,8.2
1943.0,1542.0,9916.0,0.42,0.6,714.0,0.3842,14.2
1006.0,1368.0,9007.0,0.75,0.46,1801.0,0.2232,9.3
462.0,392.0,4840.0,0.17,0.15,1340.0,0.2063,7.9
549.0,680.0,10865.0,0.43,0.07,1807.0,0.3047,11.1
350.0,304.0,4158.0,0.47,0.27,996.0,0.1002,3.9
300.0,292.0,8400.0,0.48,0.35,2012.0,0.1412,5.3
288.0,317.0,5202.0,0.28,0.82,2446.0,0.1129,4.1
406.0,359.0,9035.0,0.29,0.31,1022.0,0.2195,8.4
291.0,369.0,4493.0,0.15,0.17,1779.0,0.1527,5.3
190.0,193.0,4568.0,0.57,0.31,2030.0,0.0731,2.7
793.0,850.0,7264.0,0.07,0.27,1587.0,0.268,10.3
802.0,771.0,10958.0,0.29,0.49,1082.0,0.2855,11.1
2593.0,2862.0,5936.0,0.1,0.44,929.0,0.5403,21.0
390.0,494.0,8288.0,0.13,0.28,1793.0,0.1989,7.9
843.0,826.0,7630.0,0.46,0.2,1460.0,0.4308,17.7
854.0,1107.0,9895.0,0.23,0.47,2175.0,0.2789,11.3
543.0,495.0,6020.0,0.65,0.13,679.0,0.1173,4.6
1206.0,1353.0,7885.0,0.06,0.15,565.0,0.4394,16.4
1237.0,1331.0,10654.0,0.27,0.06,1242.0,0.581,22.1
864.0,736.0,6328.0,0.14,0.46,1449.0,0.2854,11.0
542.0,560.0,7076.0,0.22,0.47,1779.0,0.238,8.3
500.0,500.0,10222.0,0.56,0.38,728.0,0.2023,7.2
223.0,196.0,6327.0,0.25,0.4,1675.0,0.1144,4.6
349.0,368.0,6665.0,0.33,0.21,2126.0,0.1109,4.1
404.0,413.0,6129.0,0.38,0.29,2319.0,0.1759,7.2
271.0,268.0,9667.0,0.15,0.09,2300.0,0.187,7.1
946.0,936.0,10513.0,0.47,0.68,1537.0,0.3495,14.5
1732.0,1709.0,8418.0,0.34,0.29,2298.0,0.3661,14.6
322.0,304.0,8365.0,0.58,0.86,1575.0,0.1262,4.7
834.0,852.0,6730.0,0.39,0.34,647.0,0.2882,11.4
291.0,264.0,4087.0,0.38,0.28,2447.0,0.1336,5.5
521.0,776.0,5218.0,0.38,0.24,505.0,0.1905,7.6
383.0,310.0,5032.0,0.64,0.08,1072.0,0.0851,3.5
1077.0,986.0,4811.0,0.61,0.03,593.0,0.1473,5.6
386.0,358.0,8578.0,0.7,0.33,1587.0,0.1774,6.5
1494.0,2029.0,4954.0,0.16,0.37,1635.0,0.2322,9.1
546.0,448.0,4599.0,0.69,0.44,1776.0,0.1332,4.9
396.0,422.0,6678.0,0.1,0.38,781.0,0.1913,7.6
244.0,253.0,5743.0,0.36,0.63,535.0,0.1153,4.5
