tds_mgl,oil_grease_mgl,tss_mgl,barium_mgl,sulfate_mgl,h2s_mgl,bacteria_cfu,routing
60676.0,10.7,28.2,61.2,14.5,1.82,3.0,direct_reuse
23671.0,10.3,50.4,63.7,239.9,0.61,11.0,direct_reuse
82894.0,7.2,7.6,49.4,84.5,1.66,2.0,direct_reuse
94693.0,19.8,19.5,34.1,46.5,1.21,4.0,direct_reuse
12510.0,16.6,47.6,33.0,68.3,10.08,8.0,direct_reuse
19702.0,3.2,25.9,28.0,281.6,1.56,6.0,direct_reuse
53610.0,3.0,79.3,32.8,201.2,0.27,36.0,direct_reuse
39286.0,19.7,7.0,35.5,78.2,3.15,4.0,direct_reuse
48448.0,6.5,6.3,3.7,25.7,16.81,0.0,direct_reuse
26980.0,17.7,45.4,7.8,27.8,7.81,1.0,direct_reuse
90724.0,27.2,49.0,5.8,206.1,0.39,12.0,direct_reuse
84496.0,4.3,21.0,75.8,22.1,1.16,5.0,direct_reuse
51340.0,3.8,33.8,146.2,79.0,1.58,2.0,direct_reuse
107912.0,60.8,44.5,1.5,1718.5,1.61,230.0,treat_then_reuse
68000.0,18.5,12.8,131.3,149.2,2.71,42.0,direct_reuse
26863.0,9.2,13.9,22.3,203.7,1.05,11.0,direct_reuse
63457.0,5.8,28.6,67.7,28.0,0.5,17.0,direct_reuse
25054.0,8.5,50.6,36.9,23.3,5.68,8.0,direct_reuse
90664.0,4.6,9.7,113.1,216.0,0.38,2.0,direct_reuse
47337.0,29.8,20.9,25.8,66.0,0.58,57.0,direct_reuse
43071.0,6.7,20.2,3.9,327.3,0.38,44.0,direct_reuse
30435.0,36.0,34.3,17.7,105.4,3.65,1.0,direct_reuse
115356.0,9.4,24.4,37.3,4500.7,1.89,17.0,direct_reuse
43995.0,5.3,15.9,15.5,53.5,5.2,20.0,direct_reuse
36322.0,9.2,66.6,44.2,138.1,0.59,8.0,direct_reuse
38312.0,1.3,15.9,18.6,37.6,0.32,283.0,direct_reuse
71155.0,12.1,19.4,9.8,312.7,0.93,241.0,direct_reuse
63311.0,11.6,6.9,5.5,163.1,1.3,7.0,direct_reuse
65442.0,28.3,13.9,12.6,34.9,2.16,9.0,direct_reuse
66275.0,2.5,37.1,25.7,70.9,0.19,7.0,direct_reuse
219510.0,38.3,31.7,1.9,454.4,3.07,5.0,disposal
36883.0,28.2,39.6,7.9,398.2,0.52,3.0,direct_reuse
34250.0,41.5,38.1,1.8,21.2,0.71,26.0,treat_then_reuse
27732.0,12.8,130.3,9.6,60.2,7.58,231.0,treat_then_reuse
75447.0,33.5,13.5,84.5,745.1,0.1,125.0,direct_reuse
108043.0,3.6,6.7,4.8,83.6,2.51,40.0,direct_reuse
45263.0,25.6,10.6,46.7,122.9,2.5,0.0,direct_reuse
27225.0,6.7,14.0,613.1,310.9,0.57,1.0,direct_reuse
27525.0,3.0,11.3,114.9,23.2,0.92,60.0,direct_reuse
77297.0,4.9,26.4,23.6,35.7,8.06,138.0,direct_reuse
82477.0,13.5,66.8,56.3,70.4,21.15,28.0,treat_then_reuse
71697.0,6.4,84.1,3.9,378.1,6.58,8.0,direct_reuse
30765.0,18.9,36.7,3.0,308.5,19.14,93.0,direct_reuse
57671.0,2.6,136.0,20.8,221.8,0.67,38.0,treat_then_reuse
53193.0,2.0,18.4,32.4,86.2,0.21,67.0,direct_reuse
57130.0,46.3,6.6,74.7,348.1,1.54,1.0,treat_then_reuse
90219.0,30.4,57.0,10.2,85.0,4.69,20.0,direct_reuse
57326.0,5.2,5.6,25.3,189.8,0.15,174.0,direct_reuse
78845.0,13.4,13.4,24.3,274.0,0.49,27.0,direct_reuse
51395.0,33.7,37.2,17.2,649.7,0.57,51.0,direct_reuse
60017.0,19.6,22.6,18.4,94.4,2.62,13.0,direct_reuse
76260.0,15.4,21.1,7.2,67.4,2.22,14.0,direct_reuse
17676.0,36.1,9.5,28.1,417.6,0.6,100.0,direct_reuse
39192.0,7.0,24.3,25.4,454.4,2.08,4.0,direct_reuse
35268.0,13.8,54.8,11.8,55.3,0.37,4.0,direct_reuse
31344.0,13.2,24.9,44.7,29.8,0.95,6.0,direct_reuse
40433.0,10.5,12.6,69.0,384.1,0.32,13.0,direct_reuse
139589.0,9.5,9.0,45.3,16.5,1.36,1.0,direct_reuse
26740.0,14.4,12.8,5.7,15.6,0.58,36.0,direct_reuse
96548.0,13.9,33.6,22.6,74.8,4.05,10.0,direct_reuse
15093.0,5.2,32.3,6.7,100.8,1.59,44.0,direct_reuse
38777.0,27.7,12.9,22.6,28.1,1.23,1.0,direct_reuse
54936.0,5.6,4.2,6.8,114.9,16.42,44.0,direct_reuse
73892.0,11.1,34.3,93.0,120.7,2.71,90.0,direct_reuse
80649.0,10.3,12.0,51.4,53.1,1.02,24.0,disposal
85421.0,18.6,42.6,80.1,842.9,0.77,13.0,direct_reuse
38403.0,2.0,13.4,71.0,144.4,0.36,45.0,direct_reuse
35467.0,30.0,11.1,14.5,311.5,1.51,82.0,direct_reuse
89374.0,7.3,27.7,12.1,18.1,2.46,27.0,direct_reuse
42877.0,40.4,161.8,162.4,18.0,0.14,30.0,treat_then_reuse
20071.0,8.8,44.7,16.5,149.3,0.28,146.0,direct_reuse
22175.0,12.9,27.4,4.0,692.5,0.84,38.0,direct_reuse
25755.0,75.4,32.7,67.3,29.6,0.4,4.0,treat_then_reuse
69426.0,10.5,6.0,23.9,105.4,1.74,81.0,direct_reuse
54160.0,41.1,10.0,122.4,23.1,2.09,10.0,treat_then_reuse
79486.0,13.9,3.3,26.9,40.8,1.41,13.0,direct_reuse
36349.0,19.6,97.9,19.6,111.3,3.37,14.0,direct_reuse
54774.0,14.3,83.3,125.4,52.4,0.77,52.0,direct_reuse
75956.0,28.9,33.6,3.2,21.4,1.55,168.0,direct_reuse
39476.0,7.3,27.3,9.9,20.9,0.45,13.0,direct_reuse
67491.0,5.6,7.1,6.9,11.3,2.39,164.0,direct_reuse
30843.0,7.6,20.6,1.4,152.1,1.82,16.0,direct_reuse
38020.0,14.7,102.9,57.3,173.7,0.35,100.0,treat_then_reuse
37526.0,11.0,27.3,10.3,172.7,1.35,16.0,direct_reuse
21225.0,25.5,15.6,59.5,33.1,1.57,6.0,direct_reuse
68932.0,43.6,6.0,32.0,272.2,2.38,218.0,treat_then_reuse
35292.0,5.6,74.0,41.6,195.9,2.49,5.0,direct_reuse
49451.0,7.0,23.2,11.6,90.7,0.65,5.0,direct_reuse
68633.0,3.7,6.0,8.0,75.8,4.45,2.0,direct_reuse
67008.0,83.7,11.7,22.4,44.1,3.25,82.0,treat_then_reuse
78102.0,17.7,8.8,60.5,111.2,0.64,116.0,direct_reuse
45755.0,20.7,22.1,18.9,533.2,0.37,21.0,direct_reuse
36450.0,4.0,29.0,8.7,314.7,0.71,3.0,direct_reuse
46360.0,13.4,16.4,4.8,67.9,0.24,12.0,direct_reuse
15046.0,21.3,45.7,25.7,162.8,2.16,8.0,direct_reuse
17801.0,10.7,26.1,10.3,26.8,7.68,3.0,direct_reuse
19421.0,35.5,57.4,18.4,201.0,10.46,6.0,direct_reuse
24390.0,107.8,18.4,15.1,36.1,0.4,26.0,treat_then_reuse
64851.0,5.7,280.4,11.8,192.3,4.59,5.0,treat_then_reuse
26008.0,5.4,15.6,28.6,2359.0,1.84,19.0,direct_reuse
37620.0,6.1,11.9,39.1,48.1,0.07,1.0,direct_reuse
121718.0,57.1,10.8,212.4,2241.9,1.07,151.0,disposal
38201.0,34.4,20.7,49.9,154.4,0.93,7.0,direct_reuse
82147.0,11.9,6.2,136.0,39.5,7.96,45.0,direct_reuse
25501.0,13.9,31.1,7.5,37.5,0.53,16.0,direct_reuse
42455.0,6.5,5.3,2.9,1213.7,3.43,22.0,direct_reuse
25210.0,30.0,27.9,19.7,154.8,1.43,2.0,direct_reuse
38664.0,9.6,8.3,56.2,48.3,0.25,4.0,direct_reuse
88275.0,10.7,18.1,46.6,72.0,0.8,4.0,direct_reuse
14631.0,23.3,39.8,85.9,144.6,12.07,13.0,direct_reuse
66443.0,11.4,155.0,1.0,89.2,1.32,89.0,treat_then_reuse
57897.0,10.9,10.4,90.3,131.7,5.35,23.0,direct_reuse
32341.0,13.6,21.8,30.0,633.3,4.98,3.0,direct_reuse
17814.0,27.5,13.7,3.1,26.0,0.92,14.0,direct_reuse
51559.0,59.3,12.2,47.9,182.9,0.31,11.0,treat_then_reuse
33839.0,22.8,13.8,24.6,83.1,0.37,7.0,direct_reuse
57692.0,27.7,47.4,31.7,52.0,10.88,12.0,direct_reuse
49776.0,11.2,16.6,66.6,292.8,2.01,38.0,direct_reuse
150429.0,7.1,148.3,33.7,18.0,0.17,4.0,treat_then_reuse
41459.0,24.3,34.2,3.4,6.7,4.88,7.0,direct_reuse
23946.0,15.7,10.9,16.9,115.2,0.16,53.0,direct_reuse
55575.0,3.7,18.3,2.9,77.3,0.56,25.0,direct_reuse
57182.0,10.0,12.9,43.8,20.3,1.83,83.0,direct_reuse
126935.0,12.5,46.5,107.5,13.7,43.66,105.0,treat_then_reuse
87955.0,8.5,6.6,4.5,752.7,4.76,2.0,direct_reuse
62932.0,51.1,8.4,9.0,149.8,0.88,19.0,treat_then_reuse
136532.0,20.7,15.3,7.0,92.0,1.71,6.0,direct_reuse
21330.0,46.3,42.4,11.7,1007.0,5.45,2.0,treat_then_reuse
31325.0,17.1,65.8,32.9,277.1,10.47,4.0,direct_reuse
25627.0,14.5,74.0,11.8,630.3,1.19,8.0,direct_reuse
37314.0,5.8,37.5,43.9,24.6,1.24,8.0,direct_reuse
18701.0,13.6,23.0,72.1,23.6,0.56,5.0,direct_reuse
76466.0,13.6,46.3,75.3,177.5,3.91,12.0,direct_reuse
41959.0,3.9,9.8,5.2,142.0,6.26,478.0,direct_reuse
17508.0,8.3,5.6,106.0,355.9,0.13,1.0,direct_reuse
24079.0,10.1,34.8,116.7,15.0,0.98,67.0,direct_reuse
61051.0,19.5,11.0,129.4,195.2,0.34,12.0,direct_reuse
88141.0,20.4,23.3,16.6,267.3,2.01,6.0,direct_reuse
198335.0,8.0,27.0,8.1,252.1,0.33,1.0,disposal
300000.0,20.5,29.9,6.2,57.5,0.3,38.0,disposal
65518.0,11.4,51.9,5.4,159.3,7.1,1.0,direct_reuse
24522.0,1.0,47.7,20.4,38.4,1.33,42.0,direct_reuse
11021.0,8.7,28.7,55.6,65.2,1.53,166.0,direct_reuse
59124.0,35.6,17.2,96.3,28.6,2.89,2.0,disposal
27749.0,3.0,26.7,11.2,39.1,5.82,70.0,direct_reuse
36653.0,14.9,15.2,19.2,69.1,0.96,13.0,direct_reuse
31937.0,56.1,21.0,17.7,52.5,0.98,1.0,treat_then_reuse
44420.0,6.8,199.2,9.4,39.1,0.99,2.0,treat_then_reuse
103382.0,13.5,28.4,48.6,21.6,6.73,16.0,direct_reuse
54717.0,4.2,35.2,31.0,778.4,1.51,22.0,direct_reuse
43869.0,58.2,14.0,23.8,51.9,1.13,1.0,treat_then_reuse
23743.0,12.5,55.5,30.9,129.4,2.74,13.0,disposal
15180.0,14.0,45.1,42.0,13.0,17.83,42.0,direct_reuse
34877.0,45.6,45.3,41.5,400.8,1.82,54.0,treat_then_reuse
47210.0,24.4,29.1,7.3,108.2,1.16,7.0,direct_reuse
168983.0,6.1,56.1,58.9,55.2,20.61,24.0,treat_then_reuse
53701.0,7.5,67.9,27.3,55.8,9.29,61.0,direct_reuse
97530.0,21.0,30.8,11.9,234.2,7.69,44.0,direct_reuse
34561.0,7.7,22.4,26.6,3.5,0.86,46.0,direct_reuse
21387.0,2.0,50.2,30.4,36.4,0.76,14.0,direct_reuse
24945.0,12.8,11.9,73.6,79.0,0.15,11.0,direct_reuse
29506.0,3.6,13.8,5.7,78.0,5.78,18.0,direct_reuse
217494.0,57.7,23.5,98.5,1416.4,1.82,4.0,disposal
27585.0,15.8,6.1,20.7,62.1,0.16,65.0,direct_reuse
88163.0,6.0,47.6,10.9,267.5,7.86,1.0,direct_reuse
26055.0,7.2,11.4,10.5,660.4,1.06,6.0,direct_reuse
94099.0,2.5,16.8,6.0,188.2,1.25,12.0,direct_reuse
64181.0,5.0,20.7,2.5,42.9,0.23,25.0,direct_reuse
43930.0,33.6,25.3,45.3,21.9,3.13,33.0,direct_reuse
47642.0,100.3,18.6,216.4,204.4,3.17,114.0,treat_then_reuse
30997.0,25.9,23.2,2.9,549.8,1.55,14.0,direct_reuse
66987.0,12.4,23.4,6.4,164.1,0.96,4.0,direct_reuse
35650.0,9.1,17.2,49.5,349.6,50.12,10.0,treat_then_reuse
20787.0,5.7,13.2,19.0,1558.0,0.34,8.0,direct_reuse
20039.0,86.0,58.3,54.7,226.1,0.65,27.0,treat_then_reuse
55316.0,11.4,4.6,17.8,26.8,4.14,2.0,direct_reuse
148059.0,90.4,20.8,10.0,95.2,0.44,9.0,treat_then_reuse
54830.0,47.2,16.9,15.3,406.4,0.4,139.0,treat_then_reuse
45114.0,2.8,34.3,1.2,68.5,7.18,16.0,direct_reuse
59879.0,7.4,7.7,5.1,471.7,3.62,3.0,direct_reuse
122296.0,7.4,16.4,62.7,83.6,3.09,7.0,direct_reuse
57158.0,12.5,22.6,84.0,130.0,2.09,0.0,direct_reuse
36767.0,12.8,57.7,108.6,61.2,0.67,11.0,direct_reuse
106341.0,199.7,32.0,34.1,107.3,1.19,144.0,treat_then_reuse
66180.0,5.1,9.5,1.3,113.7,1.49,2.0,direct_reuse
143635.0,16.5,16.6,9.4,15.3,4.95,1.0,direct_reuse
55729.0,23.4,49.8,98.5,55.4,2.87,5.0,direct_reuse
20803.0,13.4,9.4,140.8,23.2,0.49,49.0,direct_reuse
18813.0,14.9,23.0,103.0,57.5,4.6,157.0,direct_reuse
155694.0,5.3,24.4,15.1,37.5,0.19,24.0,direct_reuse
163827.0,14.8,18.0,4.2,274.0,1.09,2.0,direct_reuse
43232.0,21.3,212.0,19.1,277.5,0.37,12.0,treat_then_reuse
37488.0,18.1,17.6,20.4,166.7,0.54,178.0,direct_reuse
136354.0,22.5,35.2,131.5,22.3,20.18,8.0,treat_then_reuse
22586.0,48.0,13.3,26.4,80.8,0.24,15.0,treat_then_reuse
26205.0,31.3,37.4,20.5,20.5,0.57,17.0,direct_reuse
76905.0,14.4,49.2,21.9,76.6,3.2,1.0,direct_reuse
37189.0,4.7,15.3,32.5,183.5,0.89,54.0,direct_reuse
48845.0,7.8,23.5,42.6,268.1,2.02,44.0,direct_reuse
43721.0,11.0,12.0,8.4,151.4,10.57,1.0,direct_reuse
62088.0,16.9,9.8,5.6,359.4,3.86,2.0,direct_reuse
131300.0,8.8,56.2,104.0,119.8,0.9,3.0,direct_reuse
52230.0,5.8,15.7,2.8,69.6,1.39,37.0,direct_reuse
76938.0,4.6,3.6,143.4,235.3,3.29,4.0,direct_reuse
11671.0,3.0,100.7,2.0,244.0,3.76,22.0,treat_then_reuse
47377.0,10.9,12.9,10.0,50.6,1.69,9.0,direct_reuse
27166.0,3.6,20.1,64.5,136.6,2.63,14.0,direct_reuse
20886.0,5.5,91.2,20.1,65.1,2.64,26.0,direct_reuse
26510.0,9.4,21.9,4.1,9.9,1.46,18.0,direct_reuse
38798.0,4.0,21.5,33.5,146.1,0.75,12.0,direct_reuse
93072.0,18.9,9.2,21.8,21.7,4.33,20.0,direct_reuse
19371.0,26.2,6.6,15.5,129.2,2.41,17.0,direct_reuse
50083.0,8.2,21.5,9.5,16.6,0.11,9.0,direct_reuse
34929.0,9.1,32.8,19.3,40.8,0.56,6.0,direct_reuse
38973.0,21.8,31.3,10.0,55.9,0.88,205.0,direct_reuse
98907.0,7.1,16.7,372.9,337.6,1.27,6.0,disposal
71445.0,6.7,24.9,15.1,50.1,7.89,95.0,direct_reuse
125014.0,39.5,5.6,12.8,27.6,105.96,4.0,treat_then_reuse
43996.0,29.8,35.5,10.5,134.4,0.07,41.0,direct_reuse
30117.0,23.1,27.9,169.4,70.9,2.45,177.0,direct_reuse
41911.0,31.0,119.0,2.8,214.8,1.8,7.0,treat_then_reuse
58090.0,2.3,24.7,30.9,29.6,1.3,4.0,direct_reuse
55470.0,45.5,11.5,15.1,113.5,3.34,6.0,treat_then_reuse
22947.0,19.2,23.6,3.6,1361.7,2.0,12.0,direct_reuse
52226.0,33.4,18.9,7.5,69.2,1.03,20.0,direct_reuse
57513.0,19.1,34.7,29.4,110.5,1.71,11.0,direct_reuse
285567.0,14.1,25.1,7.1,14.5,3.4,6.0,disposal
182370.0,10.5,9.0,27.4,35.2,3.0,229.0,disposal
26977.0,18.7,6.6,160.0,149.3,2.11,9.0,direct_reuse
40088.0,10.2,30.3,24.6,62.6,0.77,5.0,direct_reuse
17599.0,29.4,74.2,3.5,177.0,64.39,42.0,treat_then_reuse
32419.0,3.2,26.1,7.3,143.7,2.63,43.0,direct_reuse
61140.0,8.3,47.0,14.3,21.1,4.44,101.0,direct_reuse
114016.0,84.8,55.2,13.2,275.0,0.85,220.0,treat_then_reuse
29426.0,7.7,30.4,24.1,22.9,2.11,20.0,direct_reuse
31011.0,10.9,12.8,29.2,38.8,2.09,8.0,direct_reuse
10904.0,6.1,28.7,160.2,115.9,0.14,1.0,direct_reuse
43745.0,18.2,64.4,20.0,504.6,0.65,3.0,direct_reuse
23302.0,6.9,37.5,5.0,29.8,0.63,17.0,direct_reuse
33840.0,11.4,44.6,80.2,105.9,0.76,2.0,direct_reuse
26534.0,28.9,16.9,91.4,106.9,0.41,1.0,direct_reuse
45891.0,7.2,20.9,26.5,185.5,1.75,13.0,direct_reuse
14323.0,27.4,22.3,14.9,331.1,10.14,39.0,direct_reuse
17555.0,28.2,23.5,42.4,57.7,1.95,8.0,direct_reuse
217613.0,34.8,62.5,15.6,274.0,0.35,47.0,disposal
19907.0,15.3,3.8,1.7,388.9,0.43,31.0,direct_reuse
22748.0,248.9,25.1,39.5,640.6,1.01,68.0,treat_then_reuse
177343.0,34.8,23.0,58.6,156.4,0.26,317.0,direct_reuse
300000.0,18.0,8.2,113.2,107.0,2.45,615.0,disposal
21588.0,6.1,42.0,8.4,53.4,9.57,37.0,direct_reuse
37882.0,12.3,13.7,26.3,18.1,0.78,6.0,direct_reuse
62261.0,48.6,18.4,27.0,66.3,1.82,13.0,treat_then_reuse
164405.0,62.7,107.7,22.3,101.9,0.94,129.0,treat_then_reuse
24568.0,50.9,55.0,23.1,79.8,0.73,3.0,treat_then_reuse
41287.0,27.3,38.8,21.0,173.7,2.11,107.0,direct_reuse
84469.0,4.3,33.3,25.9,18.2,0.7,9.0,direct_reuse
66459.0,20.9,21.5,48.9,73.7,0.58,17.0,direct_reuse
37673.0,4.4,121.4,86.9,807.7,0.2,4.0,treat_then_reuse
44637.0,3.5,46.6,8.1,269.1,1.79,2.0,direct_reuse
18724.0,16.7,13.5,16.3,177.3,6.6,8.0,direct_reuse
41493.0,21.6,8.0,12.1,138.3,4.14,86.0,direct_reuse
40682.0,30.4,38.6,10.2,60.2,11.47,4.0,direct_reuse
57672.0,21.1,23.5,2.9,13.1,0.69,137.0,direct_reuse
33232.0,21.7,7.8,20.7,148.8,4.98,5.0,direct_reuse
68192.0,5.6,34.6,35.7,6.1,0.39,2.0,direct_reuse
99598.0,12.2,19.8,16.7,62.9,4.15,18.0,direct_reuse
54655.0,3.5,37.5,19.9,89.7,13.98,34.0,direct_reuse
62707.0,2.2,34.9,33.2,55.0,3.15,16.0,direct_reuse
50879.0,26.2,15.1,109.2,980.9,14.3,15.0,disposal
49024.0,6.8,40.7,12.1,669.7,0.76,135.0,direct_reuse
29582.0,29.5,16.5,4.9,280.4,1.38,14.0,direct_reuse
61178.0,36.5,17.4,18.0,32.5,0.5,6.0,direct_reuse
45794.0,7.7,16.0,192.5,745.1,1.72,2.0,disposal
212186.0,22.9,60.6,5.0,177.8,2.34,82.0,disposal
147465.0,7.4,19.6,43.8,31.9,1.71,6.0,direct_reuse
64221.0,2.6,73.5,80.6,93.3,0.89,7.0,direct_reuse
28735.0,15.0,102.2,1.2,258.4,0.87,59.0,treat_then_reuse
22501.0,8.8,13.6,32.9,46.6,2.58,265.0,direct_reuse
112848.0,9.1,2.4,41.4,105.1,1.34,18.0,direct_reuse
58919.0,79.7,56.6,14.6,127.5,0.37,10.0,treat_then_reuse
68604.0,3.4,18.7,9.2,26.8,0.14,12.0,direct_reuse
14455.0,19.0,12.3,9.9,66.9,0.76,6.0,direct_reuse
93827.0,5.5,15.3,13.5,29.1,0.27,7.0,direct_reuse
67379.0,30.5,17.6,14.0,234.1,0.56,7.0,direct_reuse
22532.0,17.6,69.3,11.1,33.2,0.95,48.0,direct_reuse
35240.0,18.9,27.9,13.3,124.1,1.36,11.0,direct_reuse
58959.0,5.8,68.5,83.8,19.5,0.69,94.0,direct_reuse
50855.0,6.8,36.4,4.7,25.9,28.46,10.0,treat_then_reuse
39954.0,31.0,19.2,2.5,24.5,0.32,7.0,direct_reuse
45595.0,66.3,18.0,85.5,65.5,7.94,83.0,treat_then_reuse
41094.0,20.7,38.4,16.0,109.8,1.33,13.0,direct_reuse
54546.0,6.0,47.3,12.6,134.5,0.7,10.0,direct_reuse
137317.0,18.3,54.5,17.6,12.8,3.54,13.0,direct_reuse
8130.0,119.7,19.9,25.8,74.8,0.92,110.0,treat_then_reuse
41531.0,14.8,28.2,10.7,39.4,0.58,19.0,direct_reuse
55468.0,50.2,39.1,36.9,162.0,16.89,79.0,treat_then_reuse
60307.0,6.9,18.0,6.3,67.1,0.1,9.0,direct_reuse
37785.0,13.0,9.9,14.0,82.4,1.2,62.0,direct_reuse
14333.0,23.5,12.9,1.4,39.7,2.11,17.0,direct_reuse
61673.0,19.3,20.2,82.0,600.1,10.28,46.0,direct_reuse
164250.0,6.8,41.7,16.3,21.9,0.98,52.0,direct_reuse
16752.0,6.5,67.2,44.9,58.0,52.42,3.0,treat_then_reuse
89741.0,32.8,8.3,35.6,101.3,4.42,14.0,direct_reuse
38950.0,39.3,15.2,38.9,68.3,0.08,51.0,direct_reuse
46961.0,52.5,18.4,19.9,38.8,0.25,65.0,treat_then_reuse
23458.0,68.3,46.3,32.0,12.3,2.24,80.0,treat_then_reuse
38789.0,15.2,16.1,6.3,42.1,0.37,14.0,direct_reuse
121787.0,10.2,17.4,4.9,31.3,3.36,123.0,direct_reuse
73707.0,45.4,7.9,17.8,570.9,0.91,5.0,treat_then_reuse
164821.0,25.6,36.1,8.9,1087.0,0.35,1.0,direct_reuse
111769.0,5.6,21.6,111.1,85.1,0.47,8.0,direct_reuse
66660.0,5.3,14.5,31.5,19.2,4.99,73.0,direct_reuse
166168.0,21.0,19.9,8.5,202.7,0.12,2.0,direct_reuse
66656.0,11.5,60.4,14.5,30.6,6.42,1.0,direct_reuse
87517.0,13.1,11.0,23.6,49.2,6.67,1.0,direct_reuse
39831.0,35.3,12.5,18.5,45.1,1.07,37.0,direct_reuse
51358.0,26.7,66.8,27.8,51.9,0.27,1.0,direct_reuse
30086.0,44.6,26.1,21.8,60.9,3.4,28.0,treat_then_reuse
97999.0,2.4,41.9,3.8,21.2,0.88,7.0,direct_reuse
21487.0,16.9,33.8,1.5,41.6,0.23,4.0,direct_reuse
84766.0,25.2,23.8,12.8,276.4,19.72,3.0,direct_reuse
42896.0,3.4,18.6,39.4,86.8,0.52,17.0,direct_reuse
111288.0,7.5,47.7,13.0,103.3,0.24,4.0,direct_reuse
82918.0,6.3,62.2,88.6,7.7,2.39,12.0,direct_reuse
175335.0,13.7,58.4,19.0,255.3,1.51,22.0,direct_reuse
81760.0,58.3,9.5,102.4,42.3,11.38,31.0,treat_then_reuse
16311.0,83.1,69.7,80.0,309.9,1.01,49.0,treat_then_reuse
46776.0,6.5,18.4,70.9,106.7,1.02,16.0,direct_reuse
21582.0,21.6,13.4,4.7,48.5,2.55,3.0,direct_reuse
34105.0,22.3,21.4,20.5,14.2,2.14,24.0,direct_reuse
141190.0,19.1,47.7,87.1,984.7,2.22,33.0,direct_reuse
76594.0,19.3,37.8,27.8,217.8,2.35,9.0,direct_reuse
30054.0,17.7,20.0,39.1,232.6,2.04,8.0,direct_reuse
24110.0,61.5,47.9,3.8,665.6,0.96,499.0,treat_then_reuse
50159.0,36.3,27.4,200.8,115.2,4.87,2.0,direct_reuse
20919.0,5.2,15.5,7.8,398.5,1.03,26.0,direct_reuse
30644.0,27.6,13.9,1.8,53.2,4.69,59.0,direct_reuse
60986.0,30.1,34.1,13.2,202.6,10.02,7.0,direct_reuse
110053.0,17.9,23.0,1.1,45.0,0.68,9.0,direct_reuse
75067.0,37.3,8.2,5.5,51.7,37.56,7.0,treat_then_reuse
9859.0,15.9,48.3,432.8,100.2,0.65,12.0,direct_reuse
60661.0,16.1,16.7,12.7,22.3,0.66,47.0,direct_reuse
51556.0,15.0,87.7,3.6,129.3,3.33,9.0,direct_reuse
65495.0,2.2,8.0,20.7,63.9,2.93,1295.0,direct_reuse
151956.0,12.5,21.2,6.8,10.1,1.81,6.0,direct_reuse
11565.0,7.4,14.0,56.7,54.4,4.78,96.0,direct_reuse
32410.0,4.6,11.2,6.9,61.6,2.29,28.0,direct_reuse
74134.0,48.9,16.6,27.8,230.0,24.18,14.0,treat_then_reuse
16202.0,21.2,101.1,5.1,123.2,1.54,111.0,treat_then_reuse
137746.0,13.1,27.5,454.3,442.4,0.54,1.0,direct_reuse
63440.0,8.1,13.0,36.8,159.5,0.8,23.0,direct_reuse
88664.0,17.6,5.7,16.9,48.9,3.04,4.0,direct_reuse
32871.0,32.9,6.2,14.1,84.4,3.1,6.0,direct_reuse
86650.0,6.4,16.0,10.3,61.4,2.16,6.0,direct_reuse
103562.0,13.4,14.8,8.1,154.0,0.55,3.0,direct_reuse
57700.0,29.4,20.5,7.8,96.1,6.97,1.0,direct_reuse
57762.0,2.4,4.0,150.5,45.1,20.45,22.0,treat_then_reuse
59233.0,12.8,22.8,10.3,90.9,1.71,11.0,direct_reuse
26787.0,9.1,55.8,1.6,149.5,17.35,8.0,direct_reuse
44211.0,11.9,89.9,5.0,29.8,5.08,38.0,direct_reuse
44057.0,8.6,5.4,61.1,127.6,29.5,24.0,treat_then_reuse
64111.0,15.2,12.9,14.8,15.9,3.05,8.0,direct_reuse
98704.0,76.0,12.4,17.1,303.7,1.97,1184.0,treat_then_reuse
23366.0,10.1,27.6,81.8,160.8,4.93,56.0,direct_reuse
44913.0,17.5,9.2,7.9,540.3,0.94,477.0,direct_reuse
138278.0,81.1,94.2,42.9,26.4,2.8,7.0,treat_then_reuse
29129.0,8.2,25.4,9.0,313.2,9.3,18.0,direct_reuse
27568.0,68.9,22.2,40.1,252.0,4.78,2.0,treat_then_reuse
56478.0,13.5,87.7,12.6,73.7,1.58,7.0,direct_reuse
88528.0,66.9,24.2,15.0,59.5,2.14,5.0,treat_then_reuse
49414.0,26.4,33.8,53.7,27.3,4.41,1089.0,direct_reuse
124278.0,17.8,13.5,49.3,20.5,4.23,4.0,direct_reuse
89300.0,12.7,8.2,16.5,39.4,4.37,9.0,direct_reuse
88369.0,7.7,15.1,11.4,22.6,2.56,1.0,direct_reuse
72250.0,14.4,141.1,136.9,520.8,0.56,27.0,disposal
250035.0,30.2,40.7,40.7,17.2,0.69,3.0,disposal
42463.0,13.3,30.6,12.6,106.0,3.0,48.0,direct_reuse
12059.0,10.1,11.2,9.2,145.4,4.86,1.0,direct_reuse
150690.0,10.7,50.9,68.7,133.4,4.11,10.0,direct_reuse
35583.0,32.9,8.3,23.1,146.9,0.69,1.0,direct_reuse
52866.0,40.6,7.0,16.5,254.9,1.35,6.0,treat_then_reuse
122600.0,7.4,15.7,23.1,55.1,0.36,8.0,direct_reuse
15969.0,7.4,117.2,30.1,99.1,0.27,5.0,treat_then_reuse
20411.0,18.9,112.0,18.8,65.2,1.83,6.0,treat_then_reuse
15980.0,53.2,17.1,85.2,377.2,9.64,52.0,treat_then_reuse
28116.0,37.8,14.3,91.0,906.7,1.88,318.0,direct_reuse
66686.0,4.4,6.6,38.0,24.2,19.7,20.0,direct_reuse
70752.0,10.6,26.1,104.5,9.6,1.33,3.0,direct_reuse
59480.0,5.8,27.9,20.3,168.3,1.72,13.0,direct_reuse
18234.0,10.6,46.1,46.0,292.2,0.45,7.0,direct_reuse
9730.0,57.1,50.8,67.0,774.9,1.05,46.0,treat_then_reuse
50922.0,3.7,20.9,68.2,202.7,0.35,19.0,direct_reuse
35234.0,3.1,38.3,60.3,417.9,0.22,1.0,direct_reuse
67614.0,6.4,14.0,42.8,559.0,0.36,63.0,direct_reuse
80127.0,17.4,37.7,210.3,450.9,1.84,52.0,direct_reuse
54002.0,23.5,16.3,10.5,237.3,0.63,115.0,direct_reuse
83458.0,20.0,35.4,16.7,22.0,0.86,6.0,direct_reuse
57552.0,38.8,33.2,15.5,89.2,2.81,19.0,direct_reuse
71043.0,2.8,25.9,12.9,125.2,0.22,2.0,direct_reuse
29933.0,39.2,46.3,1.8,80.7,1.83,11.0,direct_reuse
43229.0,10.2,7.0,104.6,86.3,4.97,22.0,direct_reuse
56260.0,26.0,10.5,5.9,504.7,5.56,5.0,direct_reuse
87061.0,4.1,19.8,24.6,39.2,3.23,20.0,direct_reuse
37212.0,13.5,7.7,3.6,216.8,1.54,16.0,treat_then_reuse
70602.0,16.7,17.7,42.3,127.5,0.73,6.0,direct_reuse
40697.0,38.1,18.2,7.8,35.0,1.48,99.0,direct_reuse
45149.0,3.2,69.9,5.1,27.5,14.15,9.0,direct_reuse
87611.0,13.8,27.5,25.4,13.9,2.35,15.0,direct_reuse
12147.0,5.1,55.9,8.7,153.6,1.43,1.0,direct_reuse
19781.0,21.2,31.2,10.1,84.0,3.43,27.0,direct_reuse
17369.0,27.1,16.0,24.7,36.3,1.76,6.0,direct_reuse
9571.0,42.9,27.3,52.5,11.4,2.21,51.0,treat_then_reuse
30492.0,8.3,44.0,7.5,144.9,1.2,2.0,direct_reuse
82835.0,31.0,63.7,6.1,74.4,0.96,23.0,direct_reuse
40158.0,45.8,22.1,20.7,41.1,6.02,0.0,treat_then_reuse
56300.0,3.1,6.6,38.4,31.2,0.13,31.0,direct_reuse
105077.0,23.4,6.2,116.2,69.2,3.07,9.0,direct_reuse
124167.0,31.9,18.9,5.6,151.0,0.89,22.0,direct_reuse
46705.0,10.7,3.8,13.7,62.6,0.14,5.0,direct_reuse
126438.0,4.5,103.1,82.3,24.4,0.46,3.0,treat_then_reuse
52286.0,31.5,39.5,214.4,84.4,1.57,6.0,direct_reuse
27278.0,4.6,14.8,6.1,284.3,1.88,16.0,direct_reuse
32335.0,11.5,10.1,8.3,94.1,4.31,29.0,direct_reuse
17390.0,13.0,55.8,31.7,97.1,4.71,19.0,direct_reuse
26326.0,25.6,10.1,10.0,62.9,0.22,3.0,direct_reuse
38154.0,7.7,10.9,8.1,33.8,2.69,192.0,direct_reuse
86035.0,7.3,13.3,26.9,32.6,4.25,20.0,direct_reuse
163495.0,14.7,26.9,128.9,14.5,2.19,5.0,direct_reuse
18629.0,33.3,40.3,4.2,330.1,3.17,23.0,direct_reuse
64536.0,105.5,63.7,121.3,149.7,0.13,18.0,treat_then_reuse
23662.0,3.5,56.6,10.1,98.6,0.46,9.0,direct_reuse
68343.0,17.9,24.5,30.4,124.6,9.74,8.0,direct_reuse
44723.0,5.1,55.5,135.5,130.8,1.15,53.0,direct_reuse
13607.0,33.7,14.3,29.7,40.1,29.67,163.0,treat_then_reuse
93883.0,5.8,5.7,14.1,62.9,0.31,1.0,direct_reuse
32096.0,7.3,14.3,47.6,53.4,12.59,77.0,direct_reuse
33734.0,7.9,12.9,16.3,1425.9,0.75,13.0,direct_reuse
23183.0,12.6,14.8,37.5,276.5,5.06,17.0,direct_reuse
31008.0,18.0,11.4,15.7,108.3,1.12,93.0,direct_reuse
66140.0,20.8,17.0,56.5,404.5,1.92,0.0,direct_reuse
42939.0,13.4,40.3,3.8,352.0,3.58,41.0,direct_reuse
61701.0,4.1,96.8,6.0,19.7,0.74,83.0,direct_reuse
63155.0,25.9,6.2,3.7,70.4,4.67,4.0,direct_reuse
123558.0,12.8,8.8,18.8,88.4,1.17,2.0,direct_reuse
38563.0,38.3,13.0,3.2,176.4,2.08,143.0,direct_reuse
17434.0,7.1,45.3,8.8,70.4,0.05,1.0,direct_reuse
103472.0,3.2,20.8,5.3,80.8,1.06,23.0,direct_reuse
38869.0,13.1,13.7,118.6,54.2,8.52,57.0,direct_reuse
106960.0,43.2,43.5,6.1,285.4,4.07,22.0,treat_then_reuse
64111.0,15.6,52.7,4.3,18.4,5.22,28.0,direct_reuse
44721.0,11.2,24.2,27.1,56.3,1.77,8.0,direct_reuse
62576.0,6.2,12.8,152.0,11.8,14.57,24.0,direct_reuse
192088.0,65.5,30.5,17.5,29.0,2.4,4.0,disposal
209795.0,5.3,20.4,19.2,127.6,0.7,5.0,disposal
51460.0,7.0,20.2,94.5,130.3,5.01,13.0,direct_reuse
54838.0,22.5,16.3,57.6,63.8,5.47,1.0,direct_reuse
104127.0,2.5,51.4,33.5,309.9,3.74,29.0,direct_reuse
27120.0,42.4,30.0,10.0,399.2,0.98,0.0,treat_then_reuse
61892.0,23.6,56.2,34.7,83.4,2.38,21.0,direct_reuse
48141.0,30.2,71.5,3.9,118.6,10.09,24.0,direct_reuse
61068.0,22.2,35.4,9.5,54.7,3.07,4.0,direct_reuse
27355.0,11.6,16.4,111.9,179.4,0.24,2.0,direct_reuse
16112.0,5.2,56.4,95.8,24.2,0.73,7.0,direct_reuse
11486.0,11.9,35.6,34.0,649.0,0.69,32.0,direct_reuse
22423.0,5.6,196.9,2.0,315.4,0.62,20.0,treat_then_reuse
35558.0,20.9,31.4,4.7,24.1,0.11,2.0,direct_reuse
39925.0,27.8,42.9,8.9,37.8,19.25,14.0,direct_reuse
190244.0,50.9,30.9,16.3,143.1,0.53,18.0,disposal
106319.0,18.8,22.7,4.5,62.0,0.58,17.0,direct_reuse
24998.0,30.9,19.9,14.9,163.9,0.13,3.0,direct_reuse
62530.0,10.3,31.0,167.5,60.6,5.09,15.0,direct_reuse
36866.0,8.8,37.2,32.5,481.7,1.47,48.0,direct_reuse
40173.0,20.6,61.8,26.1,90.8,1.04,27.0,direct_reuse
55811.0,9.5,31.4,5.9,1290.3,1.12,23.0,direct_reuse
75616.0,17.2,16.9,2.8,174.7,3.54,143.0,direct_reuse
38658.0,5.2,18.9,4.6,20.4,0.88,16.0,direct_reuse
103228.0,6.1,8.5,2.7,893.5,0.12,3.0,direct_reuse
22041.0,23.9,92.7,22.0,301.4,0.31,3.0,direct_reuse
49239.0,29.9,15.9,31.8,136.8,0.29,16.0,disposal
300000.0,5.5,53.2,6.3,183.3,2.36,1.0,disposal
57306.0,24.6,30.6,24.0,24.3,5.52,8.0,direct_reuse
133686.0,8.3,31.3,117.1,12.4,11.08,24.0,direct_reuse
52264.0,13.7,22.3,210.4,86.0,0.2,71.0,direct_reuse
73611.0,48.2,13.1,50.6,410.2,3.69,1.0,treat_then_reuse
47111.0,27.8,11.3,16.3,139.1,0.74,14.0,direct_reuse
43509.0,27.6,97.8,48.7,590.0,73.74,11.0,treat_then_reuse
28406.0,75.0,26.9,101.7,385.0,9.96,13.0,treat_then_reuse
66251.0,7.1,60.4,1.8,92.1,15.07,15.0,direct_reuse
27009.0,5.5,74.3,118.9,331.0,4.68,12.0,direct_reuse
78113.0,7.0,17.7,10.4,480.5,2.71,98.0,direct_reuse
104789.0,10.7,34.4,10.6,82.4,0.98,79.0,direct_reuse
63359.0,1.6,25.4,13.1,71.2,0.76,303.0,direct_reuse
40120.0,11.2,9.7,29.5,105.1,0.58,12.0,direct_reuse
67358.0,8.2,21.1,5.3,6.3,3.68,7.0,direct_reuse
39495.0,27.3,39.3,14.3,122.5,12.53,3.0,direct_reuse
94361.0,18.5,16.5,37.7,198.8,1.04,6.0,direct_reuse
13603.0,7.8,18.9,26.1,105.5,0.64,36.0,direct_reuse
38757.0,22.9,21.4,31.7,131.5,0.24,45.0,direct_reuse
12166.0,25.8,132.9,13.6,85.8,2.27,34.0,treat_then_reuse
17214.0,6.7,5.7,46.2,10.0,8.15,4.0,direct_reuse
127351.0,8.6,36.6,71.4,560.5,8.7,5.0,direct_reuse
91732.0,1.8,20.0,66.4,60.1,9.89,229.0,direct_reuse
29625.0,5.0,14.7,33.6,45.6,2.83,3.0,direct_reuse
17124.0,6.9,19.6,62.0,400.9,1.85,102.0,direct_reuse
6154.0,14.4,41.8,57.1,264.2,8.73,22.0,direct_reuse
33508.0,5.7,43.8,498.6,121.6,0.39,4.0,direct_reuse
266810.0,8.5,28.5,86.6,209.8,0.93,2.0,disposal
66464.0,4.5,58.8,18.1,25.3,15.24,4.0,direct_reuse
33133.0,15.7,67.7,6.7,82.4,0.41,23.0,direct_reuse
67884.0,19.7,47.1,14.7,374.0,1.58,3.0,direct_reuse
16438.0,19.3,15.8,13.5,42.7,3.75,125.0,direct_reuse
39810.0,13.6,36.4,37.1,30.0,1.84,9.0,direct_reuse
52556.0,3.4,36.6,8.7,98.1,7.35,35.0,direct_reuse
46154.0,7.7,12.8,84.0,100.7,11.98,31.0,direct_reuse
85269.0,9.3,7.0,3.8,183.5,3.08,139.0,direct_reuse
62396.0,9.4,4.9,2.8,19.8,10.05,6.0,direct_reuse
78263.0,14.4,25.9,17.1,5.5,0.49,14.0,direct_reuse
30277.0,48.6,31.1,7.3,248.0,1.34,1.0,treat_then_reuse
91901.0,28.0,9.5,4.4,27.4,37.59,14.0,treat_then_reuse
153316.0,5.5,56.6,9.4,46.0,20.61,67.0,treat_then_reuse
24857.0,24.8,27.7,8.1,8.2,0.31,17.0,direct_reuse
26334.0,24.0,72.2,20.3,277.3,1.62,391.0,direct_reuse
124873.0,6.5,33.0,9.5,132.3,1.97,27.0,direct_reuse
42876.0,28.9,10.5,10.5,126.6,2.83,5.0,direct_reuse
130964.0,11.7,35.4,20.0,125.7,8.64,24.0,direct_reuse
35962.0,3.8,41.9,67.8,9.3,18.01,1.0,direct_reuse
135745.0,20.3,15.8,117.3,30.5,1.73,4.0,direct_reuse
53747.0,16.4,7.7,24.0,54.8,7.09,2.0,direct_reuse
58733.0,11.0,26.6,26.3,39.5,3.83,12.0,direct_reuse
146576.0,13.0,11.0,16.1,66.8,1.6,11.0,direct_reuse
38054.0,7.0,60.1,35.8,118.0,0.18,74.0,direct_reuse
25367.0,23.3,17.7,32.1,272.3,6.2,11.0,direct_reuse
35811.0,12.9,97.5,98.6,17.7,3.62,3.0,direct_reuse
67281.0,15.6,4.5,2.1,89.1,2.74,126.0,direct_reuse
16382.0,18.6,27.3,15.2,196.9,0.46,0.0,direct_reuse
76591.0,4.8,77.0,30.2,32.6,21.05,13.0,treat_then_reuse
33619.0,6.0,12.0,19.5,72.8,2.01,17.0,direct_reuse
109477.0,1.8,21.6,6.5,150.4,0.37,12.0,direct_reuse
9173.0,22.4,17.8,4.2,91.1,0.3,26.0,direct_reuse
28266.0,4.5,14.2,52.9,189.0,3.98,14.0,direct_reuse
15055.0,15.2,29.8,8.1,99.9,4.13,26.0,direct_reuse
27492.0,18.8,8.7,2.4,63.9,0.9,5.0,direct_reuse
58301.0,23.2,22.4,56.1,24.8,3.01,1.0,direct_reuse
43241.0,4.6,37.1,34.8,118.1,3.93,11.0,direct_reuse
41054.0,12.7,20.7,17.5,100.5,1.98,3.0,direct_reuse
43852.0,60.5,11.0,6.7,30.2,0.66,4.0,treat_then_reuse
56521.0,63.0,55.9,17.5,170.8,5.75,70.0,treat_then_reuse
24198.0,32.7,44.0,86.4,363.1,4.9,126.0,direct_reuse
80402.0,18.2,10.7,2.9,43.5,3.45,68.0,direct_reuse
77953.0,5.4,8.7,3.1,40.4,0.56,51.0,direct_reuse
64185.0,25.7,11.5,9.5,38.8,0.29,13.0,direct_reuse
72372.0,11.7,37.9,19.5,14.2,1.82,56.0,direct_reuse
60324.0,22.3,30.6,11.1,816.4,5.52,21.0,direct_reuse
203730.0,7.6,46.2,43.4,54.9,6.38,226.0,disposal
46121.0,11.5,18.9,74.2,35.0,3.52,3.0,direct_reuse
39539.0,15.6,11.7,28.1,26.1,0.92,33.0,direct_reuse
28927.0,16.8,51.2,39.4,58.7,0.58,2.0,direct_reuse
23799.0,21.0,15.8,27.8,41.9,1.61,34.0,direct_reuse
20514.0,8.0,28.5,20.3,437.9,1.63,1.0,direct_reuse
26314.0,4.0,7.1,4.3,22.8,6.96,2.0,direct_reuse
46654.0,58.1,15.6,5.8,16.6,0.88,2.0,treat_then_reuse
61945.0,126.5,55.0,4.0,165.2,0.98,18.0,treat_then_reuse
50808.0,20.1,13.8,16.8,80.0,23.84,21.0,treat_then_reuse
28685.0,4.1,47.1,26.5,70.4,12.39,481.0,direct_reuse
92054.0,6.7,3.8,3.5,166.6,0.52,11.0,direct_reuse
82256.0,21.3,15.7,21.9,104.6,11.13,39.0,direct_reuse
43838.0,45.0,21.4,7.0,85.5,0.38,16.0,treat_then_reuse
31038.0,4.5,98.9,5.6,19.2,0.94,34.0,direct_reuse
71962.0,12.0,9.6,9.5,14.4,1.09,15.0,direct_reuse
55915.0,16.1,42.0,5.2,41.7,1.49,63.0,direct_reuse
17789.0,29.3,57.1,41.6,27.3,3.69,3.0,direct_reuse
46743.0,9.9,13.8,16.4,121.0,1.89,0.0,treat_then_reuse
58890.0,3.3,18.2,53.4,12.4,3.67,23.0,direct_reuse
26114.0,23.5,27.5,11.8,55.0,0.98,1.0,direct_reuse
55988.0,37.1,7.5,12.3,74.4,2.68,87.0,direct_reuse
17705.0,12.5,17.0,190.2,86.2,1.83,5.0,direct_reuse
124908.0,19.4,68.1,2.9,139.6,0.27,3.0,direct_reuse
117426.0,8.8,37.3,93.8,62.9,3.09,700.0,direct_reuse
41078.0,6.3,21.6,146.3,43.2,1.87,12.0,direct_reuse
63223.0,33.9,26.9,50.3,353.9,0.65,9.0,treat_then_reuse
9073.0,19.1,39.0,13.5,63.3,0.95,37.0,direct_reuse
21819.0,20.9,45.5,111.3,428.8,0.98,41.0,direct_reuse
39909.0,52.0,15.7,13.7,63.0,1.2,67.0,treat_then_reuse
23144.0,5.2,83.7,8.6,88.4,16.23,2.0,direct_reuse
80828.0,8.2,70.3,12.6,77.3,24.96,27.0,treat_then_reuse
198413.0,15.5,42.2,10.1,116.1,0.05,8.0,disposal
21512.0,8.1,12.5,6.4,56.7,3.11,3.0,direct_reuse
27276.0,27.2,10.8,76.1,100.1,5.71,13.0,direct_reuse
57804.0,11.4,18.9,7.9,484.9,1.24,1.0,direct_reuse
151415.0,5.5,25.8,19.4,285.4,5.51,49.0,direct_reuse
20834.0,14.3,6.0,3.6,287.5,14.16,8.0,direct_reuse
58356.0,15.7,36.4,20.8,20.6,0.28,6.0,direct_reuse
175415.0,31.2,68.7,5.0,24.6,1.96,10.0,direct_reuse
15425.0,19.2,38.9,4.9,114.4,20.98,9.0,treat_then_reuse
19995.0,20.4,14.3,17.6,210.1,0.33,67.0,direct_reuse
36442.0,18.0,13.0,71.4,50.9,1.42,2.0,direct_reuse
34050.0,11.4,31.2,34.1,41.8,0.92,7.0,direct_reuse
86580.0,7.1,21.7,37.0,417.1,6.47,9.0,direct_reuse
58056.0,17.5,35.0,17.2,191.4,7.76,2.0,direct_reuse
14151.0,10.0,39.7,13.4,288.2,2.04,15.0,direct_reuse
70318.0,61.6,58.8,51.9,55.4,1.72,4.0,treat_then_reuse
32719.0,45.1,9.9,10.2,50.8,0.18,1.0,treat_then_reuse
119625.0,23.8,29.3,54.7,255.6,10.48,27.0,direct_reuse
31593.0,18.9,18.3,88.5,67.4,1.04,124.0,direct_reuse
31394.0,12.4,22.7,7.3,46.0,1.37,13.0,direct_reuse
71596.0,4.3,49.0,8.7,33.0,5.83,10.0,direct_reuse
83621.0,11.1,53.4,10.4,51.3,2.13,10.0,direct_reuse
67082.0,14.8,75.1,3.5,235.7,6.08,6.0,direct_reuse
15064.0,16.6,34.5,11.4,17.1,3.61,70.0,direct_reuse
71441.0,20.5,22.5,95.7,179.8,2.15,14.0,direct_reuse
23765.0,30.9,20.0,5.7,41.3,2.47,0.0,direct_reuse
57797.0,7.2,6.1,98.5,71.4,0.38,74.0,direct_reuse
18095.0,7.3,71.6,11.9,76.6,1.36,51.0,direct_reuse
66998.0,49.7,19.0,253.9,70.6,6.75,30.0,treat_then_reuse
27872.0,26.9,36.8,8.9,65.6,0.51,0.0,direct_reuse
19973.0,9.5,42.2,16.9,55.2,0.65,12.0,direct_reuse
80795.0,12.2,9.1,6.7,48.0,0.53,47.0,direct_reuse
58055.0,12.3,11.7,8.8,384.4,2.01,22.0,direct_reuse
31895.0,13.9,84.6,100.1,92.5,10.21,17.0,direct_reuse
135378.0,20.6,30.9,35.5,78.4,3.36,47.0,direct_reuse
36010.0,131.8,15.4,69.0,44.3,0.1,15.0,treat_then_reuse
50135.0,16.0,22.2,4.1,57.5,3.83,74.0,direct_reuse
59174.0,24.4,58.5,44.1,44.5,0.93,16.0,direct_reuse
31769.0,3.0,51.8,6.3,208.9,3.2,14.0,direct_reuse
68172.0,8.7,7.6,4.0,39.3,1.36,46.0,direct_reuse
33745.0,40.7,90.7,26.7,7.6,0.54,7.0,treat_then_reuse
36749.0,19.3,53.1,26.4,96.0,1.5,2.0,direct_reuse
127242.0,1.0,21.7,21.4,66.2,0.93,12.0,direct_reuse
23661.0,24.7,9.5,47.5,47.3,2.46,30.0,direct_reuse
9055.0,75.7,57.0,57.3,245.4,0.52,49.0,treat_then_reuse
151396.0,2.2,35.9,117.2,4.5,0.38,49.0,treat_then_reuse
292006.0,52.8,7.6,4.8,509.7,4.27,11.0,disposal
36913.0,1.1,20.4,121.8,287.2,6.97,9.0,direct_reuse
12635.0,31.3,299.1,192.2,45.1,3.5,5.0,treat_then_reuse
39445.0,13.4,24.9,12.9,54.8,0.71,18.0,direct_reuse
40121.0,1.6,13.6,2.7,156.8,0.63,1.0,direct_reuse
42918.0,20.1,10.9,3.8,161.5,0.68,13.0,direct_reuse
22486.0,37.9,101.3,11.5,44.8,5.25,875.0,treat_then_reuse
73548.0,18.7,48.3,225.2,15.2,0.56,1.0,direct_reuse
70768.0,22.8,75.6,20.5,920.6,5.2,15.0,direct_reuse
17222.0,9.3,29.9,9.6,257.7,3.77,21.0,direct_reuse
79972.0,2.5,66.9,8.8,107.0,8.24,26.0,direct_reuse
206257.0,25.1,12.4,4.1,109.2,6.57,3.0,disposal
55291.0,65.0,27.9,57.4,178.3,3.34,26.0,treat_then_reuse
38711.0,37.2,30.9,18.0,203.4,0.24,5.0,direct_reuse
44382.0,2.2,74.1,249.6,9.1,3.64,1.0,direct_reuse
75409.0,3.4,31.7,42.7,61.2,1.92,51.0,direct_reuse
14596.0,6.3,14.9,54.4,54.6,1.01,33.0,direct_reuse
54999.0,3.2,25.8,15.0,75.4,9.69,3.0,direct_reuse
37297.0,14.0,6.4,5.4,210.2,1.35,5.0,direct_reuse
178702.0,19.2,3.8,7.0,12.6,0.83,5.0,direct_reuse
43394.0,3.7,47.7,3.9,20.4,7.11,1.0,direct_reuse
157554.0,27.1,18.2,59.9,42.5,0.97,38.0,direct_reuse
22638.0,23.1,19.9,12.7,106.7,0.78,40.0,direct_reuse
73945.0,8.2,47.7,63.0,224.8,0.38,7.0,direct_reuse
61303.0,11.5,75.0,23.6,541.6,0.57,12.0,direct_reuse
26680.0,2.3,37.6,14.1,65.7,0.63,14.0,direct_reuse
55502.0,10.0,114.7,4.9,224.4,3.7,18.0,treat_then_reuse
114550.0,13.6,36.7,28.8,196.6,0.44,2.0,direct_reuse
39079.0,15.7,31.2,15.5,163.3,0.15,25.0,direct_reuse
14997.0,18.9,29.7,59.3,87.6,2.45,2.0,treat_then_reuse
48422.0,16.8,8.8,8.5,58.0,0.72,34.0,direct_reuse
26064.0,10.6,52.7,42.1,27.9,1.61,2.0,direct_reuse
38575.0,17.4,3.5,143.9,25.9,8.73,2.0,direct_reuse
46300.0,33.2,15.3,27.9,131.9,1.81,12.0,direct_reuse
14854.0,12.4,25.0,51.5,84.8,11.73,11.0,direct_reuse
15820.0,17.9,13.0,39.9,57.0,1.51,14.0,direct_reuse
68696.0,11.4,17.1,195.9,187.0,6.1,3.0,direct_reuse
33999.0,7.5,106.9,31.4,72.2,0.81,17.0,treat_then_reuse
8141.0,21.6,59.3,46.5,33.0,1.9,19.0,direct_reuse
84914.0,8.2,14.2,19.2,67.1,0.49,70.0,direct_reuse
59317.0,19.1,16.8,7.9,222.0,0.57,16.0,direct_reuse
29741.0,13.8,8.8,4.7,29.2,1.23,5.0,direct_reuse
19501.0,10.2,43.1,91.9,113.3,0.29,2.0,direct_reuse
87998.0,10.0,20.1,6.0,84.7,2.03,1.0,direct_reuse
62602.0,8.5,5.1,49.2,39.0,1.11,20.0,direct_reuse
259840.0,3.1,26.6,33.1,65.2,2.24,40.0,disposal
65784.0,19.0,34.9,60.4,16.0,0.3,3.0,direct_reuse
64305.0,16.6,53.0,10.8,101.6,4.11,18.0,direct_reuse
43615.0,28.9,23.1,7.8,20.1,14.98,9.0,direct_reuse
86833.0,8.3,18.2,31.6,292.9,11.39,36.0,direct_reuse
75929.0,74.1,120.2,14.1,81.4,19.59,45.0,treat_then_reuse
117737.0,9.6,24.7,4.6,48.0,1.74,0.0,direct_reuse
34033.0,6.1,43.6,205.7,322.7,1.04,57.0,direct_reuse
36142.0,5.5,15.9,7.8,28.9,3.11,18.0,direct_reuse
35053.0,2.8,42.6,6.1,39.5,1.21,5.0,direct_reuse
85269.0,53.5,7.7,15.0,12.0,0.17,6.0,treat_then_reuse
139925.0,46.2,17.0,90.3,380.1,4.78,13.0,treat_then_reuse
35554.0,23.1,9.3,1.5,706.4,1.22,6.0,direct_reuse
36412.0,6.0,15.1,81.8,14.3,0.24,3.0,direct_reuse
61075.0,68.7,66.7,6.7,36.7,0.85,4.0,treat_then_reuse
41273.0,9.8,15.0,27.6,97.2,1.25,3.0,direct_reuse
95458.0,10.6,43.6,8.9,51.0,1.67,92.0,direct_reuse
10135.0,49.1,82.6,219.3,87.0,1.7,13.0,treat_then_reuse
27483.0,24.4,24.0,23.3,79.1,9.77,358.0,direct_reuse
28348.0,97.6,54.3,8.6,140.9,0.31,21.0,treat_then_reuse
9660.0,16.8,37.5,14.0,31.3,1.35,29.0,direct_reuse
24971.0,9.4,26.9,22.4,111.3,0.53,2.0,direct_reuse
25833.0,7.8,44.7,24.9,26.4,8.44,9.0,direct_reuse
42584.0,2.6,106.9,34.0,57.2,0.79,14.0,treat_then_reuse
106839.0,10.5,14.7,20.1,13.3,1.05,5.0,direct_reuse
41293.0,37.7,11.4,3.8,57.7,6.45,6.0,direct_reuse
23824.0,23.1,10.9,13.4,47.9,9.23,23.0,direct_reuse
47105.0,13.7,54.4,41.6,254.2,11.18,24.0,direct_reuse
102173.0,5.5,60.6,9.0,84.3,0.19,2.0,direct_reuse
24756.0,16.5,16.0,45.0,103.0,3.09,19.0,direct_reuse
25916.0,33.5,4.4,20.9,87.8,2.34,28.0,direct_reuse
72474.0,19.8,14.3,15.5,8.7,1.54,5.0,direct_reuse
41979.0,15.6,38.0,84.2,10.0,1.8,4.0,direct_reuse
77129.0,6.6,23.3,2.5,63.4,8.77,24.0,direct_reuse
48555.0,29.4,28.3,8.9,122.3,6.36,0.0,direct_reuse
80111.0,1.0,16.1,88.1,69.5,5.29,12.0,direct_reuse
23753.0,19.0,55.2,180.6,34.8,2.16,141.0,direct_reuse
48608.0,136.1,32.3,312.1,69.1,31.56,0.0,treat_then_reuse
42299.0,3.5,39.2,21.3,62.8,0.98,42.0,direct_reuse
20929.0,10.8,27.9,34.8,212.1,0.2,28.0,direct_reuse
16409.0,13.4,37.3,53.6,199.4,1.17,1.0,direct_reuse
79223.0,8.9,35.4,92.8,49.0,1.78,27.0,direct_reuse
38343.0,34.2,11.7,29.2,85.2,8.97,55.0,direct_reuse
23966.0,20.6,33.1,61.0,122.0,0.85,2.0,direct_reuse
45829.0,15.4,46.2,34.9,143.6,3.12,4.0,direct_reuse
107970.0,27.6,61.8,37.6,554.4,0.24,13.0,direct_reuse
9932.0,13.7,34.2,6.7,87.3,6.73,53.0,direct_reuse
17195.0,235.5,11.3,13.5,325.6,1.8,5.0,treat_then_reuse
25693.0,15.4,12.8,10.7,25.1,1.14,11.0,direct_reuse
136329.0,16.1,17.3,4.8,44.6,26.34,4.0,treat_then_reuse
59743.0,2.9,28.5,2.8,8.6,6.63,13.0,direct_reuse
83878.0,8.3,22.2,12.1,106.3,0.43,59.0,direct_reuse
22068.0,37.8,10.0,14.6,183.5,1.43,14.0,direct_reuse
22389.0,4.0,9.9,22.8,5.4,57.81,7.0,treat_then_reuse
67068.0,1.9,4.6,39.1,110.7,21.6,12.0,treat_then_reuse
51062.0,13.9,2.0,25.2,175.0,5.47,4.0,direct_reuse
71978.0,46.2,22.1,14.8,164.3,0.15,3.0,treat_then_reuse
42986.0,14.0,157.0,6.7,24.2,9.32,74.0,treat_then_reuse
59558.0,9.9,103.3,57.5,210.7,0.72,142.0,treat_then_reuse
54758.0,2.5,11.2,17.8,90.9,9.21,1.0,direct_reuse
84494.0,20.2,27.7,11.9,172.5,0.64,29.0,direct_reuse
86241.0,24.4,7.6,16.1,78.4,3.11,44.0,direct_reuse
15774.0,2.7,8.6,8.3,136.9,0.72,2.0,direct_reuse
10167.0,37.4,9.4,10.6,305.0,1.03,6.0,direct_reuse
98836.0,26.8,20.5,10.2,71.9,3.7,5.0,direct_reuse
112579.0,37.3,21.2,14.2,123.0,0.3,211.0,direct_reuse
23994.0,22.8,30.0,44.1,355.9,36.02,145.0,treat_then_reuse
13335.0,24.2,41.7,32.7,77.7,0.43,3.0,disposal
52540.0,21.5,18.7,128.5,26.1,0.4,1.0,direct_reuse
94050.0,29.4,25.3,86.0,189.4,3.72,39.0,direct_reuse
172528.0,2.6,10.2,210.1,436.3,8.84,28.0,direct_reuse
70362.0,3.5,8.4,39.3,371.5,1.08,79.0,direct_reuse
37790.0,6.9,7.4,38.5,197.6,0.41,2.0,direct_reuse
26234.0,12.0,41.2,11.2,6.8,0.5,36.0,direct_reuse
49415.0,19.1,18.7,54.1,44.7,0.43,4.0,direct_reuse
39756.0,18.0,5.5,9.1,47.3,2.46,31.0,direct_reuse
24088.0,36.8,23.3,3.4,94.6,1.51,12.0,direct_reuse
205691.0,37.9,9.0,125.4,576.6,2.87,211.0,disposal
171034.0,6.1,92.6,4.5,27.4,2.65,24.0,direct_reuse
108579.0,16.7,15.4,34.0,1060.4,4.81,8.0,direct_reuse
25730.0,6.3,42.3,7.0,59.1,0.97,15.0,direct_reuse
89189.0,11.4,58.6,77.6,38.7,0.63,10.0,direct_reuse
76706.0,18.0,11.4,91.4,228.1,2.02,2.0,direct_reuse
66822.0,1.0,26.1,37.9,248.8,1.53,219.0,direct_reuse
117567.0,117.9,38.2,89.6,184.0,2.29,134.0,treat_then_reuse
76478.0,22.4,26.9,20.3,38.6,0.65,9.0,direct_reuse
82290.0,7.9,32.7,293.2,156.4,3.8,35.0,direct_reuse
76560.0,76.3,8.5,49.2,28.9,0.36,264.0,treat_then_reuse
62228.0,9.8,38.2,6.8,37.5,0.93,78.0,direct_reuse
14065.0,15.2,16.6,21.8,81.1,7.15,8.0,direct_reuse
51976.0,8.7,32.4,16.7,36.5,0.38,11.0,direct_reuse
33212.0,59.5,51.2,14.9,286.6,6.46,1.0,treat_then_reuse
20012.0,12.2,41.9,2.7,47.7,0.26,39.0,direct_reuse
159097.0,15.4,32.4,32.0,70.6,0.21,79.0,direct_reuse
164439.0,39.8,41.0,3.8,34.2,0.24,79.0,direct_reuse
126938.0,22.8,42.6,1.0,281.8,1.92,35.0,direct_reuse
58609.0,12.8,81.2,13.3,43.3,4.26,21.0,direct_reuse
126177.0,36.6,23.9,8.1,316.1,8.85,3.0,direct_reuse
49436.0,132.2,28.0,7.1,291.6,7.98,20.0,treat_then_reuse
56498.0,17.9,51.7,0.5,55.1,5.06,5.0,direct_reuse
22801.0,15.0,16.6,7.2,93.0,0.56,27.0,direct_reuse
64724.0,15.7,8.4,16.3,53.5,0.55,4.0,disposal
51137.0,43.8,36.4,9.4,164.1,4.59,27.0,treat_then_reuse
19695.0,7.9,20.8,32.0,72.7,10.46,89.0,direct_reuse
47295.0,10.5,9.3,106.8,56.9,0.43,21.0,direct_reuse
46360.0,3.4,36.6,37.3,94.7,8.87,20.0,direct_reuse
172524.0,4.6,77.1,68.8,15.8,0.14,48.0,direct_reuse
91670.0,8.4,6.7,76.0,82.8,2.74,173.0,direct_reuse
49415.0,12.8,55.6,5.9,183.9,1.44,10.0,direct_reuse
58346.0,66.2,3.2,34.0,104.8,1.26,27.0,treat_then_reuse
50562.0,21.8,17.8,66.3,256.4,1.72,118.0,direct_reuse
42530.0,5.9,107.0,11.9,59.4,0.54,33.0,treat_then_reuse
22978.0,7.0,18.9,7.8,54.3,2.94,1.0,direct_reuse
44102.0,46.4,26.4,38.0,26.3,1.78,4.0,disposal
29078.0,37.1,45.2,3.4,57.6,5.56,38.0,direct_reuse
20430.0,13.8,6.2,5.4,782.5,13.03,7.0,direct_reuse
70112.0,9.0,26.0,9.0,121.9,1.94,106.0,direct_reuse
64465.0,37.1,25.8,34.5,47.3,0.57,198.0,direct_reuse
14035.0,5.5,108.8,26.1,29.8,0.38,5.0,treat_then_reuse
44987.0,19.2,9.1,69.3,15.5,15.0,3.0,direct_reuse
98419.0,104.1,18.1,6.6,36.1,12.7,7.0,treat_then_reuse
102894.0,16.2,11.7,6.2,207.5,5.23,6.0,direct_reuse
100517.0,6.7,10.7,37.7,56.3,1.78,122.0,direct_reuse
50374.0,19.5,60.5,7.7,31.4,4.76,3.0,direct_reuse
27132.0,8.8,25.1,9.7,35.4,8.99,37.0,direct_reuse
22958.0,3.8,15.7,2.2,183.9,0.74,98.0,direct_reuse
62394.0,25.3,16.2,28.5,82.3,1.71,42.0,direct_reuse
63927.0,36.8,15.6,127.7,45.2,0.39,23.0,direct_reuse
120708.0,10.2,16.8,5.8,64.1,1.39,10.0,direct_reuse
105872.0,9.6,8.9,68.4,1018.9,12.27,195.0,direct_reuse
44687.0,5.7,19.9,18.7,344.3,6.7,8.0,direct_reuse
20518.0,11.8,18.4,2.4,452.8,1.97,51.0,direct_reuse
39208.0,8.1,13.4,6.9,13.1,0.05,10.0,direct_reuse
57072.0,5.4,27.8,6.4,76.2,0.7,1.0,direct_reuse
42555.0,73.9,29.7,13.7,44.3,1.88,8.0,treat_then_reuse
32711.0,20.5,15.7,33.2,163.7,1.25,10.0,direct_reuse
58514.0,22.5,21.9,184.7,288.8,1.72,10.0,direct_reuse
34449.0,29.8,138.0,3.6,128.9,2.26,5.0,treat_then_reuse
31582.0,26.9,133.8,11.2,34.5,0.82,31.0,treat_then_reuse
60963.0,9.3,10.6,6.9,43.5,1.63,37.0,direct_reuse
36997.0,17.2,11.8,4.4,178.2,1.36,8.0,direct_reuse
58155.0,10.6,10.5,22.5,198.8,0.66,8.0,direct_reuse
59352.0,20.0,57.1,20.1,105.1,18.18,3.0,direct_reuse
22079.0,18.3,17.8,2.3,103.8,0.89,18.0,direct_reuse
35001.0,9.5,29.7,20.5,95.1,0.09,96.0,direct_reuse
134114.0,4.1,121.2,4.7,121.0,16.75,96.0,treat_then_reuse
21732.0,15.4,24.3,20.4,197.9,0.55,5.0,direct_reuse
11140.0,11.2,43.2,92.1,180.0,5.31,241.0,direct_reuse
13316.0,2.5,37.2,35.0,92.4,0.68,7.0,direct_reuse
50030.0,21.3,15.3,24.9,85.3,3.46,3.0,direct_reuse
50093.0,32.1,57.2,10.6,81.8,1.55,2.0,direct_reuse
45147.0,131.0,12.4,21.8,38.2,6.05,2.0,treat_then_reuse
114684.0,9.5,71.7,39.5,37.6,1.25,20.0,direct_reuse
7548.0,8.3,15.3,35.1,163.8,0.7,8.0,direct_reuse
64677.0,5.0,16.7,17.8,41.1,2.3,5.0,direct_reuse
146240.0,16.2,10.3,26.1,220.4,1.0,3.0,direct_reuse
22260.0,16.2,11.7,4.1,85.1,0.13,2.0,direct_reuse
37577.0,6.5,17.4,8.3,221.8,0.75,3.0,direct_reuse
28940.0,11.5,3.5,46.9,181.4,68.68,56.0,treat_then_reuse
26212.0,2.3,20.4,55.2,227.5,0.15,182.0,direct_reuse
39012.0,31.0,16.3,22.5,53.3,2.26,200.0,direct_reuse
133151.0,6.7,46.2,118.5,141.1,1.2,34.0,direct_reuse
177401.0,13.1,34.4,37.0,202.7,17.95,6.0,direct_reuse
38748.0,3.7,13.9,15.2,16.3,0.39,4.0,direct_reuse
186007.0,8.0,17.0,4.6,585.1,1.88,38.0,disposal
50257.0,10.5,20.3,112.9,1088.5,4.02,8.0,disposal
167307.0,13.3,80.5,50.6,255.2,1.31,23.0,direct_reuse
45922.0,20.7,12.7,173.8,218.4,0.61,220.0,direct_reuse
53731.0,49.2,13.8,270.5,172.0,1.6,17.0,treat_then_reuse
63312.0,26.0,9.9,4.3,63.1,1.1,371.0,direct_reuse
300000.0,32.0,7.5,4.3,79.7,1.1,2.0,disposal
88956.0,49.5,31.4,0.6,260.0,5.53,24.0,treat_then_reuse
29879.0,22.5,28.9,60.5,30.9,2.78,20.0,direct_reuse
96597.0,13.0,68.5,44.2,28.0,3.38,3.0,direct_reuse
38052.0,33.4,56.4,22.6,58.1,2.53,41.0,disposal
34793.0,35.4,166.9,4.6,185.3,5.74,121.0,treat_then_reuse
92598.0,24.1,23.1,18.1,34.7,8.98,332.0,direct_reuse
50099.0,3.6,19.9,25.1,70.2,1.14,23.0,direct_reuse
59576.0,6.3,8.7,51.4,80.1,4.78,1.0,direct_reuse
49503.0,10.5,42.8,27.9,29.6,0.31,25.0,direct_reuse
62045.0,27.2,27.0,44.5,6.1,0.09,37.0,direct_reuse
66004.0,13.2,41.3,17.3,29.1,17.71,9.0,direct_reuse
12634.0,37.5,9.9,82.9,119.9,1.07,17.0,direct_reuse
78167.0,44.0,32.5,42.9,153.7,2.29,6.0,treat_then_reuse
24651.0,39.6,28.9,4.8,155.1,0.34,10.0,direct_reuse
17861.0,39.8,27.4,106.4,176.0,0.32,56.0,direct_reuse
47057.0,5.3,14.2,87.4,45.2,0.65,98.0,direct_reuse
51989.0,20.8,63.5,35.1,35.7,3.8,2.0,direct_reuse
30168.0,7.8,126.5,28.1,136.0,0.84,6.0,treat_then_reuse
87704.0,3.1,10.1,147.0,71.3,1.07,1.0,direct_reuse
19158.0,10.4,43.7,2.8,244.2,0.63,192.0,direct_reuse
36869.0,44.4,2.5,89.1,136.9,7.5,45.0,treat_then_reuse
32552.0,20.4,41.9,11.3,369.5,5.1,1.0,direct_reuse
47448.0,82.8,5.5,74.8,53.9,0.88,11.0,treat_then_reuse
59588.0,15.8,16.1,23.2,291.3,4.01,8.0,direct_reuse
24209.0,121.9,8.6,4.5,844.0,1.2,4.0,treat_then_reuse
81389.0,15.8,20.6,11.1,95.5,1.06,58.0,direct_reuse
51231.0,13.7,48.0,68.4,155.9,1.55,56.0,direct_reuse
13038.0,4.3,5.6,15.6,32.3,3.8,18.0,direct_reuse
12444.0,36.6,18.4,9.5,240.7,0.52,5.0,direct_reuse
48600.0,8.6,16.3,9.5,311.7,3.17,5.0,direct_reuse
41996.0,7.5,86.9,43.4,52.3,42.4,13.0,treat_then_reuse
45597.0,42.7,34.7,164.1,171.5,2.09,6.0,treat_then_reuse
48070.0,38.2,9.6,1.5,122.6,1.73,12.0,direct_reuse
57405.0,37.3,16.8,578.7,138.4,1.48,28.0,direct_reuse
95164.0,9.7,85.2,25.6,219.9,3.07,1.0,direct_reuse
22522.0,12.9,43.4,40.3,159.3,0.2,4.0,direct_reuse
21582.0,12.8,11.8,11.9,77.3,15.05,12.0,direct_reuse
22804.0,27.2,19.8,20.0,225.1,5.9,127.0,direct_reuse
60009.0,54.5,20.3,25.3,305.8,0.71,43.0,direct_reuse
117180.0,18.8,16.0,5.7,48.9,1.72,12.0,direct_reuse
36245.0,79.6,6.2,7.6,89.8,0.8,22.0,treat_then_reuse
8508.0,30.2,14.3,83.2,12.9,2.43,10.0,direct_reuse
14872.0,10.9,74.5,3.1,171.1,1.79,61.0,direct_reuse
27361.0,28.4,18.1,34.1,345.7,2.22,23.0,direct_reuse
33176.0,62.5,22.6,12.9,67.8,0.43,83.0,treat_then_reuse
36832.0,81.3,27.5,6.3,104.2,0.88,2.0,treat_then_reuse
50363.0,39.2,144.7,214.1,70.7,7.31,4.0,treat_then_reuse
39410.0,13.8,24.7,6.4,59.0,0.82,18.0,direct_reuse
102185.0,11.1,58.9,5.2,116.2,0.05,26.0,direct_reuse
30540.0,22.6,15.2,16.0,38.0,1.36,446.0,direct_reuse
26806.0,60.7,19.9,8.0,69.5,37.9,1.0,treat_then_reuse
68543.0,19.9,24.8,20.2,33.3,4.97,12.0,direct_reuse
16732.0,20.3,13.2,24.2,172.1,0.77,11.0,direct_reuse
64395.0,14.1,20.8,26.6,117.1,1.54,17.0,direct_reuse
52669.0,10.0,49.9,17.3,56.0,3.99,164.0,direct_reuse
44214.0,11.6,12.9,8.6,93.8,0.17,45.0,direct_reuse
149014.0,15.2,24.5,43.5,70.6,0.54,1.0,direct_reuse
31712.0,63.2,43.2,17.6,316.8,2.77,122.0,treat_then_reuse
207359.0,10.9,12.7,11.1,55.4,13.1,117.0,disposal
41865.0,14.1,58.9,118.6,181.0,0.93,18.0,direct_reuse
20052.0,6.2,26.0,17.4,41.4,12.64,1.0,direct_reuse
51480.0,25.7,21.5,74.5,220.4,0.62,10.0,direct_reuse
23078.0,46.1,4.9,87.5,281.8,0.02,25.0,treat_then_reuse
28963.0,58.1,18.2,94.2,296.8,4.34,54.0,treat_then_reuse
64726.0,16.2,33.0,46.0,454.0,3.33,1.0,direct_reuse
72324.0,22.6,99.1,20.1,124.2,4.29,4.0,direct_reuse
31713.0,11.7,38.6,18.6,351.3,4.08,63.0,direct_reuse
97849.0,21.7,60.4,15.0,537.3,2.12,116.0,direct_reuse
110222.0,17.9,9.3,1.5,26.2,1.18,23.0,direct_reuse
133975.0,14.2,22.2,47.6,46.4,1.24,68.0,direct_reuse
71011.0,15.2,65.1,26.9,17.4,0.91,24.0,direct_reuse
127313.0,20.2,12.1,54.1,289.2,0.98,52.0,direct_reuse
13140.0,10.3,53.1,17.5,17.1,0.16,15.0,direct_reuse
39241.0,10.8,44.1,44.6,12.7,0.34,25.0,direct_reuse
26718.0,62.6,30.6,3.8,26.9,1.33,2.0,treat_then_reuse
53288.0,154.4,18.9,4.9,13.3,0.09,36.0,treat_then_reuse
32859.0,4.6,11.1,1.0,121.4,0.12,2.0,direct_reuse
43638.0,4.3,101.5,17.1,27.3,1.07,36.0,treat_then_reuse
183051.0,5.7,40.7,7.9,14.0,1.4,6.0,disposal
43530.0,12.3,32.2,6.8,86.0,1.1,21.0,direct_reuse
65490.0,30.2,17.6,30.0,91.7,0.07,3.0,direct_reuse
41665.0,22.9,25.3,12.1,11.5,12.41,6.0,direct_reuse
51689.0,15.7,28.0,3.6,41.1,0.25,21.0,direct_reuse
49228.0,21.7,33.8,425.7,82.9,0.57,38.0,direct_reuse
67092.0,7.2,44.1,19.2,60.8,0.32,63.0,direct_reuse
110826.0,10.8,13.1,5.5,62.7,8.92,2.0,direct_reuse
155310.0,13.2,7.6,9.0,329.4,2.85,1.0,direct_reuse
60885.0,3.2,26.2,16.3,954.5,0.89,3.0,direct_reuse
74064.0,4.7,6.1,16.3,63.8,0.81,2.0,treat_then_reuse
21903.0,4.9,18.9,95.8,21.0,2.08,128.0,direct_reuse
46096.0,26.8,16.3,18.3,69.5,0.33,91.0,direct_reuse
94675.0,16.8,36.4,186.1,111.5,2.7,3.0,direct_reuse
89875.0,23.3,119.8,12.0,84.9,0.81,158.0,treat_then_reuse
56847.0,2.6,5.2,33.5,176.2,3.24,83.0,direct_reuse
91170.0,3.5,151.3,68.5,1025.7,3.1,1.0,treat_then_reuse
69116.0,24.5,20.4,84.3,13.7,0.76,3.0,direct_reuse
113575.0,1.1,32.4,97.0,51.5,0.11,1.0,direct_reuse
60027.0,40.5,7.9,14.5,490.4,1.2,11.0,treat_then_reuse
38216.0,2.6,54.5,20.0,50.7,0.25,13.0,direct_reuse
62012.0,28.8,25.4,1.0,214.5,1.83,12.0,direct_reuse
6302.0,6.1,23.4,15.9,180.2,1.18,1.0,direct_reuse
64088.0,34.6,5.2,74.4,350.9,0.77,1.0,direct_reuse
5000.0,241.6,26.0,58.9,738.5,0.31,18.0,treat_then_reuse
14670.0,1.7,48.3,18.1,129.9,7.71,31.0,direct_reuse
67254.0,25.2,20.3,154.3,13.2,0.91,1.0,direct_reuse
68478.0,2.6,62.8,12.7,41.7,35.14,2.0,treat_then_reuse
21727.0,19.8,60.7,8.5,996.9,1.73,56.0,direct_reuse
29778.0,11.2,14.7,11.5,19.0,2.6,2.0,direct_reuse
127948.0,15.1,87.9,5.2,155.5,1.73,12.0,direct_reuse
34933.0,5.9,25.4,42.4,5.7,2.57,2.0,direct_reuse
235636.0,27.2,25.5,28.4,20.4,6.82,42.0,disposal
48955.0,3.7,26.6,41.8,238.8,6.93,1.0,direct_reuse
65227.0,41.2,25.9,12.2,93.6,0.17,8.0,treat_then_reuse
152027.0,9.3,3.0,18.7,59.5,5.01,50.0,direct_reuse
53730.0,3.8,21.1,1.5,36.8,3.15,30.0,direct_reuse
24303.0,56.6,8.2,31.5,10.0,1.73,6.0,treat_then_reuse
45397.0,12.7,90.1,22.6,193.0,15.28,4.0,direct_reuse
47814.0,75.0,87.3,5.4,65.9,16.1,9.0,treat_then_reuse
18858.0,40.4,48.5,17.7,16.9,5.34,2.0,treat_then_reuse
40983.0,6.6,20.3,14.7,93.1,0.81,10.0,direct_reuse
29157.0,12.5,11.0,166.9,170.6,0.35,11.0,direct_reuse
93625.0,15.0,14.5,5.6,72.2,4.4,7.0,direct_reuse
50223.0,53.2,116.1,29.9,102.3,9.65,55.0,treat_then_reuse
40217.0,20.0,14.1,5.4,93.9,0.12,2.0,direct_reuse
45509.0,15.8,3.7,10.3,41.4,6.77,1.0,direct_reuse
57307.0,11.2,55.9,28.0,95.6,1.18,6.0,direct_reuse
75491.0,12.9,81.5,15.6,202.1,0.16,15.0,direct_reuse
24348.0,43.6,92.5,19.9,280.9,3.04,10.0,treat_then_reuse
23645.0,13.5,56.3,29.9,214.8,5.38,10.0,direct_reuse
106221.0,9.4,64.1,11.1,42.8,1.04,2.0,direct_reuse
36731.0,8.1,25.6,58.0,181.2,0.42,3.0,direct_reuse
18182.0,8.2,4.7,13.9,150.2,15.27,6.0,direct_reuse
66881.0,3.8,25.1,17.9,41.2,0.69,5.0,direct_reuse
67803.0,6.9,40.3,31.0,54.0,7.44,63.0,direct_reuse
16789.0,51.9,22.0,26.4,190.1,0.23,18.0,treat_then_reuse
57563.0,11.2,21.2,43.5,409.4,2.83,5.0,direct_reuse
82036.0,25.4,11.3,29.4,12.3,2.73,63.0,direct_reuse
63708.0,1.4,11.0,35.3,546.8,5.13,24.0,direct_reuse
76297.0,22.5,106.8,13.6,323.9,11.48,2.0,treat_then_reuse
18343.0,11.6,109.9,5.6,112.1,0.57,0.0,treat_then_reuse
61804.0,8.7,24.5,3.6,69.1,3.24,2.0,direct_reuse
39663.0,15.8,30.7,2.7,138.3,0.28,30.0,direct_reuse
34963.0,8.6,11.2,166.5,44.5,0.27,46.0,direct_reuse
90164.0,2.0,41.0,1.4,74.0,0.78,1.0,direct_reuse
138067.0,30.9,100.3,84.1,17.8,2.81,33.0,treat_then_reuse
172139.0,16.8,7.2,7.5,13.3,14.58,31.0,direct_reuse
123052.0,10.1,35.6,83.4,1170.9,18.48,99.0,direct_reuse
45396.0,5.6,37.8,1.4,96.5,1.04,51.0,direct_reuse
62749.0,3.6,37.4,15.1,112.6,2.45,93.0,direct_reuse
83849.0,16.5,91.3,115.0,87.0,5.62,25.0,direct_reuse
53360.0,57.5,125.1,47.3,36.2,4.46,24.0,treat_then_reuse
53720.0,16.2,20.4,13.4,64.2,1.32,7.0,direct_reuse
87258.0,3.9,42.0,2.0,99.5,1.82,42.0,direct_reuse
47028.0,16.5,26.2,4.1,72.5,1.43,2.0,direct_reuse
29422.0,12.8,14.8,106.4,39.4,1.26,10.0,direct_reuse
36676.0,29.3,30.5,13.2,152.5,1.06,27.0,direct_reuse
76400.0,23.2,42.0,18.4,110.7,1.41,101.0,direct_reuse
49124.0,1.0,29.2,28.2,138.7,0.97,6.0,direct_reuse
62202.0,22.0,12.1,4.2,195.5,0.38,52.0,direct_reuse
78359.0,5.5,16.9,32.7,74.6,5.06,9.0,direct_reuse
37707.0,3.7,17.0,12.1,74.8,3.23,54.0,direct_reuse
83231.0,11.4,12.5,28.6,459.8,18.91,4.0,direct_reuse
63907.0,19.5,31.5,10.0,31.9,2.67,36.0,direct_reuse
20653.0,3.1,34.3,3.0,11.5,0.96,11.0,direct_reuse
134540.0,25.4,53.7,12.0,165.9,0.73,2.0,direct_reuse
34526.0,26.8,12.4,43.3,45.0,1.75,10.0,direct_reuse
15389.0,14.0,15.5,32.2,27.5,3.38,88.0,direct_reuse
23587.0,6.2,85.1,20.8,238.4,1.2,3.0,direct_reuse
23987.0,5.6,21.5,59.0,76.8,0.24,1.0,direct_reuse
50844.0,33.9,25.1,15.7,22.4,0.63,22.0,direct_reuse
40470.0,3.5,21.3,21.5,756.3,1.69,1.0,direct_reuse
38724.0,35.1,60.7,11.3,15.3,4.32,127.0,direct_reuse
75644.0,11.6,62.6,63.3,81.8,0.24,122.0,direct_reuse
62188.0,12.4,59.8,28.5,11.3,2.33,58.0,direct_reuse
61159.0,2.9,25.1,10.3,121.2,2.2,12.0,direct_reuse
65309.0,11.8,12.2,3.4,44.5,0.92,148.0,direct_reuse
75455.0,23.4,114.5,75.6,221.7,0.77,92.0,treat_then_reuse
11209.0,4.0,48.7,8.2,88.3,0.63,5.0,direct_reuse
37983.0,21.1,17.0,21.9,397.7,1.98,105.0,direct_reuse
10656.0,14.6,76.6,338.0,56.1,7.13,3.0,direct_reuse
50274.0,7.5,16.0,52.6,15.4,7.82,9.0,direct_reuse
48862.0,29.1,75.8,138.8,116.9,0.38,1.0,direct_reuse
101913.0,1.9,80.0,10.5,68.2,1.29,15.0,direct_reuse
112572.0,18.4,11.7,72.6,12.2,0.1,8.0,direct_reuse
56497.0,57.8,39.1,20.7,28.2,1.9,6.0,treat_then_reuse
34536.0,49.2,45.9,31.2,40.0,3.59,10.0,treat_then_reuse
68845.0,19.1,198.7,227.0,498.2,12.71,5.0,treat_then_reuse
33876.0,10.3,13.5,14.4,196.0,0.16,13.0,direct_reuse
48973.0,7.6,77.2,20.6,61.4,0.4,84.0,direct_reuse
97762.0,10.3,24.9,6.8,151.1,1.99,2.0,direct_reuse
33175.0,22.0,9.1,58.3,9.6,0.2,44.0,direct_reuse
86161.0,6.5,22.3,10.2,48.4,2.06,17.0,direct_reuse
78762.0,26.6,24.6,68.5,139.9,3.71,21.0,direct_reuse
25126.0,91.8,10.5,2.8,108.0,0.31,12.0,treat_then_reuse
96928.0,12.7,31.5,38.8,49.7,1.96,4.0,direct_reuse
79937.0,4.0,52.8,9.3,86.3,0.34,24.0,direct_reuse
52646.0,4.0,29.7,48.3,130.6,9.86,27.0,direct_reuse
28749.0,27.1,15.9,19.8,89.1,2.16,4.0,direct_reuse
26864.0,12.8,21.8,10.6,232.1,0.72,2.0,direct_reuse
33646.0,29.6,24.4,12.6,127.8,0.33,14.0,direct_reuse
71669.0,8.3,29.2,7.2,158.0,2.73,38.0,direct_reuse
25111.0,28.4,59.6,54.9,592.8,9.63,55.0,direct_reuse
66587.0,11.7,30.5,5.7,223.7,0.6,74.0,direct_reuse
20553.0,7.0,8.0,14.6,611.0,0.93,21.0,direct_reuse
42495.0,9.4,15.6,30.4,43.0,0.62,8.0,direct_reuse
52931.0,4.6,28.0,139.2,15.6,12.46,12.0,direct_reuse
271466.0,80.7,60.3,19.9,77.1,0.14,2.0,disposal
18693.0,12.3,69.3,15.0,70.2,8.77,4.0,direct_reuse
137367.0,24.0,101.5,27.9,448.3,1.01,11.0,treat_then_reuse
54442.0,8.3,27.2,1.7,26.0,1.5,8.0,direct_reuse
65370.0,5.2,45.2,4.8,82.5,1.06,14.0,direct_reuse
53255.0,10.9,7.7,12.8,140.6,2.25,2.0,direct_reuse
66924.0,36.3,34.6,8.5,100.5,0.64,2.0,direct_reuse
44021.0,8.4,10.4,2.9,74.5,6.53,39.0,direct_reuse
135650.0,6.2,23.3,56.2,133.5,6.88,3.0,direct_reuse
35613.0,15.5,277.0,27.4,295.0,0.46,4.0,treat_then_reuse
108290.0,21.1,31.3,23.8,487.5,3.93,14.0,direct_reuse
31224.0,59.1,12.3,8.7,93.3,1.04,3.0,direct_reuse
46996.0,18.5,34.0,22.1,36.7,1.76,64.0,direct_reuse
23147.0,24.0,16.2,37.2,486.9,11.97,2.0,direct_reuse
67408.0,25.7,11.4,14.6,27.5,0.69,12.0,direct_reuse
134805.0,4.8,132.0,34.2,645.2,5.5,4.0,treat_then_reuse
46437.0,5.7,57.6,7.7,394.9,2.99,15.0,direct_reuse
42710.0,5.1,32.3,22.6,463.3,1.28,6.0,direct_reuse
22466.0,4.1,17.9,79.1,191.3,2.66,12.0,direct_reuse
41752.0,27.5,19.1,88.1,8.8,2.28,76.0,direct_reuse
16075.0,17.5,84.3,98.8,28.7,0.37,4.0,direct_reuse
25874.0,14.5,31.4,28.3,126.2,0.75,4.0,direct_reuse
57455.0,1.3,2.1,20.9,42.8,0.42,8.0,direct_reuse
123415.0,85.6,170.2,11.7,63.6,1.15,111.0,treat_then_reuse
300000.0,6.0,28.4,2.3,176.6,9.47,11.0,disposal
32513.0,85.3,32.3,4.0,74.7,3.51,78.0,treat_then_reuse
133881.0,3.7,58.5,16.4,23.5,0.26,9.0,direct_reuse
58141.0,6.5,35.6,17.6,238.5,1.16,73.0,direct_reuse
44096.0,1.9,44.6,109.4,158.6,2.23,22.0,direct_reuse
66358.0,18.7,17.5,97.3,68.5,4.34,28.0,direct_reuse
51192.0,5.0,9.2,8.8,196.8,0.71,1.0,direct_reuse
52959.0,5.1,30.7,53.6,99.9,0.33,1.0,direct_reuse
36834.0,3.9,77.1,11.3,389.4,1.53,61.0,direct_reuse
18422.0,27.1,14.6,45.6,106.3,3.45,60.0,direct_reuse
16638.0,25.5,13.7,52.8,386.2,2.24,460.0,direct_reuse
77441.0,68.8,65.2,89.2,11.5,0.52,1.0,treat_then_reuse
40389.0,7.3,17.0,11.1,149.2,16.14,25.0,direct_reuse
32297.0,16.4,17.7,67.8,58.1,1.45,3.0,direct_reuse
49314.0,4.2,18.2,2.1,35.0,2.12,4.0,direct_reuse
85515.0,10.0,23.3,95.2,321.9,0.7,6.0,direct_reuse
55618.0,8.4,7.0,19.5,239.4,6.95,22.0,direct_reuse
30970.0,20.5,15.9,20.0,9.9,3.47,4.0,direct_reuse
115659.0,33.6,29.5,1.7,197.8,2.48,13.0,direct_reuse
148068.0,32.9,29.3,12.6,173.0,0.37,42.0,direct_reuse
69299.0,6.3,62.0,102.2,40.6,6.84,66.0,direct_reuse
96913.0,33.1,106.9,12.0,35.9,4.41,34.0,treat_then_reuse
116935.0,12.9,82.3,47.3,15.6,6.17,24.0,direct_reuse
108128.0,10.1,51.0,20.9,62.1,1.73,10.0,direct_reuse
75348.0,7.1,21.8,71.9,74.1,1.5,5.0,direct_reuse
74521.0,8.1,14.9,25.3,216.3,1.3,27.0,direct_reuse
70528.0,64.6,24.9,6.6,121.1,31.9,3.0,treat_then_reuse
22740.0,17.8,39.2,21.5,28.1,0.81,15.0,direct_reuse
80058.0,15.8,47.3,137.2,117.1,0.35,2.0,direct_reuse
18976.0,10.6,40.4,36.5,68.1,1.01,11.0,direct_reuse
28107.0,121.7,22.3,17.5,32.2,0.82,3.0,treat_then_reuse
122088.0,43.6,46.0,300.9,15.7,8.48,7.0,treat_then_reuse
88270.0,7.0,67.3,80.7,179.0,0.28,4.0,direct_reuse
138854.0,10.5,49.6,53.5,147.1,0.79,4.0,direct_reuse
40531.0,11.1,23.9,29.4,166.1,2.11,11.0,direct_reuse
21882.0,15.4,12.6,48.2,40.4,8.57,0.0,direct_reuse
41427.0,7.2,12.4,50.2,108.7,4.17,1.0,direct_reuse
52650.0,20.0,14.2,1.5,19.8,13.53,41.0,direct_reuse
51808.0,49.7,30.1,32.3,30.4,2.58,15.0,treat_then_reuse
108399.0,4.1,37.2,16.6,93.4,1.27,4.0,direct_reuse
38067.0,4.9,7.9,11.0,120.1,5.01,53.0,direct_reuse
62719.0,8.7,16.4,15.9,15.0,0.28,5.0,direct_reuse
24538.0,9.1,29.8,3.1,28.1,0.18,5.0,direct_reuse
67186.0,81.3,11.9,2.3,60.2,5.87,4.0,treat_then_reuse
49128.0,33.2,34.7,89.6,258.4,2.17,213.0,direct_reuse
29002.0,31.5,19.2,35.0,36.8,5.77,17.0,direct_reuse
41561.0,10.6,13.8,1.1,105.1,0.54,16.0,direct_reuse
43091.0,10.4,25.6,10.1,117.9,8.76,25.0,direct_reuse
40574.0,3.6,33.6,57.8,68.4,3.94,1.0,direct_reuse
169387.0,27.2,12.4,14.4,120.9,1.58,5.0,direct_reuse
45756.0,20.9,20.2,89.5,20.5,2.16,24.0,direct_reuse
41327.0,42.8,35.7,70.8,43.8,2.59,12.0,treat_then_reuse
11291.0,11.1,13.3,3.9,436.1,0.54,333.0,direct_reuse
26214.0,11.9,6.5,16.9,471.2,1.0,5.0,direct_reuse
40776.0,15.7,7.2,11.7,227.5,2.54,50.0,direct_reuse
30330.0,30.0,17.6,3.8,302.0,0.95,41.0,direct_reuse
128952.0,3.6,8.5,3.5,12.1,0.24,15.0,direct_reuse
43676.0,26.1,18.6,7.6,31.7,2.42,20.0,direct_reuse
120802.0,13.2,92.9,9.3,63.9,4.89,8.0,direct_reuse
51185.0,5.2,8.1,28.2,1283.3,6.61,1.0,direct_reuse
50315.0,2.1,19.6,70.3,63.8,3.29,21.0,direct_reuse
46067.0,11.9,135.1,37.2,204.3,4.78,23.0,treat_then_reuse
49151.0,49.5,34.0,49.4,136.5,5.95,29.0,treat_then_reuse
163269.0,60.8,18.3,14.6,133.2,1.83,13.0,treat_then_reuse
9665.0,18.5,21.6,41.4,87.7,0.1,52.0,direct_reuse
12075.0,78.7,34.6,16.8,24.0,7.45,3.0,treat_then_reuse
33516.0,13.0,95.3,11.8,4.6,0.52,110.0,direct_reuse
49522.0,31.8,16.0,195.7,368.7,0.38,3.0,direct_reuse
79465.0,9.0,13.4,1.2,45.7,0.39,10.0,direct_reuse
68266.0,8.5,8.1,2.1,11.5,41.68,34.0,treat_then_reuse
37460.0,7.3,26.6,31.8,145.7,2.92,6.0,direct_reuse
100041.0,2.1,8.0,14.6,142.7,0.43,37.0,direct_reuse
100825.0,42.9,16.9,3.6,209.5,0.68,7.0,treat_then_reuse
55762.0,7.6,11.9,5.7,307.1,1.65,15.0,direct_reuse
96169.0,6.5,57.9,6.6,32.8,3.34,9.0,direct_reuse
59329.0,4.7,16.3,58.6,34.4,2.37,5.0,direct_reuse
33089.0,11.2,33.7,86.0,63.4,0.49,357.0,direct_reuse
79895.0,65.8,6.8,143.7,222.3,2.49,3.0,treat_then_reuse
52967.0,88.6,27.3,3.0,8.9,0.74,0.0,treat_then_reuse
49067.0,3.0,9.4,3.9,103.7,6.43,4.0,direct_reuse
137457.0,9.8,17.5,3.6,251.0,1.77,15.0,direct_reuse
8817.0,5.3,143.9,94.3,239.8,0.61,7.0,treat_then_reuse
18172.0,32.8,51.7,33.1,196.3,4.04,56.0,direct_reuse
21355.0,17.4,22.1,22.1,289.8,2.71,53.0,direct_reuse
38014.0,7.6,317.1,26.5,4.4,0.89,8.0,treat_then_reuse
41018.0,14.4,11.8,18.8,531.0,4.26,1.0,direct_reuse
17066.0,8.8,62.3,5.2,129.5,3.74,2.0,direct_reuse
24597.0,57.6,7.2,37.2,390.8,7.86,12.0,treat_then_reuse
26834.0,22.0,20.2,16.1,24.7,4.15,1.0,direct_reuse
273812.0,24.6,8.3,4.8,13.1,1.25,7.0,disposal
173030.0,1.2,30.1,40.0,642.3,0.18,103.0,direct_reuse
36746.0,12.7,25.7,12.0,32.5,2.1,20.0,direct_reuse
38006.0,87.8,19.2,26.4,63.9,2.57,13.0,treat_then_reuse
21929.0,44.4,58.8,17.3,160.8,1.76,3.0,treat_then_reuse
12891.0,2.6,15.6,58.5,210.6,0.03,16.0,direct_reuse
45170.0,10.2,31.9,26.2,294.8,3.98,8.0,direct_reuse
24380.0,4.6,47.3,7.0,115.1,0.5,17.0,disposal
46194.0,62.8,7.5,29.6,28.2,4.02,36.0,treat_then_reuse
15992.0,16.8,13.5,30.7,195.8,15.04,47.0,direct_reuse
28756.0,6.7,25.6,37.1,199.3,1.19,15.0,direct_reuse
54396.0,13.9,40.6,69.6,12.2,2.92,26.0,direct_reuse
63345.0,1.3,76.5,9.6,428.6,1.72,6.0,direct_reuse
65659.0,5.1,20.6,44.8,5.8,3.26,67.0,direct_reuse
19451.0,13.9,19.0,2.5,280.9,1.89,3.0,direct_reuse
89168.0,28.8,12.2,17.4,44.8,0.84,9.0,direct_reuse
27997.0,2.3,31.9,14.4,195.6,0.51,78.0,direct_reuse
76344.0,9.6,19.3,114.1,157.8,13.03,6.0,direct_reuse
48657.0,33.4,19.7,16.6,86.4,2.92,2.0,direct_reuse
18705.0,3.6,22.8,41.7,147.8,4.85,7.0,direct_reuse
39287.0,16.5,38.1,2.4,81.9,2.77,98.0,direct_reuse
63307.0,14.3,15.6,13.2,197.4,5.86,0.0,direct_reuse
75288.0,63.0,13.2,7.3,996.1,0.51,14.0,treat_then_reuse
44414.0,10.9,34.7,391.7,20.6,1.84,5.0,direct_reuse
143235.0,11.5,2.2,9.0,2.7,3.18,9.0,direct_reuse
99236.0,29.1,15.1,21.9,57.0,8.85,7.0,direct_reuse
40960.0,4.1,9.8,23.4,52.9,53.25,51.0,treat_then_reuse
82875.0,11.0,64.2,3.0,59.4,2.8,13.0,direct_reuse
189787.0,8.9,17.2,10.7,32.5,0.7,55.0,disposal
193366.0,11.9,15.7,32.6,235.0,0.35,84.0,disposal
20752.0,28.9,23.6,22.3,19.7,0.51,13.0,direct_reuse
25628.0,22.2,15.2,1.3,147.8,0.6,7.0,direct_reuse
138613.0,6.9,17.8,10.2,181.7,0.04,21.0,direct_reuse
23370.0,15.2,26.5,68.4,127.5,0.68,29.0,direct_reuse
19423.0,51.5,17.5,40.7,153.8,4.19,2.0,treat_then_reuse
34880.0,6.4,17.4,86.6,255.7,1.82,17.0,direct_reuse
65786.0,15.3,10.9,6.2,95.5,1.18,8.0,direct_reuse
45630.0,11.3,9.7,93.4,61.5,0.2,6.0,direct_reuse
31089.0,12.7,25.8,19.0,153.7,6.46,4.0,direct_reuse
30578.0,3.1,31.4,135.7,174.2,3.21,5.0,direct_reuse
29773.0,47.9,7.8,20.2,239.5,1.62,80.0,treat_then_reuse
26485.0,6.7,45.1,1.7,13.7,0.09,7.0,direct_reuse
242109.0,33.9,45.2,55.7,73.6,0.87,68.0,treat_then_reuse
60371.0,7.7,53.5,11.8,27.9,2.9,15.0,direct_reuse
91193.0,7.7,31.2,12.8,166.8,1.59,2.0,direct_reuse
34810.0,40.1,40.8,3.5,200.2,2.12,16.0,treat_then_reuse
43038.0,32.9,140.9,140.7,66.6,4.02,2.0,treat_then_reuse
29748.0,16.2,19.3,10.7,40.4,2.02,30.0,direct_reuse
7660.0,26.7,10.6,133.0,173.6,3.84,9.0,direct_reuse
18683.0,10.4,7.2,12.0,77.7,0.55,44.0,direct_reuse
13802.0,13.4,99.9,6.6,432.3,0.34,105.0,direct_reuse
10149.0,7.4,101.0,97.8,632.9,3.07,1.0,treat_then_reuse
21232.0,30.4,11.7,18.4,270.6,4.0,6.0,direct_reuse
123930.0,7.2,13.7,18.6,116.3,3.24,2.0,direct_reuse
47519.0,51.2,18.9,4.3,670.6,1.96,310.0,treat_then_reuse
120982.0,10.1,65.3,11.6,117.3,1.08,6.0,direct_reuse
65361.0,13.7,8.8,33.6,53.1,2.17,2.0,direct_reuse
84778.0,26.7,5.1,4.2,42.8,2.7,351.0,direct_reuse
26092.0,13.8,138.9,10.5,41.5,2.92,4.0,treat_then_reuse
70740.0,10.3,31.5,12.1,89.4,48.88,1.0,treat_then_reuse
81642.0,13.1,35.3,21.8,149.8,0.5,2.0,direct_reuse
32740.0,30.1,20.8,118.6,19.0,109.27,15.0,treat_then_reuse
72524.0,7.4,35.6,14.0,54.9,0.32,13.0,direct_reuse
72863.0,12.0,7.3,8.8,113.8,2.72,3.0,direct_reuse
33367.0,13.6,12.5,542.2,182.7,0.35,6.0,direct_reuse
22338.0,29.3,26.7,11.9,87.5,2.45,13.0,direct_reuse
21399.0,12.3,4.0,16.0,117.8,5.91,89.0,direct_reuse
52081.0,68.5,19.3,13.1,23.0,1.72,20.0,treat_then_reuse
61630.0,11.7,18.3,14.4,33.0,5.84,5.0,direct_reuse
28148.0,10.9,19.3,22.0,84.2,0.95,9.0,direct_reuse
49942.0,11.5,15.8,60.6,157.8,0.11,39.0,direct_reuse
73085.0,4.1,11.1,32.6,116.1,3.72,151.0,direct_reuse
75564.0,5.3,5.7,73.2,35.4,1.72,2.0,direct_reuse
145265.0,8.4,27.5,70.3,69.4,0.88,65.0,direct_reuse
119837.0,37.4,19.3,25.8,474.9,0.97,8.0,direct_reuse
24321.0,13.1,8.2,31.6,163.8,2.8,1.0,direct_reuse
159295.0,8.7,25.8,76.0,75.3,0.57,1.0,direct_reuse
33803.0,40.6,19.4,5.3,29.1,2.69,90.0,treat_then_reuse
101866.0,54.4,17.0,402.6,41.1,7.73,108.0,treat_then_reuse
51410.0,41.7,4.4,10.9,90.7,24.0,5.0,disposal
36735.0,6.2,42.4,13.2,121.9,10.24,9.0,direct_reuse
13830.0,8.6,9.1,4.7,167.7,2.03,1.0,direct_reuse
43473.0,68.9,25.8,4.9,137.9,2.3,38.0,treat_then_reuse
16456.0,16.7,12.9,64.6,59.9,0.98,12.0,direct_reuse
96482.0,10.6,18.0,306.2,51.3,0.9,1.0,direct_reuse
141741.0,25.7,61.7,10.2,855.5,5.12,17.0,direct_reuse
28062.0,33.3,37.5,30.5,48.8,1.11,2.0,direct_reuse
60559.0,8.1,60.6,26.2,21.7,2.65,28.0,direct_reuse
29502.0,16.4,32.0,66.7,14.8,0.47,2.0,direct_reuse
31573.0,31.0,33.7,287.9,61.0,9.79,20.0,direct_reuse
84301.0,4.7,5.9,124.6,253.2,1.08,5.0,direct_reuse
47716.0,13.6,19.0,15.1,47.8,6.78,0.0,direct_reuse
165670.0,4.9,20.5,37.9,457.3,0.66,54.0,direct_reuse
34977.0,5.6,65.3,42.7,89.3,0.62,59.0,direct_reuse
98670.0,8.1,16.4,19.6,305.1,9.27,6.0,direct_reuse
52480.0,20.7,30.3,5.4,39.1,0.73,18.0,direct_reuse
85566.0,10.1,29.4,7.7,39.8,0.21,24.0,direct_reuse
35846.0,7.5,61.9,79.7,99.5,0.43,25.0,direct_reuse
47349.0,14.1,22.0,90.2,153.1,5.02,162.0,direct_reuse
45213.0,4.8,47.6,15.7,73.9,4.43,23.0,direct_reuse
27303.0,19.8,6.3,27.5,124.2,0.61,7.0,direct_reuse
77921.0,37.3,6.7,84.5,172.0,0.73,23.0,direct_reuse
77279.0,12.5,3.9,2.6,18.9,3.95,6.0,direct_reuse
74272.0,11.2,46.0,11.8,61.9,9.12,2.0,direct_reuse
143756.0,18.8,42.1,226.2,50.9,1.51,76.0,direct_reuse
135204.0,2.2,50.3,28.8,53.7,3.39,27.0,direct_reuse
37705.0,21.8,14.3,5.2,140.8,5.13,1.0,direct_reuse
63649.0,219.6,15.6,23.1,51.7,27.08,4.0,treat_then_reuse
31681.0,12.1,22.3,68.4,9.9,0.37,38.0,disposal
49829.0,12.1,77.9,0.9,69.4,0.69,1.0,direct_reuse
32215.0,26.3,95.1,24.8,27.9,0.85,4.0,direct_reuse
152367.0,59.2,46.3,12.8,155.4,4.83,660.0,treat_then_reuse
63233.0,32.4,32.0,2.8,218.4,1.19,7.0,direct_reuse
42082.0,1.9,71.4,22.2,8.2,2.47,62.0,direct_reuse
113044.0,22.4,20.0,17.1,38.4,1.93,116.0,direct_reuse
10728.0,136.3,17.9,19.5,132.8,1.65,3.0,treat_then_reuse
11970.0,23.6,22.1,13.2,19.1,1.9,18.0,direct_reuse
85570.0,4.8,11.2,5.9,212.9,6.29,267.0,direct_reuse
51140.0,17.4,21.3,3.5,285.5,0.47,24.0,direct_reuse
58414.0,4.3,10.0,8.8,75.3,1.36,423.0,direct_reuse
19371.0,40.8,55.7,56.3,38.4,0.34,5.0,treat_then_reuse
48230.0,5.7,37.9,26.6,7.1,2.21,180.0,direct_reuse
199278.0,14.4,77.0,18.5,220.4,1.28,12.0,disposal
87286.0,6.2,6.7,5.8,814.7,6.62,7.0,direct_reuse
55204.0,8.2,112.3,12.8,648.9,1.64,32.0,treat_then_reuse
36050.0,51.3,7.0,48.6,72.6,0.93,10.0,treat_then_reuse
37190.0,14.8,9.4,36.8,27.1,1.2,11.0,direct_reuse
11043.0,8.1,14.9,11.3,226.2,15.49,25.0,direct_reuse
58709.0,4.8,69.8,0.9,78.3,0.21,1.0,direct_reuse
88596.0,2.5,29.4,8.9,152.3,0.73,4.0,direct_reuse
16270.0,4.4,20.2,11.3,125.6,1.73,36.0,direct_reuse
30854.0,14.9,13.0,6.8,99.7,0.72,54.0,direct_reuse
21802.0,32.5,8.2,12.2,279.0,3.12,21.0,direct_reuse
24941.0,8.1,60.7,53.5,290.7,1.53,18.0,direct_reuse
50891.0,55.3,46.5,19.2,50.7,2.3,22.0,treat_then_reuse
11395.0,7.1,72.4,65.9,32.6,1.92,51.0,direct_reuse
75357.0,10.9,33.7,3.3,5.8,1.44,1.0,direct_reuse
83092.0,5.1,3.0,13.9,61.5,0.31,6.0,direct_reuse
41119.0,32.8,9.1,2.0,27.0,2.07,11.0,direct_reuse
8634.0,88.9,35.6,12.0,142.8,0.17,16.0,treat_then_reuse
24404.0,2.8,18.3,5.7,62.2,0.69,1.0,direct_reuse
116196.0,9.9,15.7,93.5,70.1,3.11,2.0,direct_reuse
7012.0,42.0,10.1,32.8,219.9,7.74,12.0,treat_then_reuse
38435.0,3.7,52.4,67.9,139.3,34.96,56.0,treat_then_reuse
21461.0,22.4,35.3,12.0,79.2,0.94,6.0,direct_reuse
86094.0,40.4,36.6,5.9,575.4,0.54,4.0,treat_then_reuse
30559.0,14.4,14.8,5.7,202.7,3.25,27.0,direct_reuse
65041.0,22.1,28.2,27.6,57.0,18.75,7.0,direct_reuse
72826.0,65.7,8.4,176.3,59.8,12.09,46.0,treat_then_reuse
177257.0,77.8,22.1,32.9,214.3,0.43,9.0,treat_then_reuse
42529.0,12.7,3.2,12.8,112.5,1.37,2.0,direct_reuse
63782.0,8.3,7.0,16.0,26.2,4.98,103.0,direct_reuse
17335.0,5.9,19.0,19.3,240.9,5.45,78.0,direct_reuse
112791.0,32.4,164.0,228.6,358.9,3.56,3.0,treat_then_reuse
28786.0,3.9,5.8,88.3,330.1,0.92,22.0,direct_reuse
33106.0,10.7,9.1,27.4,491.3,3.52,7.0,direct_reuse
48263.0,14.8,29.2,22.9,876.7,5.52,31.0,direct_reuse
16415.0,8.6,101.0,28.8,603.6,0.49,3.0,treat_then_reuse
57534.0,17.3,28.8,36.3,130.9,9.29,45.0,direct_reuse
96493.0,135.4,43.0,12.2,71.6,5.99,73.0,treat_then_reuse
60177.0,12.1,18.7,7.3,12.0,0.63,3.0,direct_reuse
16119.0,9.1,16.3,69.3,91.1,5.49,13.0,direct_reuse
44951.0,33.6,26.2,20.6,159.3,4.74,75.0,direct_reuse
82407.0,16.7,14.5,62.7,94.4,4.99,3.0,direct_reuse
13166.0,49.2,43.8,144.8,11.3,12.79,4.0,treat_then_reuse
23102.0,15.6,6.8,37.5,65.7,1.63,33.0,direct_reuse
90543.0,10.8,50.0,30.9,183.1,2.54,10.0,direct_reuse
59223.0,2.7,25.3,934.8,29.1,0.05,1.0,direct_reuse
65407.0,3.1,20.7,25.7,108.0,7.03,8.0,direct_reuse
180168.0,2.6,6.6,5.4,144.7,6.21,167.0,disposal
68049.0,18.9,11.2,14.3,307.9,9.61,269.0,direct_reuse
77693.0,4.0,64.0,129.3,592.2,0.49,5.0,disposal
300000.0,41.7,20.8,4.3,59.4,5.76,3.0,disposal
42207.0,13.8,30.7,8.1,110.2,6.2,6.0,direct_reuse
28043.0,10.8,12.1,75.8,114.0,0.71,182.0,direct_reuse
66135.0,6.3,24.0,14.5,183.9,6.51,43.0,direct_reuse
66656.0,23.6,8.2,17.6,162.6,3.01,110.0,direct_reuse
33904.0,6.5,26.6,72.8,431.6,0.18,54.0,direct_reuse
23797.0,5.5,33.0,8.5,6.9,3.52,2.0,direct_reuse
246938.0,39.2,31.7,3.4,142.6,0.61,3.0,disposal
61623.0,18.5,11.9,3.8,153.9,0.19,4.0,direct_reuse
29360.0,10.9,18.7,40.4,69.5,2.66,6.0,direct_reuse
93074.0,24.0,37.7,27.4,7.5,1.51,4.0,direct_reuse
45415.0,13.6,20.7,8.7,84.2,10.23,5.0,direct_reuse
41068.0,19.0,19.5,5.0,41.2,2.09,32.0,direct_reuse
72663.0,6.5,112.5,14.5,570.1,4.54,15.0,treat_then_reuse
19845.0,86.8,11.5,76.7,136.0,3.19,76.0,treat_then_reuse
62745.0,8.0,58.2,7.4,37.5,6.22,18.0,direct_reuse
187038.0,54.6,9.7,9.1,9.4,0.52,4.0,disposal
67936.0,11.4,41.4,4.8,172.4,2.13,16.0,direct_reuse
37671.0,27.8,43.2,12.9,193.6,1.37,1.0,direct_reuse
34373.0,26.1,16.3,30.1,71.0,3.86,0.0,direct_reuse
36782.0,37.8,9.3,254.2,174.9,2.3,32.0,direct_reuse
41037.0,6.3,5.1,26.1,61.4,0.74,56.0,direct_reuse
37629.0,35.4,15.0,18.8,291.2,1.06,14.0,direct_reuse
93099.0,70.9,37.4,56.6,268.3,14.06,7.0,treat_then_reuse
14570.0,10.7,10.4,46.3,14.8,0.18,2.0,direct_reuse
89626.0,13.9,26.5,10.0,19.4,4.15,70.0,treat_then_reuse
37580.0,8.4,7.5,318.1,840.8,8.28,26.0,disposal
63823.0,9.9,20.3,19.5,251.0,3.5,19.0,direct_reuse
22273.0,62.8,9.8,26.7,22.5,21.38,12.0,treat_then_reuse
124249.0,5.5,23.0,38.9,16.0,5.58,6.0,direct_reuse
117236.0,5.8,16.4,30.4,113.1,2.72,2.0,direct_reuse
95963.0,57.4,9.5,125.3,25.6,0.9,18.0,treat_then_reuse
16978.0,23.6,14.5,9.9,63.5,2.78,5.0,direct_reuse
87587.0,90.8,11.6,51.4,85.5,4.0,6.0,treat_then_reuse
65082.0,9.0,8.6,24.5,81.5,1.66,160.0,direct_reuse
15936.0,15.1,58.3,65.3,310.8,0.63,11.0,direct_reuse
48194.0,7.4,18.4,15.5,677.4,0.34,0.0,direct_reuse
63270.0,15.3,4.2,13.2,53.2,2.1,5.0,direct_reuse
72349.0,2.7,14.9,48.4,26.0,0.24,3.0,direct_reuse
55497.0,24.9,51.0,30.9,138.1,0.89,10.0,direct_reuse
60106.0,18.0,13.3,7.5,541.7,0.07,1.0,direct_reuse
137520.0,12.8,81.3,101.0,57.8,4.87,23.0,direct_reuse
115638.0,9.5,12.4,48.4,229.4,7.39,8.0,direct_reuse
6588.0,6.0,36.7,18.4,35.8,1.83,6.0,direct_reuse
39253.0,25.9,56.2,11.5,92.1,17.83,15.0,direct_reuse
43684.0,4.7,35.2,31.1,25.1,9.5,11.0,direct_reuse
14379.0,21.3,8.2,44.4,91.1,3.08,10.0,direct_reuse
52362.0,87.1,11.5,3.0,79.2,1.42,9.0,treat_then_reuse
117493.0,51.3,62.6,31.5,175.7,1.05,12.0,treat_then_reuse
22912.0,3.5,12.9,44.0,636.4,3.43,20.0,direct_reuse
62037.0,8.3,53.5,1.2,58.7,1.37,17.0,direct_reuse
25820.0,19.7,17.4,25.4,10.0,3.36,66.0,direct_reuse
30628.0,12.6,27.5,46.2,72.1,3.7,5.0,direct_reuse
137885.0,3.8,8.1,40.3,125.1,1.22,17.0,direct_reuse
33530.0,19.0,15.1,52.6,112.4,6.85,478.0,direct_reuse
67748.0,13.3,12.2,13.6,75.7,1.22,11.0,direct_reuse
13229.0,75.4,29.4,5.8,462.4,1.7,12.0,treat_then_reuse
180525.0,10.7,26.4,2.3,104.6,0.46,2.0,disposal
74746.0,38.5,35.5,74.5,80.2,1.16,4.0,direct_reuse
43142.0,4.3,16.6,46.7,38.3,27.27,10.0,treat_then_reuse
73342.0,5.3,11.7,81.6,13.2,0.51,27.0,direct_reuse
18272.0,25.8,28.4,8.4,129.3,2.91,32.0,direct_reuse
112170.0,35.7,10.8,52.7,117.9,0.91,20.0,direct_reuse
39074.0,5.7,58.1,3.3,28.1,0.09,41.0,direct_reuse
42495.0,13.8,22.4,7.1,85.7,3.41,3.0,direct_reuse
34747.0,3.9,18.9,23.4,76.8,0.8,25.0,direct_reuse
32648.0,11.4,35.5,44.5,45.3,2.5,12.0,direct_reuse
79719.0,28.6,23.1,150.6,37.6,5.97,15.0,direct_reuse
58638.0,9.1,6.5,15.1,140.6,2.24,7.0,direct_reuse
77360.0,10.8,10.5,7.1,70.2,2.53,3.0,direct_reuse
48720.0,4.9,57.2,6.7,47.0,0.53,2.0,direct_reuse
70210.0,7.5,26.2,8.8,34.9,4.13,20.0,direct_reuse
36564.0,65.5,6.4,288.7,78.0,1.29,26.0,treat_then_reuse
233471.0,14.4,32.5,49.8,248.9,0.12,10.0,disposal
16358.0,5.5,15.7,76.3,113.0,4.83,12.0,direct_reuse
118499.0,10.1,12.2,15.1,69.3,7.19,4.0,direct_reuse
127712.0,3.2,9.8,20.0,126.4,11.31,26.0,direct_reuse
26997.0,5.4,54.6,46.5,403.8,27.72,13.0,treat_then_reuse
233396.0,45.8,5.1,10.9,154.4,4.51,7.0,disposal
98405.0,11.8,12.6,14.2,119.8,3.22,45.0,direct_reuse
96741.0,73.8,27.0,8.9,181.7,6.81,32.0,treat_then_reuse
49992.0,12.4,86.7,11.7,75.7,0.52,1.0,direct_reuse
42106.0,13.0,38.2,21.3,110.2,0.19,13.0,direct_reuse
42337.0,24.0,12.5,7.5,52.6,0.89,3.0,direct_reuse
64432.0,1.2,83.4,28.3,16.4,8.67,15.0,direct_reuse
130722.0,16.2,8.3,28.3,131.3,0.7,0.0,direct_reuse
55655.0,12.9,30.3,16.2,131.8,3.02,16.0,direct_reuse
25900.0,51.3,36.2,7.4,65.6,3.47,35.0,treat_then_reuse
87299.0,32.1,12.1,22.8,281.3,2.26,10.0,direct_reuse
93415.0,4.9,42.9,11.0,40.7,0.31,2.0,direct_reuse
77518.0,41.2,16.3,21.2,12.8,2.57,229.0,treat_then_reuse
82607.0,10.6,42.8,75.0,41.8,0.95,69.0,direct_reuse
40552.0,6.0,5.6,4.5,16.5,15.09,5.0,direct_reuse
25584.0,16.1,32.1,272.6,130.6,7.23,8.0,direct_reuse
26696.0,11.2,17.6,18.4,39.4,1.0,1.0,direct_reuse
15602.0,53.8,61.5,32.9,265.9,16.37,25.0,treat_then_reuse
57865.0,18.3,23.7,8.1,259.9,2.58,2.0,direct_reuse
46239.0,16.2,66.6,79.1,32.5,0.19,33.0,direct_reuse
36026.0,30.3,36.8,17.3,37.0,1.49,57.0,direct_reuse
6192.0,36.0,22.2,12.5,162.0,13.82,11.0,direct_reuse
20473.0,27.3,46.1,10.1,264.5,0.57,2.0,direct_reuse
107429.0,48.3,46.3,14.6,9.8,1.51,79.0,treat_then_reuse
30784.0,23.3,35.8,33.2,122.7,0.28,12.0,direct_reuse
63096.0,15.7,3.9,24.7,8.0,0.35,14.0,direct_reuse
18518.0,41.1,11.2,19.1,49.2,0.56,3.0,treat_then_reuse
134201.0,12.4,74.2,8.6,299.8,0.33,16.0,direct_reuse
44320.0,13.9,9.0,8.0,2467.0,0.74,9.0,direct_reuse
60056.0,63.4,49.7,11.6,69.2,15.8,2.0,treat_then_reuse
249708.0,58.0,43.2,34.9,22.8,1.57,91.0,disposal
141706.0,13.4,13.7,44.5,51.2,4.58,170.0,direct_reuse
39553.0,9.0,5.0,52.3,96.8,6.81,56.0,direct_reuse
32362.0,50.2,15.6,20.1,43.1,0.39,45.0,treat_then_reuse
39031.0,27.7,129.3,31.8,32.5,0.56,172.0,treat_then_reuse
70047.0,17.9,12.3,16.4,56.3,4.46,3.0,direct_reuse
45540.0,10.1,13.0,2.5,139.1,0.72,2.0,direct_reuse
37173.0,18.1,11.0,15.5,74.7,4.09,7.0,direct_reuse
136903.0,13.2,64.8,12.8,34.1,14.59,19.0,direct_reuse
45254.0,7.4,20.2,5.8,43.1,0.25,8.0,direct_reuse
245171.0,15.1,14.9,10.2,57.1,1.04,3.0,disposal
52236.0,17.1,76.0,23.6,30.0,1.27,12.0,direct_reuse
171052.0,9.6,39.0,5.2,41.4,0.83,11.0,direct_reuse
62952.0,30.4,11.8,8.6,182.7,0.75,43.0,direct_reuse
96189.0,42.9,9.2,128.7,69.9,0.87,13.0,treat_then_reuse
29518.0,32.2,62.0,2.9,13.1,1.62,1.0,direct_reuse
26967.0,10.5,24.9,16.1,278.0,2.04,22.0,treat_then_reuse
67629.0,26.6,7.1,5.0,142.4,5.69,131.0,direct_reuse
97928.0,14.4,5.9,8.2,19.7,1.6,13.0,direct_reuse
50422.0,4.4,10.0,15.8,60.2,7.05,54.0,direct_reuse
19921.0,24.7,9.1,6.1,37.7,0.76,6.0,direct_reuse
18917.0,15.4,4.8,40.0,189.5,0.35,28.0,direct_reuse
18052.0,139.0,10.2,101.6,59.8,1.11,4.0,treat_then_reuse
14224.0,50.0,11.8,55.1,83.1,3.01,8.0,treat_then_reuse
52925.0,25.5,16.9,68.7,73.1,5.05,9.0,direct_reuse
107746.0,16.8,95.0,3.8,17.7,11.0,25.0,direct_reuse
48563.0,15.6,19.8,15.0,422.4,2.4,4.0,direct_reuse
10074.0,5.5,21.5,35.2,186.5,4.39,1.0,direct_reuse
42893.0,2.8,36.9,57.1,39.6,9.77,25.0,direct_reuse
43741.0,6.1,20.3,164.7,111.2,0.6,23.0,direct_reuse
212607.0,12.9,33.8,72.4,262.8,1.25,14.0,disposal
17677.0,2.0,30.7,58.9,95.7,60.47,49.0,treat_then_reuse
37292.0,8.2,27.1,473.6,498.9,5.02,9.0,direct_reuse
161797.0,10.8,224.3,22.5,2229.7,3.2,19.0,treat_then_reuse
67170.0,11.1,50.9,14.2,78.4,5.27,7.0,direct_reuse
72716.0,7.4,10.3,24.8,47.4,0.29,8.0,direct_reuse
53115.0,9.9,33.0,6.7,30.3,0.71,20.0,direct_reuse
61757.0,63.5,13.0,21.8,7.9,0.44,365.0,treat_then_reuse
84485.0,24.4,35.1,2.5,355.3,2.84,37.0,direct_reuse
27816.0,8.1,8.2,10.6,61.0,1.02,28.0,direct_reuse
90639.0,12.7,10.1,17.5,235.8,1.87,39.0,direct_reuse
18749.0,13.1,32.3,62.8,294.2,1.1,0.0,direct_reuse
61689.0,6.7,54.5,76.2,27.4,0.2,20.0,direct_reuse
55554.0,6.7,36.7,6.3,32.3,5.21,48.0,direct_reuse
31844.0,33.4,48.6,242.6,613.5,0.17,14.0,disposal
48249.0,9.2,33.1,24.0,83.3,0.64,11.0,direct_reuse
31705.0,5.0,28.2,26.8,43.5,0.3,3.0,direct_reuse
23151.0,13.0,16.4,2.9,28.5,0.53,6.0,direct_reuse
38272.0,15.0,47.0,9.5,77.0,2.14,3.0,direct_reuse
22634.0,2.3,55.7,70.8,472.8,8.21,55.0,direct_reuse
61449.0,13.0,23.3,24.6,191.3,0.22,116.0,direct_reuse
21915.0,29.4,22.3,22.9,109.9,0.8,222.0,disposal
80691.0,20.2,87.6,26.4,516.7,0.17,3.0,direct_reuse
21439.0,100.2,24.1,3.6,417.9,0.75,4.0,treat_then_reuse
32978.0,41.5,26.1,17.9,130.0,1.81,4.0,treat_then_reuse
31659.0,49.6,36.1,108.9,1907.8,4.47,3.0,disposal
123946.0,167.3,22.7,74.0,68.6,0.1,3.0,treat_then_reuse
61772.0,26.6,12.7,17.3,301.2,3.37,6.0,direct_reuse
42268.0,15.6,33.2,131.2,58.4,0.47,45.0,direct_reuse
69501.0,32.3,23.8,4.4,243.0,0.34,4.0,direct_reuse
11215.0,8.1,107.1,6.3,68.5,1.8,59.0,treat_then_reuse
47563.0,14.8,46.1,188.0,149.5,3.73,95.0,direct_reuse
198444.0,7.5,15.2,40.2,1247.8,1.45,19.0,disposal
53779.0,19.3,44.0,14.2,256.5,0.4,77.0,direct_reuse
51407.0,7.5,31.4,18.8,152.1,1.45,2.0,direct_reuse
71947.0,7.3,69.9,7.6,38.4,0.64,5.0,direct_reuse
91759.0,19.5,16.1,28.0,110.7,3.62,16.0,direct_reuse
12110.0,11.9,28.5,25.5,29.7,6.67,17.0,direct_reuse
15099.0,2.4,22.7,20.6,238.8,6.14,104.0,direct_reuse
56795.0,3.6,25.7,5.0,232.3,1.61,3.0,direct_reuse
29720.0,4.8,12.1,27.6,73.9,7.1,5.0,direct_reuse
122813.0,6.1,38.9,10.6,561.1,0.44,11.0,direct_reuse
39316.0,19.6,34.3,6.2,480.7,16.74,6.0,direct_reuse
12655.0,16.4,68.6,91.8,106.1,0.43,3.0,direct_reuse
20179.0,35.1,24.3,271.4,167.7,0.12,6.0,direct_reuse
7153.0,26.5,17.6,206.7,47.1,9.73,8.0,direct_reuse
41611.0,35.3,46.1,43.8,66.7,0.65,107.0,direct_reuse
42965.0,23.3,13.0,14.6,27.5,1.92,3.0,direct_reuse
36420.0,16.3,58.4,18.5,53.2,0.43,41.0,disposal
104320.0,36.2,58.3,32.7,80.3,35.61,82.0,treat_then_reuse
113433.0,30.8,67.1,12.1,14.5,17.61,6.0,direct_reuse
43509.0,18.9,33.2,97.8,169.8,12.31,18.0,direct_reuse
11001.0,42.3,16.6,1.7,277.1,1.85,29.0,treat_then_reuse
75516.0,1.6,26.8,14.1,89.2,5.9,23.0,direct_reuse
72312.0,10.4,33.3,52.5,4.6,1.54,14.0,direct_reuse
60875.0,10.2,15.7,7.3,68.1,7.09,4.0,direct_reuse
97444.0,38.0,71.3,15.1,19.4,0.97,33.0,direct_reuse
21690.0,55.4,39.0,41.0,46.0,12.94,7.0,treat_then_reuse
200011.0,3.7,12.0,124.2,444.6,0.91,13.0,disposal
25044.0,47.9,110.6,4.3,6.2,1.05,16.0,treat_then_reuse
82823.0,4.7,26.5,3.9,36.7,0.9,44.0,direct_reuse
15046.0,4.8,10.2,6.5,224.2,2.12,220.0,direct_reuse
25561.0,10.9,12.6,3.2,41.6,1.0,4.0,direct_reuse
141699.0,10.1,80.7,3.5,38.2,3.11,13.0,direct_reuse
40838.0,3.3,105.6,6.3,841.9,0.88,1.0,treat_then_reuse
88251.0,24.2,55.0,88.3,136.5,4.61,112.0,direct_reuse
57865.0,24.8,70.5,13.8,251.6,11.87,13.0,direct_reuse
45548.0,34.8,64.9,20.9,155.1,1.82,8.0,direct_reuse
127350.0,9.1,38.3,6.4,107.5,29.48,13.0,treat_then_reuse
41537.0,13.0,31.9,43.0,361.6,7.14,14.0,direct_reuse
14094.0,13.1,37.8,190.7,732.1,26.57,4.0,disposal
27938.0,61.5,44.2,6.9,14.1,1.52,72.0,treat_then_reuse
72102.0,1.1,13.6,159.1,86.6,0.19,32.0,direct_reuse
64657.0,5.7,44.1,31.1,85.8,0.66,39.0,direct_reuse
16368.0,13.5,78.8,20.5,56.1,0.75,4.0,direct_reuse
29524.0,5.1,20.8,32.5,264.9,0.48,4.0,direct_reuse
32624.0,10.7,19.1,32.1,119.4,0.09,10.0,direct_reuse
37956.0,12.0,35.9,186.5,748.5,6.25,40.0,disposal
18711.0,7.4,14.6,37.5,302.0,0.15,26.0,direct_reuse
31576.0,14.3,8.6,38.4,403.9,5.52,4.0,direct_reuse
29436.0,23.7,61.4,12.1,24.1,28.25,33.0,treat_then_reuse
84126.0,10.9,17.1,55.0,37.1,0.6,3.0,direct_reuse
86369.0,9.0,24.9,6.4,40.6,2.73,5.0,direct_reuse
44264.0,11.6,15.1,22.9,385.8,0.98,15.0,direct_reuse
37256.0,13.4,68.1,639.0,31.1,4.83,2.0,direct_reuse
54065.0,2.8,48.5,1.0,32.1,0.35,3.0,direct_reuse
27678.0,20.4,20.2,26.6,26.2,1.39,125.0,direct_reuse
21965.0,9.0,9.5,27.8,1860.0,7.08,95.0,direct_reuse
25383.0,41.9,18.6,15.3,77.0,1.55,378.0,treat_then_reuse
31434.0,22.9,38.7,15.7,161.2,0.2,24.0,direct_reuse
21711.0,38.6,28.5,22.4,25.7,8.28,32.0,direct_reuse
54910.0,5.4,26.8,14.8,258.6,0.31,10.0,direct_reuse
81699.0,9.6,29.1,26.2,12.8,1.83,7.0,direct_reuse
16140.0,4.4,45.0,11.2,30.7,3.52,45.0,direct_reuse
49891.0,7.1,23.7,227.4,40.3,1.93,94.0,direct_reuse
42026.0,41.5,35.2,14.8,114.5,44.64,40.0,treat_then_reuse
62259.0,51.4,11.1,39.8,37.6,4.28,3.0,treat_then_reuse
48579.0,4.8,189.3,9.0,481.3,1.27,22.0,treat_then_reuse
17721.0,8.9,19.5,61.5,156.6,3.61,4.0,direct_reuse
20258.0,12.6,28.9,48.4,42.2,2.17,7.0,direct_reuse
50041.0,22.8,38.6,33.2,269.7,1.75,142.0,direct_reuse
100725.0,2.8,17.7,5.9,58.4,2.26,2.0,direct_reuse
10405.0,3.2,24.7,8.1,47.0,0.94,315.0,direct_reuse
62443.0,20.9,24.4,151.9,241.1,2.17,28.0,direct_reuse
112728.0,2.3,11.8,8.0,6.1,0.85,6.0,direct_reuse
44041.0,9.0,34.8,43.3,202.0,0.14,13.0,direct_reuse
72052.0,15.6,6.6,6.5,41.1,7.26,4.0,direct_reuse
29967.0,19.6,99.7,67.4,41.0,0.79,5.0,direct_reuse
45091.0,11.9,46.3,8.8,775.8,1.98,14.0,direct_reuse
15762.0,9.7,40.9,6.3,50.2,0.61,7.0,direct_reuse
9499.0,28.8,6.1,8.5,257.6,0.64,3.0,direct_reuse
94839.0,17.4,13.0,10.3,122.4,0.43,9.0,direct_reuse
24600.0,7.5,74.6,32.6,137.2,5.66,2.0,direct_reuse
35637.0,13.9,679.3,21.8,68.3,7.74,2.0,treat_then_reuse
18573.0,19.0,63.8,5.4,64.5,1.71,2.0,direct_reuse
18270.0,63.2,56.2,19.4,483.4,0.82,149.0,treat_then_reuse
43404.0,27.3,37.3,5.1,250.5,0.18,22.0,direct_reuse
29416.0,40.2,12.5,43.5,52.0,4.64,30.0,treat_then_reuse
63868.0,7.8,54.4,54.2,28.5,0.68,12.0,direct_reuse
67291.0,8.4,10.2,19.5,47.3,0.39,26.0,direct_reuse
61365.0,10.9,9.3,27.8,265.0,1.71,71.0,direct_reuse
57932.0,11.8,8.9,164.4,329.2,1.07,22.0,direct_reuse
147922.0,5.4,53.5,16.6,165.7,0.23,143.0,direct_reuse
23218.0,42.1,23.4,6.5,15.2,0.27,12.0,treat_then_reuse
47172.0,29.8,26.6,40.2,206.3,2.55,30.0,direct_reuse
108324.0,10.2,24.2,5.2,377.6,0.7,35.0,direct_reuse
118798.0,24.0,10.0,15.6,109.0,3.2,3.0,direct_reuse
18120.0,16.5,14.3,9.8,794.6,1.99,13.0,direct_reuse
39393.0,25.7,14.9,8.7,21.1,6.44,1.0,direct_reuse
126840.0,4.0,8.0,14.9,191.2,0.56,10.0,direct_reuse
69958.0,11.8,16.4,59.1,29.3,2.23,8.0,direct_reuse
56201.0,12.8,10.3,75.7,288.4,3.78,7.0,direct_reuse
42092.0,23.6,38.9,61.0,176.6,0.73,7.0,direct_reuse
37472.0,7.6,41.6,30.1,652.9,7.14,26.0,direct_reuse
59979.0,1.4,8.7,14.7,156.0,0.19,3.0,direct_reuse
41083.0,5.1,19.4,1.2,57.7,0.56,198.0,direct_reuse
47581.0,12.7,108.3,31.2,52.4,0.18,29.0,treat_then_reuse
51793.0,14.3,11.2,1.3,68.4,0.63,4.0,direct_reuse
30496.0,61.3,34.5,2.0,51.3,1.35,32.0,treat_then_reuse
71146.0,22.7,26.7,16.5,396.2,4.86,54.0,direct_reuse
300000.0,14.5,58.8,27.6,366.2,1.35,21.0,disposal
14131.0,13.1,31.1,11.7,17.4,0.76,3.0,direct_reuse
61501.0,36.4,17.4,126.8,93.9,0.22,349.0,direct_reuse
28792.0,7.9,25.9,35.0,96.4,0.34,32.0,direct_reuse
73437.0,11.9,26.2,14.9,38.1,2.47,2.0,direct_reuse
50645.0,5.1,22.8,106.0,145.8,5.19,17.0,direct_reuse
83558.0,48.3,8.5,131.4,449.0,0.96,9.0,treat_then_reuse
111620.0,19.2,66.3,37.2,240.1,7.96,12.0,direct_reuse
56089.0,7.1,57.6,7.9,396.1,0.48,2.0,direct_reuse
108276.0,12.1,10.6,10.4,40.8,0.99,13.0,direct_reuse
9499.0,21.3,19.3,3.5,93.7,1.11,4.0,direct_reuse
149241.0,10.7,20.5,19.1,38.8,12.04,7.0,direct_reuse
63738.0,8.3,9.7,5.7,117.1,1.96,22.0,direct_reuse
104244.0,7.5,5.5,13.5,129.3,0.16,6.0,direct_reuse
20870.0,18.3,14.3,27.5,258.7,5.68,8.0,direct_reuse
27404.0,9.8,18.4,1.9,381.8,18.17,42.0,direct_reuse
54293.0,8.9,7.7,4.4,192.1,1.19,3.0,direct_reuse
48440.0,4.0,28.3,10.9,34.9,0.51,5.0,direct_reuse
59763.0,14.4,62.2,18.9,20.3,5.07,2.0,direct_reuse
104732.0,11.4,48.1,11.1,159.5,21.19,4.0,treat_then_reuse
14248.0,10.1,22.2,14.5,469.0,4.97,15.0,direct_reuse
96923.0,16.1,5.6,8.6,87.6,0.2,32.0,direct_reuse
49306.0,26.4,43.5,3.5,16.8,4.4,4.0,direct_reuse
42504.0,25.3,27.6,10.6,891.8,2.79,30.0,direct_reuse
17505.0,22.1,34.4,15.6,154.2,0.48,14.0,direct_reuse
69712.0,10.8,115.5,13.8,108.7,8.81,2.0,treat_then_reuse
9046.0,8.1,12.7,23.0,24.9,2.91,16.0,direct_reuse
77178.0,5.3,2.5,33.2,91.6,9.11,73.0,direct_reuse
17249.0,7.9,10.6,45.5,191.6,0.41,1.0,direct_reuse
50890.0,13.7,36.2,9.4,156.5,2.77,247.0,direct_reuse
45097.0,6.6,25.1,3.0,42.6,0.51,5.0,direct_reuse
111155.0,14.7,9.3,92.4,84.5,2.27,1.0,direct_reuse
43258.0,5.6,7.9,31.9,45.7,11.25,15.0,direct_reuse
30155.0,3.0,18.5,6.4,561.5,0.26,42.0,direct_reuse
34385.0,28.1,9.1,28.0,240.9,0.28,8.0,treat_then_reuse
119494.0,8.8,37.2,72.4,50.6,5.71,19.0,direct_reuse
71354.0,6.3,17.7,160.0,24.9,1.62,293.0,direct_reuse
37424.0,5.0,14.9,27.1,122.2,7.56,17.0,direct_reuse
41543.0,19.7,13.4,71.6,52.3,0.58,1068.0,direct_reuse
16366.0,46.4,30.3,4.7,56.8,1.76,81.0,treat_then_reuse
64340.0,9.4,25.4,19.2,25.8,4.03,13.0,direct_reuse
14302.0,11.1,28.8,13.4,29.6,2.17,19.0,direct_reuse
82972.0,35.3,28.3,30.3,107.7,0.16,8.0,direct_reuse
53639.0,2.6,23.2,138.9,67.1,64.68,18.0,treat_then_reuse
260632.0,79.1,10.7,27.1,1402.7,2.17,28.0,disposal
22695.0,121.5,13.7,6.5,173.1,0.29,7.0,treat_then_reuse
45622.0,1.2,17.9,4.4,25.4,2.48,2.0,direct_reuse
172612.0,12.3,128.0,144.7,16.6,2.88,88.0,treat_then_reuse
112868.0,7.0,8.3,37.2,139.5,6.0,52.0,direct_reuse
30111.0,10.6,17.5,34.4,58.2,5.5,1.0,direct_reuse
57341.0,9.2,26.5,13.3,389.4,1.25,16.0,direct_reuse
49089.0,28.0,19.2,27.7,122.7,0.18,57.0,direct_reuse
59717.0,12.2,57.9,6.1,10.2,3.0,49.0,treat_then_reuse
30059.0,5.9,19.2,32.0,29.3,0.19,4.0,direct_reuse
46050.0,11.5,20.3,4.9,42.8,8.0,53.0,direct_reuse
16016.0,21.4,47.1,13.1,146.4,0.64,12.0,direct_reuse
53884.0,4.6,104.4,9.3,28.3,3.76,22.0,treat_then_reuse
67172.0,3.1,75.6,0.5,106.5,0.7,3.0,direct_reuse
41806.0,80.9,22.0,13.2,20.7,0.87,0.0,treat_then_reuse
15827.0,7.6,23.6,6.8,90.6,0.58,4.0,direct_reuse
97926.0,11.9,25.5,15.6,135.2,4.18,27.0,direct_reuse
63270.0,9.4,27.6,20.1,449.3,0.74,9.0,direct_reuse
29489.0,22.0,12.5,167.6,117.9,4.48,32.0,direct_reuse
40279.0,66.4,51.9,29.0,36.7,0.76,64.0,treat_then_reuse
17146.0,22.7,28.9,30.0,465.1,1.22,7.0,direct_reuse
23914.0,3.4,23.7,36.4,73.6,1.73,6.0,direct_reuse
33642.0,3.9,8.9,57.2,210.8,2.01,0.0,direct_reuse
115832.0,9.4,25.8,34.6,45.9,0.5,1.0,direct_reuse
31331.0,10.6,5.4,28.2,99.5,4.12,2.0,direct_reuse
76738.0,2.9,15.4,47.2,37.3,1.16,28.0,direct_reuse
33630.0,28.1,15.6,1.1,128.3,3.34,8.0,direct_reuse
58312.0,5.1,30.9,246.4,217.9,1.61,5.0,direct_reuse
44401.0,51.6,110.4,135.3,52.2,3.53,5.0,treat_then_reuse
90322.0,69.3,38.8,26.1,49.1,0.97,4.0,treat_then_reuse
33713.0,10.8,78.2,3.7,133.3,0.59,49.0,treat_then_reuse
16305.0,20.0,41.1,85.8,36.3,2.87,14.0,direct_reuse
18632.0,4.4,60.3,8.7,16.9,0.87,54.0,direct_reuse
33782.0,23.6,108.4,38.1,132.8,10.98,0.0,treat_then_reuse
20448.0,8.6,13.7,4.3,80.0,1.8,27.0,direct_reuse
65326.0,5.1,13.0,290.5,78.1,0.28,6.0,direct_reuse
35382.0,10.4,41.9,3.6,159.7,0.77,8.0,direct_reuse
258390.0,8.9,24.5,21.8,186.2,0.45,93.0,disposal
14525.0,10.0,29.3,1.6,75.4,6.65,7.0,direct_reuse
56531.0,31.6,20.1,19.1,26.2,4.51,25.0,direct_reuse
22257.0,6.6,15.2,12.1,44.6,1.52,3.0,direct_reuse
34704.0,64.2,89.7,78.6,171.3,2.4,13.0,treat_then_reuse
54122.0,4.1,10.2,12.1,104.6,1.47,1.0,direct_reuse
9626.0,57.6,42.5,78.8,49.2,5.05,11.0,treat_then_reuse
57860.0,5.4,37.3,5.9,38.0,3.24,22.0,direct_reuse
185727.0,13.5,6.9,14.3,177.6,4.1,64.0,disposal
35689.0,8.7,12.6,14.7,70.5,1.28,4.0,direct_reuse
58798.0,9.9,14.4,36.4,206.0,0.73,6.0,direct_reuse
100453.0,27.7,38.5,31.3,236.8,3.91,5.0,direct_reuse
43706.0,51.9,18.3,47.8,63.8,12.39,8.0,treat_then_reuse
32641.0,39.3,22.9,27.7,255.9,6.94,3.0,direct_reuse
9966.0,9.4,7.6,44.4,104.8,12.89,0.0,direct_reuse
76780.0,15.9,157.7,6.8,120.8,2.04,3.0,treat_then_reuse
45287.0,6.7,26.0,32.0,8.1,0.47,11.0,direct_reuse
24128.0,5.5,36.6,138.4,30.9,0.52,10.0,direct_reuse
53563.0,4.8,15.9,2.7,32.8,9.91,28.0,direct_reuse
32579.0,9.1,14.6,36.1,63.4,0.15,43.0,direct_reuse
33864.0,16.9,113.3,45.2,102.1,11.66,6.0,treat_then_reuse
74937.0,2.4,5.3,116.0,106.8,0.59,1.0,direct_reuse
19209.0,12.9,30.7,48.0,123.3,20.09,22.0,treat_then_reuse
102040.0,52.7,9.3,22.7,42.4,1.5,12.0,treat_then_reuse
18428.0,37.0,17.7,33.7,192.6,4.22,8.0,direct_reuse
30826.0,8.0,14.7,8.3,658.7,36.62,76.0,treat_then_reuse
188351.0,3.8,11.1,12.6,61.0,1.07,24.0,disposal
107920.0,20.4,25.2,4.0,43.4,1.05,15.0,direct_reuse
52487.0,1.7,3.1,119.6,42.4,0.67,16.0,direct_reuse
25378.0,36.6,19.1,34.5,98.9,0.45,44.0,direct_reuse
33844.0,11.1,22.8,6.7,50.5,1.07,4.0,direct_reuse
51601.0,70.0,8.3,27.8,13.4,0.8,3.0,treat_then_reuse
50325.0,2.8,82.3,80.7,18.1,0.32,9.0,direct_reuse
46000.0,30.8,15.2,66.1,276.5,1.25,2.0,direct_reuse
47974.0,12.3,20.3,6.6,368.7,2.96,11.0,direct_reuse
42190.0,10.0,15.3,0.5,523.2,0.51,14.0,direct_reuse
17865.0,3.9,23.0,32.3,115.5,1.33,11.0,direct_reuse
34147.0,23.0,69.9,6.9,30.3,10.26,7.0,direct_reuse
92989.0,24.7,177.4,42.4,55.6,0.26,145.0,treat_then_reuse
18810.0,67.1,44.5,62.8,17.5,20.31,50.0,treat_then_reuse
42929.0,33.4,58.6,76.4,16.7,0.69,11.0,direct_reuse
27617.0,7.9,96.8,163.0,119.2,2.14,14.0,disposal
52995.0,5.5,29.9,88.6,162.9,8.7,96.0,direct_reuse
37345.0,3.9,86.2,163.9,776.0,12.93,5.0,disposal
137885.0,50.7,46.2,105.1,82.2,3.04,3.0,treat_then_reuse
69885.0,6.7,27.5,116.7,20.2,0.67,17.0,direct_reuse
19570.0,51.0,32.5,19.1,78.7,0.6,23.0,treat_then_reuse
78422.0,21.6,5.7,4.3,66.0,0.78,25.0,direct_reuse
28502.0,18.1,31.0,394.9,52.4,19.22,42.0,direct_reuse
32732.0,10.2,7.1,21.7,131.4,1.0,4.0,direct_reuse
61064.0,24.4,6.7,87.7,23.7,2.51,1.0,direct_reuse
34745.0,13.3,28.6,10.4,103.9,0.42,5.0,direct_reuse
91583.0,9.7,10.1,63.9,184.3,0.37,29.0,direct_reuse
28505.0,25.2,24.4,1.1,429.1,1.71,3.0,direct_reuse
31785.0,11.8,27.4,12.3,126.6,1.08,1.0,direct_reuse
30963.0,6.6,28.4,17.8,283.6,1.19,15.0,direct_reuse
32993.0,23.1,11.9,35.0,55.2,0.24,5.0,direct_reuse
105814.0,12.7,50.3,72.7,64.4,1.5,1.0,direct_reuse
76127.0,20.9,22.8,5.4,396.5,12.35,14.0,direct_reuse
162261.0,8.9,34.9,44.3,19.9,0.54,7.0,direct_reuse
239750.0,4.5,9.4,87.5,57.8,5.29,151.0,disposal
23825.0,64.2,21.3,335.3,311.5,0.02,14.0,treat_then_reuse
51498.0,54.2,59.0,46.9,71.4,0.58,29.0,treat_then_reuse
21518.0,29.8,53.3,11.6,65.7,0.14,12.0,direct_reuse
28444.0,9.5,13.0,4.4,67.2,8.22,5.0,direct_reuse
31538.0,10.3,15.9,180.4,102.4,5.17,6.0,direct_reuse
23388.0,46.7,11.1,48.7,297.3,0.43,62.0,treat_then_reuse
23475.0,9.8,14.5,19.6,248.8,2.4,37.0,direct_reuse
44312.0,7.6,8.0,2.9,91.2,7.86,1.0,direct_reuse
20917.0,72.6,22.0,6.6,299.4,9.62,2.0,treat_then_reuse
88388.0,12.9,40.7,42.8,131.1,0.97,2.0,direct_reuse
25786.0,66.1,13.1,30.7,231.6,0.09,60.0,treat_then_reuse
300000.0,3.8,22.8,1.9,29.0,0.51,1.0,disposal
35740.0,21.5,20.6,42.9,609.4,4.46,40.0,direct_reuse
51555.0,86.8,57.1,3.1,114.7,25.24,22.0,treat_then_reuse
19797.0,13.8,15.0,102.0,4.4,1.54,15.0,direct_reuse
161824.0,10.6,15.5,25.8,558.6,0.75,6.0,direct_reuse
107329.0,4.7,12.5,11.5,90.5,37.31,72.0,treat_then_reuse
60345.0,35.7,9.9,65.9,58.3,2.79,14.0,direct_reuse
19096.0,6.7,37.5,30.7,46.2,0.33,1.0,direct_reuse
56810.0,12.4,22.0,98.5,146.0,1.41,2.0,direct_reuse
22359.0,4.4,25.6,22.1,33.9,6.05,1.0,direct_reuse
136441.0,54.7,68.0,23.7,47.7,1.5,74.0,treat_then_reuse
86374.0,38.1,71.2,14.3,49.0,4.63,103.0,direct_reuse
52408.0,13.1,6.6,27.5,65.3,0.2,62.0,direct_reuse
8907.0,4.8,41.2,154.1,51.1,0.26,10.0,direct_reuse
24627.0,53.6,29.4,11.0,230.0,0.63,1.0,treat_then_reuse
79335.0,9.7,17.0,43.7,121.3,1.14,3.0,direct_reuse
114579.0,5.0,31.9,7.0,138.7,2.55,3.0,direct_reuse
106555.0,2.8,6.2,1.7,176.2,3.77,11.0,direct_reuse
16084.0,7.5,79.1,25.8,81.3,40.69,98.0,treat_then_reuse
60542.0,3.6,37.0,31.3,29.3,0.63,97.0,direct_reuse
99794.0,7.7,12.3,17.6,655.7,1.1,6.0,direct_reuse
15355.0,26.3,15.4,3.3,249.7,0.65,0.0,direct_reuse
48750.0,9.6,6.3,28.9,530.7,6.71,2.0,direct_reuse
59379.0,18.5,19.1,27.6,280.9,7.2,72.0,direct_reuse
39714.0,7.0,16.7,6.9,54.2,0.92,17.0,direct_reuse
13406.0,14.3,8.5,4.0,6.8,24.18,7.0,treat_then_reuse
39027.0,75.9,45.7,14.8,23.3,0.66,6.0,treat_then_reuse
38983.0,9.8,68.1,44.0,181.3,6.29,4.0,direct_reuse
44194.0,19.0,24.0,33.1,80.5,10.92,2.0,direct_reuse
33043.0,3.3,19.2,7.0,56.7,0.28,273.0,direct_reuse
35950.0,52.9,34.7,23.7,5.8,3.49,160.0,treat_then_reuse
47677.0,8.8,24.2,58.2,88.7,0.05,4.0,direct_reuse
66817.0,34.7,10.3,4.9,27.4,4.81,1.0,direct_reuse
39613.0,12.1,14.6,21.7,40.6,0.39,16.0,direct_reuse
36800.0,23.3,19.4,100.2,229.3,3.45,10.0,direct_reuse
52295.0,24.6,29.9,4.3,29.0,4.4,31.0,treat_then_reuse
12776.0,9.0,24.7,80.4,32.2,7.07,44.0,direct_reuse
68455.0,36.0,29.0,140.2,110.4,5.25,2.0,direct_reuse
49001.0,6.8,7.2,15.4,235.0,1.77,83.0,direct_reuse
50402.0,27.1,41.8,13.3,57.8,1.01,7.0,direct_reuse
96039.0,9.5,24.6,69.4,452.1,1.5,30.0,direct_reuse
12494.0,18.4,189.1,16.1,22.1,0.39,8.0,treat_then_reuse
12312.0,8.9,18.0,1.2,18.2,1.25,49.0,direct_reuse
59377.0,14.1,31.8,17.8,16.6,1.13,0.0,direct_reuse
48777.0,5.1,235.9,35.3,14.6,0.59,37.0,treat_then_reuse
55222.0,16.8,28.7,48.8,130.3,0.17,3.0,direct_reuse
35472.0,14.0,23.2,7.0,30.7,0.31,14.0,direct_reuse
78046.0,8.3,11.1,14.5,19.1,0.03,79.0,direct_reuse
94169.0,12.8,83.3,64.9,136.7,1.1,4.0,direct_reuse
68788.0,15.2,9.7,18.7,222.8,2.63,3.0,direct_reuse
40840.0,7.7,34.5,3.2,286.0,0.05,7.0,direct_reuse
11211.0,12.0,16.8,88.7,235.8,2.24,6.0,direct_reuse
83991.0,5.4,21.1,15.5,32.8,1.41,3.0,direct_reuse
115290.0,111.2,7.9,74.4,122.0,0.36,14.0,treat_then_reuse
76972.0,34.9,71.8,3.8,155.5,0.94,15.0,direct_reuse
26483.0,17.2,19.6,17.4,53.4,6.46,24.0,direct_reuse
78563.0,38.7,9.3,37.0,107.9,0.46,4.0,direct_reuse
89534.0,2.3,66.8,18.1,22.7,1.83,3.0,direct_reuse
145972.0,1.3,16.4,4.9,45.1,2.59,10.0,disposal
26548.0,9.4,32.1,1.1,135.5,0.57,8.0,direct_reuse
41835.0,3.9,48.1,125.0,472.6,6.12,9.0,direct_reuse
82710.0,10.9,35.8,27.0,319.4,2.79,4.0,treat_then_reuse
51031.0,16.2,4.2,81.5,186.2,1.19,20.0,direct_reuse
22424.0,30.8,42.8,61.2,98.3,35.6,3.0,treat_then_reuse
65528.0,4.8,22.6,41.1,82.9,6.15,10.0,direct_reuse
73502.0,19.3,18.9,13.7,18.3,0.18,8.0,direct_reuse
52134.0,13.6,22.5,36.2,35.9,0.99,12.0,treat_then_reuse
57166.0,18.4,6.8,112.1,37.2,40.72,72.0,treat_then_reuse
40901.0,8.4,28.6,22.2,169.4,0.46,2.0,direct_reuse
137971.0,46.8,8.2,196.8,254.5,1.8,0.0,treat_then_reuse
26095.0,12.3,19.5,3.3,202.4,8.17,5.0,direct_reuse
32496.0,66.5,27.8,2.9,330.6,3.85,2.0,treat_then_reuse
49399.0,6.6,57.9,65.7,97.5,4.64,0.0,direct_reuse
90696.0,26.3,12.7,7.5,30.5,4.3,167.0,direct_reuse
17186.0,12.8,78.4,233.2,85.2,1.7,28.0,direct_reuse
19590.0,10.0,52.3,100.0,40.6,0.59,33.0,direct_reuse
11773.0,23.8,17.4,135.0,185.6,2.9,8.0,direct_reuse
50156.0,10.3,10.1,58.1,60.6,0.98,23.0,direct_reuse
22408.0,1.2,7.7,6.6,80.8,0.88,6.0,direct_reuse
37452.0,1.0,30.5,2.7,193.1,11.33,41.0,direct_reuse
77883.0,42.3,13.6,120.8,39.8,1.0,16.0,treat_then_reuse
31286.0,40.7,64.0,3.3,259.9,15.15,12.0,treat_then_reuse
57636.0,73.6,14.2,134.5,20.4,2.3,13.0,treat_then_reuse
39754.0,13.3,11.9,44.9,126.1,1.34,110.0,direct_reuse
78471.0,4.2,29.6,18.3,81.5,0.16,16.0,direct_reuse
68363.0,9.2,14.2,34.1,223.6,25.94,3.0,treat_then_reuse
30201.0,13.6,24.7,35.1,19.8,1.64,20.0,direct_reuse
43562.0,5.4,54.0,15.8,16.7,0.09,25.0,direct_reuse
101785.0,59.4,26.9,111.1,205.4,5.95,10.0,treat_then_reuse
64561.0,101.0,27.0,106.7,58.6,1.54,11.0,treat_then_reuse
18437.0,20.7,28.9,24.2,81.5,0.49,2.0,direct_reuse
77570.0,13.3,6.3,9.8,43.6,5.53,14.0,direct_reuse
22943.0,4.2,33.6,96.3,245.7,0.06,2.0,direct_reuse
131763.0,54.2,27.9,1.8,125.1,0.65,8.0,treat_then_reuse
100395.0,14.4,50.1,34.2,117.3,1.12,4.0,direct_reuse
60049.0,10.4,39.8,48.8,24.9,4.99,53.0,direct_reuse
54724.0,20.8,20.9,7.4,156.3,30.34,125.0,treat_then_reuse
42348.0,7.9,56.0,64.6,30.2,1.2,2.0,direct_reuse
78824.0,15.4,19.4,19.5,43.6,3.0,12.0,direct_reuse
37815.0,3.7,29.9,10.4,20.0,58.73,8.0,treat_then_reuse
57809.0,35.8,19.1,63.8,75.8,1.66,24.0,direct_reuse
90251.0,12.3,35.5,5.5,290.3,3.03,14.0,direct_reuse
33082.0,38.2,18.2,57.0,115.5,0.33,7.0,direct_reuse
31846.0,11.2,91.7,1.9,55.4,21.05,14.0,treat_then_reuse
21246.0,11.9,123.2,28.3,101.5,0.65,9.0,treat_then_reuse
23269.0,4.5,49.4,21.2,100.9,2.34,132.0,direct_reuse
13631.0,26.7,84.2,10.5,96.8,2.25,4.0,direct_reuse
81706.0,6.1,7.2,32.1,109.4,1.84,18.0,direct_reuse
173901.0,8.7,7.9,18.3,28.7,0.94,26.0,direct_reuse
132950.0,13.5,19.0,71.2,101.2,2.26,24.0,direct_reuse
15705.0,15.0,25.4,39.3,13.1,16.19,8.0,direct_reuse
81422.0,2.9,20.9,34.6,169.6,31.98,95.0,treat_then_reuse
132651.0,10.9,6.6,28.5,26.8,1.31,1.0,direct_reuse
35605.0,27.5,61.6,11.4,328.8,0.92,2.0,direct_reuse
52629.0,9.6,137.5,14.0,6.1,0.58,33.0,treat_then_reuse
12022.0,11.0,68.4,27.1,567.9,54.16,3.0,treat_then_reuse
59084.0,15.6,58.5,16.3,14.8,1.95,3.0,treat_then_reuse
23284.0,12.0,29.4,76.2,24.0,7.03,6.0,direct_reuse
56373.0,5.3,12.5,22.5,125.1,4.08,4.0,direct_reuse
16435.0,13.0,26.0,31.5,177.8,29.11,32.0,treat_then_reuse
71682.0,32.9,132.2,3.7,65.9,1.19,47.0,treat_then_reuse
100424.0,5.2,18.5,62.3,240.3,0.39,14.0,treat_then_reuse
28333.0,9.6,17.0,10.0,37.5,18.49,59.0,direct_reuse
22118.0,3.9,59.5,5.7,58.0,5.34,2.0,direct_reuse
10838.0,31.4,62.7,144.8,64.6,2.98,14.0,direct_reuse
40681.0,12.4,12.4,46.4,49.8,12.13,92.0,direct_reuse
32627.0,6.3,19.9,64.9,10.7,3.21,53.0,treat_then_reuse
16552.0,14.6,16.4,34.7,87.6,12.69,105.0,direct_reuse
67313.0,4.6,25.9,18.0,79.3,2.27,5.0,direct_reuse
35776.0,5.3,59.3,14.4,294.7,5.33,48.0,direct_reuse
23086.0,3.6,12.9,51.2,21.9,3.27,6.0,direct_reuse
33250.0,5.2,58.7,78.2,44.6,1.08,30.0,direct_reuse
103768.0,45.7,26.6,18.5,338.3,1.26,87.0,treat_then_reuse
74761.0,7.0,157.7,241.5,124.3,0.99,4.0,treat_then_reuse
44756.0,20.5,31.7,15.9,164.7,2.33,1.0,direct_reuse
75612.0,6.3,22.7,3.8,148.2,0.91,195.0,disposal
21750.0,26.7,38.9,2.5,149.0,2.91,25.0,direct_reuse
50144.0,5.3,18.7,2.7,667.2,2.78,10.0,direct_reuse
54346.0,13.9,5.8,12.2,99.6,2.15,10.0,direct_reuse
35282.0,14.1,20.2,15.2,29.6,2.2,1.0,direct_reuse
66491.0,109.4,20.0,45.6,181.8,0.79,17.0,treat_then_reuse
28387.0,23.7,6.9,19.4,48.3,1.14,5.0,direct_reuse
70044.0,7.9,23.1,55.3,79.8,0.19,13.0,direct_reuse
72135.0,24.9,4.7,21.2,135.3,1.41,13.0,direct_reuse
6361.0,92.2,18.6,20.4,36.5,0.46,0.0,treat_then_reuse
112782.0,3.1,29.8,10.0,51.4,1.88,25.0,direct_reuse
5806.0,6.3,26.5,110.7,151.9,0.65,16.0,direct_reuse
31849.0,10.9,17.7,3.2,49.2,0.11,20.0,direct_reuse
100483.0,9.2,22.9,28.8,262.6,30.82,9.0,treat_then_reuse
39258.0,10.0,13.1,16.2,30.4,1.22,13.0,direct_reuse
17565.0,4.2,24.7,51.3,30.3,10.82,16.0,direct_reuse
22797.0,47.6,25.7,19.6,732.6,0.83,18.0,treat_then_reuse
100593.0,3.7,11.9,20.3,16.7,14.99,25.0,direct_reuse
12771.0,11.2,30.4,14.6,87.4,0.37,19.0,direct_reuse
108044.0,34.5,30.2,106.9,690.0,2.07,195.0,disposal
47166.0,13.1,21.5,20.1,87.2,0.4,4.0,treat_then_reuse
21276.0,5.6,170.2,213.5,396.0,48.47,7.0,treat_then_reuse
32592.0,4.0,21.9,27.8,184.5,1.19,154.0,direct_reuse
24051.0,10.9,19.6,20.6,89.3,4.84,10.0,direct_reuse
89891.0,6.8,17.5,16.9,78.0,2.96,49.0,direct_reuse
81855.0,16.2,11.3,39.5,8.7,1.59,15.0,direct_reuse
14714.0,3.8,42.5,9.9,63.4,3.23,9.0,direct_reuse
36956.0,28.0,14.2,23.9,116.2,9.65,53.0,direct_reuse
26790.0,14.9,15.6,20.3,116.1,3.93,27.0,direct_reuse
121231.0,16.0,15.9,29.7,1356.2,2.04,1.0,direct_reuse
19052.0,49.3,11.2,30.6,122.6,3.24,16.0,treat_then_reuse
150687.0,9.1,6.0,32.5,180.0,19.88,3.0,direct_reuse
47892.0,7.0,16.9,22.5,324.2,0.96,82.0,direct_reuse
21734.0,8.2,49.3,132.0,163.1,0.15,169.0,direct_reuse
30513.0,11.3,28.7,33.4,81.9,0.4,203.0,direct_reuse
27969.0,12.4,85.5,458.1,82.3,0.44,21.0,direct_reuse
20086.0,6.4,44.7,21.3,61.2,0.52,6.0,direct_reuse
52385.0,2.2,37.3,63.5,146.7,0.55,20.0,direct_reuse
20753.0,8.1,110.6,8.4,74.6,1.6,3.0,treat_then_reuse
10655.0,18.6,22.7,107.9,179.0,2.27,411.0,direct_reuse
37580.0,15.2,25.8,8.6,29.7,2.24,73.0,direct_reuse
13877.0,39.6,24.3,34.7,105.8,0.64,19.0,direct_reuse
28955.0,78.3,84.4,14.6,496.3,6.0,54.0,treat_then_reuse
25942.0,26.7,24.6,34.6,70.3,3.3,6.0,direct_reuse
26639.0,46.7,14.6,15.2,683.6,12.88,2.0,treat_then_reuse
198923.0,26.8,39.3,7.8,107.8,4.96,0.0,disposal
50995.0,62.7,12.8,14.5,84.6,1.05,14.0,treat_then_reuse
58207.0,71.2,37.6,127.7,102.3,9.0,9.0,treat_then_reuse
14137.0,31.7,34.2,35.2,63.9,2.35,27.0,direct_reuse
31015.0,25.4,21.1,4.3,10.2,4.65,12.0,direct_reuse
56995.0,11.2,38.6,74.8,237.0,4.21,25.0,direct_reuse
23929.0,13.0,7.5,6.9,1004.2,1.4,41.0,direct_reuse
92563.0,9.9,27.9,49.0,152.7,1.89,1.0,direct_reuse
21123.0,23.6,16.9,39.0,163.3,1.39,45.0,direct_reuse
40117.0,7.0,242.2,42.1,73.6,0.54,7.0,treat_then_reuse
32525.0,11.3,27.8,185.6,321.7,0.1,26.0,direct_reuse
54996.0,1.6,15.2,7.4,86.2,0.67,56.0,direct_reuse
31309.0,63.5,8.1,41.8,120.8,2.14,57.0,treat_then_reuse
40553.0,11.0,69.7,91.1,16.1,6.76,15.0,direct_reuse
41552.0,20.3,18.5,9.3,50.3,4.64,16.0,direct_reuse
29317.0,50.0,13.0,8.2,134.8,1.15,46.0,treat_then_reuse
68842.0,17.6,32.1,14.2,244.2,0.68,1.0,direct_reuse
57923.0,49.4,41.3,29.7,251.7,1.3,3.0,treat_then_reuse
46072.0,4.4,40.7,3.7,15.8,0.46,8.0,direct_reuse
36268.0,116.5,24.9,38.9,17.7,0.11,2.0,treat_then_reuse
85612.0,35.8,27.9,3.7,171.2,0.22,8.0,direct_reuse
41561.0,16.3,29.5,94.8,39.6,9.85,7.0,direct_reuse
39550.0,48.5,32.1,37.2,240.8,18.44,14.0,treat_then_reuse
52748.0,4.7,34.5,199.5,15.0,4.39,11.0,direct_reuse
160751.0,10.4,58.9,44.8,80.8,1.53,61.0,direct_reuse
19182.0,49.4,25.7,13.9,86.7,0.27,29.0,treat_then_reuse
84028.0,2.5,12.8,7.7,152.7,1.34,11.0,direct_reuse
13027.0,22.3,21.9,26.8,29.0,3.65,7.0,direct_reuse
57073.0,21.7,44.8,19.4,10.3,4.85,11.0,direct_reuse
147644.0,79.2,5.9,83.4,108.7,4.04,12.0,treat_then_reuse
69014.0,3.2,5.9,6.6,160.6,7.94,533.0,direct_reuse
55240.0,57.3,51.1,227.0,272.7,20.61,1.0,treat_then_reuse
33113.0,8.1,82.8,92.7,60.7,0.97,3.0,direct_reuse
50098.0,9.0,8.9,15.7,211.3,63.24,2.0,treat_then_reuse
41091.0,4.5,26.6,173.7,153.6,0.12,18.0,direct_reuse
28277.0,5.1,17.8,7.8,385.5,0.6,17.0,direct_reuse
40018.0,19.4,19.9,25.7,84.7,2.14,5.0,direct_reuse
56323.0,4.9,31.3,4.3,13.4,3.37,47.0,treat_then_reuse
28651.0,26.2,8.7,184.2,83.6,1.3,21.0,direct_reuse
27878.0,7.4,10.1,2.8,99.2,0.87,50.0,direct_reuse
18917.0,4.5,19.3,3.6,159.2,28.89,74.0,treat_then_reuse
64441.0,8.4,21.8,9.4,16.7,0.81,0.0,direct_reuse
71806.0,18.2,10.0,98.2,63.9,0.44,34.0,direct_reuse
57651.0,10.5,46.1,63.2,233.9,14.85,2.0,direct_reuse
96338.0,13.9,17.6,23.3,80.3,4.97,18.0,treat_then_reuse
52131.0,25.2,17.5,68.2,64.3,6.84,11.0,direct_reuse
64499.0,35.7,30.8,17.5,732.9,2.13,12.0,direct_reuse
60639.0,10.2,22.1,33.3,27.7,0.28,2.0,direct_reuse
45978.0,5.3,47.9,145.8,349.5,1.84,57.0,direct_reuse
33807.0,14.4,11.6,14.9,276.8,0.23,2.0,direct_reuse
230939.0,20.6,8.0,8.0,70.3,2.26,38.0,disposal
35726.0,3.6,19.1,35.3,86.8,3.86,1.0,direct_reuse
30757.0,6.0,25.7,48.8,86.5,6.67,12.0,direct_reuse
66424.0,7.0,9.1,22.9,110.0,1.46,182.0,direct_reuse
58472.0,11.2,8.1,67.0,46.8,4.36,421.0,direct_reuse
18336.0,6.8,28.4,15.8,56.2,0.51,1.0,direct_reuse
107568.0,25.4,13.4,23.4,60.9,5.79,4.0,direct_reuse
45893.0,3.2,7.7,31.5,63.1,3.96,6.0,direct_reuse
22524.0,3.2,53.1,28.4,64.0,0.58,359.0,direct_reuse
112662.0,10.0,14.8,139.2,7.7,3.29,11.0,direct_reuse
75961.0,11.5,61.5,31.3,100.2,6.8,61.0,direct_reuse
20228.0,3.6,25.1,13.9,50.4,1.83,19.0,direct_reuse
170081.0,7.8,31.1,37.8,11.5,0.57,2.0,direct_reuse
77743.0,9.4,20.7,67.4,61.2,2.08,1.0,direct_reuse
48672.0,9.5,2.9,50.9,59.2,3.38,5.0,direct_reuse
149216.0,15.4,9.9,47.6,366.0,0.56,394.0,disposal
54803.0,7.4,22.2,3.3,49.7,0.44,18.0,direct_reuse
48067.0,50.9,32.8,1.0,187.6,3.25,59.0,treat_then_reuse
30878.0,20.9,5.9,92.8,412.0,4.81,1.0,direct_reuse
73666.0,6.5,23.5,34.0,45.1,26.97,7.0,treat_then_reuse
68434.0,14.7,10.0,19.6,85.4,3.92,39.0,direct_reuse
49527.0,15.1,29.6,46.2,602.8,0.34,2.0,direct_reuse
28198.0,40.2,24.2,202.9,115.8,23.38,11.0,treat_then_reuse
53688.0,7.8,44.5,109.5,135.8,6.5,3.0,direct_reuse
46683.0,26.9,57.6,63.7,57.5,0.12,42.0,direct_reuse
19275.0,14.0,35.4,6.9,191.7,0.43,22.0,direct_reuse
17496.0,51.5,48.8,8.1,86.2,0.87,34.0,treat_then_reuse
72810.0,43.0,18.5,1.1,12.0,4.9,45.0,treat_then_reuse
7932.0,16.1,234.7,43.0,60.9,0.07,9.0,treat_then_reuse
56601.0,10.6,9.3,76.0,24.5,1.41,55.0,direct_reuse
35078.0,21.2,16.1,83.8,101.8,4.55,5.0,direct_reuse
122489.0,11.4,50.5,45.2,32.8,0.04,31.0,direct_reuse
34703.0,61.1,44.8,16.7,152.3,4.35,1.0,treat_then_reuse
77780.0,14.4,36.2,10.2,94.6,5.09,4.0,direct_reuse
37129.0,9.3,42.1,7.5,22.8,0.55,393.0,direct_reuse
53084.0,8.9,4.6,16.5,52.4,0.37,30.0,direct_reuse
82108.0,4.5,87.5,6.2,178.1,0.54,30.0,direct_reuse
35462.0,22.2,20.8,165.2,318.2,0.05,4.0,direct_reuse
98478.0,6.4,66.5,4.2,33.4,1.08,2.0,direct_reuse
24451.0,36.2,4.8,15.9,26.9,2.19,8.0,direct_reuse
60247.0,4.2,30.1,2.0,769.8,0.34,11.0,direct_reuse
93512.0,15.1,15.6,28.7,89.1,5.83,215.0,direct_reuse
77810.0,37.9,38.8,20.0,99.5,1.88,56.0,direct_reuse
187496.0,1.9,31.6,13.1,39.9,2.31,14.0,disposal
28727.0,82.8,32.9,6.6,114.1,0.98,13.0,treat_then_reuse
18669.0,9.2,10.5,20.1,593.8,4.33,38.0,direct_reuse
24440.0,15.3,23.4,10.5,119.1,8.83,2.0,direct_reuse
77832.0,22.5,21.2,17.0,290.5,0.97,1.0,direct_reuse
69463.0,25.9,36.5,210.4,92.9,4.43,37.0,direct_reuse
52658.0,17.2,54.1,24.7,29.1,4.5,14.0,direct_reuse
22335.0,33.0,27.7,38.1,42.5,2.84,2.0,direct_reuse
83852.0,21.5,8.8,11.5,26.3,14.59,1.0,direct_reuse
20800.0,65.7,26.7,7.8,114.4,0.64,47.0,treat_then_reuse
110334.0,21.5,198.1,19.5,345.9,0.95,6.0,treat_then_reuse
300000.0,78.9,91.5,405.3,107.5,0.6,22.0,disposal
63355.0,30.3,2.3,14.2,64.2,4.23,8.0,direct_reuse
73731.0,2.7,25.8,31.0,37.8,1.16,12.0,direct_reuse
34717.0,141.2,51.7,7.4,133.1,0.67,5.0,treat_then_reuse
13806.0,8.0,21.2,0.7,23.1,14.33,11.0,direct_reuse
32148.0,51.7,17.0,7.8,25.9,17.33,29.0,treat_then_reuse
22810.0,13.8,19.8,349.6,242.3,1.08,8.0,treat_then_reuse
17803.0,35.0,38.2,41.0,66.3,0.28,7.0,direct_reuse
163677.0,7.2,9.8,143.9,64.9,18.59,30.0,direct_reuse
59338.0,23.6,63.5,13.2,74.7,3.04,33.0,direct_reuse
63945.0,10.7,23.5,1.2,200.0,2.85,2.0,direct_reuse
39485.0,55.8,11.6,5.3,108.0,1.89,12.0,treat_then_reuse
43434.0,20.0,60.3,32.3,39.8,0.58,6.0,direct_reuse
96296.0,31.3,7.1,26.7,41.4,0.96,12.0,direct_reuse
47924.0,1.9,15.7,19.8,72.6,3.98,105.0,direct_reuse
71075.0,12.5,15.5,10.6,125.5,0.92,21.0,direct_reuse
42736.0,19.5,136.3,62.0,86.6,2.89,313.0,treat_then_reuse
38580.0,16.5,14.2,11.0,78.5,1.68,17.0,direct_reuse
18309.0,32.0,4.4,29.1,94.7,0.42,9.0,direct_reuse
12278.0,9.7,15.4,25.4,86.5,13.56,12.0,direct_reuse
40819.0,14.1,35.3,12.9,38.2,3.57,15.0,direct_reuse
50998.0,39.0,45.9,7.0,304.2,2.53,20.0,direct_reuse
19925.0,1.7,151.6,12.0,53.0,3.39,3.0,treat_then_reuse
47852.0,22.9,75.6,190.3,103.8,0.16,9.0,direct_reuse
50900.0,10.0,28.5,76.3,9.3,0.87,4.0,direct_reuse
10838.0,5.9,12.0,68.3,71.0,0.23,57.0,direct_reuse
25833.0,18.2,89.9,7.8,26.9,1.94,1.0,direct_reuse
65192.0,40.6,18.3,3.6,30.7,2.52,15.0,treat_then_reuse
64276.0,34.3,14.5,74.9,1292.6,1.98,1.0,direct_reuse
21860.0,11.9,17.6,59.5,118.4,7.63,23.0,direct_reuse
54771.0,29.6,9.0,23.7,346.8,0.24,7.0,direct_reuse
100276.0,29.4,16.9,12.9,230.6,0.58,1.0,direct_reuse
84453.0,12.4,20.4,3.5,265.5,2.83,50.0,direct_reuse
45858.0,7.2,44.0,56.9,72.3,2.32,0.0,direct_reuse
35327.0,7.6,18.0,83.4,526.9,0.3,12.0,direct_reuse
31554.0,28.6,8.9,8.9,228.5,7.81,34.0,direct_reuse
68014.0,13.0,6.8,8.0,94.2,12.26,96.0,direct_reuse
56194.0,5.3,29.0,89.1,120.3,2.87,1.0,direct_reuse
76159.0,3.0,26.0,9.3,77.4,0.23,6.0,direct_reuse
53761.0,28.5,15.7,169.8,95.3,2.03,62.0,direct_reuse
86954.0,8.2,16.9,17.6,85.8,2.57,69.0,direct_reuse
52377.0,18.1,33.5,12.6,137.0,1.16,83.0,direct_reuse
84904.0,41.1,74.6,21.2,610.3,9.5,568.0,treat_then_reuse
90181.0,4.1,13.1,12.6,23.9,1.42,6.0,direct_reuse
27913.0,12.9,26.3,77.6,316.3,25.43,21.0,treat_then_reuse
13826.0,11.5,52.8,58.1,60.0,4.56,7.0,direct_reuse
144415.0,18.9,13.2,74.1,363.8,2.36,1.0,direct_reuse
58669.0,41.1,24.2,25.1,62.4,5.46,11.0,treat_then_reuse
14763.0,4.1,23.8,11.6,141.7,12.06,1.0,direct_reuse
29742.0,22.5,8.6,19.9,75.6,5.31,6.0,direct_reuse
84146.0,34.1,28.1,12.1,13.4,1.49,1.0,direct_reuse
40305.0,11.4,25.2,116.7,609.6,0.7,24.0,disposal
34254.0,11.9,38.2,66.9,31.9,0.38,4.0,direct_reuse
130694.0,19.6,9.5,18.0,98.7,0.07,1.0,direct_reuse
23550.0,18.4,24.7,6.6,28.3,2.07,45.0,direct_reuse
28037.0,22.7,74.1,127.6,20.7,1.0,5.0,direct_reuse
56839.0,22.3,129.3,23.7,71.8,1.07,6.0,treat_then_reuse
64429.0,5.6,68.3,17.2,46.9,6.28,3.0,direct_reuse
69386.0,32.8,9.6,129.0,24.9,1.43,68.0,direct_reuse
92769.0,38.5,35.2,10.9,86.6,19.37,18.0,direct_reuse
56331.0,15.9,16.7,13.7,17.6,0.78,5.0,direct_reuse
69049.0,3.5,30.8,15.2,103.3,0.47,1.0,direct_reuse
40886.0,12.1,13.2,4.1,78.3,0.32,526.0,direct_reuse
51220.0,16.0,6.2,29.3,5.9,4.22,237.0,direct_reuse
52853.0,4.8,18.6,8.0,50.6,7.37,106.0,direct_reuse
56986.0,9.7,43.7,10.1,150.7,0.76,4.0,direct_reuse
84185.0,3.8,30.9,8.6,27.9,0.41,6.0,direct_reuse
72302.0,23.3,33.9,9.9,158.1,12.05,22.0,direct_reuse
50562.0,15.6,29.2,7.3,144.9,0.25,3.0,direct_reuse
27823.0,3.1,33.9,27.0,29.4,6.13,3.0,direct_reuse
51399.0,18.5,37.5,16.7,88.8,0.78,109.0,direct_reuse
48069.0,12.8,19.7,21.3,223.1,2.76,11.0,direct_reuse
56119.0,21.4,26.2,338.5,34.3,6.69,2.0,direct_reuse
229709.0,9.5,98.9,16.7,71.8,3.06,51.0,disposal
33974.0,6.5,27.5,41.5,319.0,1.12,5.0,direct_reuse
65881.0,6.7,25.4,47.6,35.0,10.12,1.0,direct_reuse
103562.0,8.3,26.6,18.6,149.2,2.4,2.0,direct_reuse
52502.0,13.7,20.6,27.9,27.5,197.8,6.0,treat_then_reuse
251825.0,15.4,17.3,20.6,75.4,0.18,17.0,disposal
37623.0,11.3,29.0,25.6,147.1,0.18,16.0,direct_reuse
61504.0,9.2,16.4,9.9,6.4,6.0,77.0,direct_reuse
28025.0,9.8,21.8,11.1,50.0,1.58,9.0,direct_reuse
38328.0,128.6,13.0,20.5,144.4,4.62,6.0,treat_then_reuse
58352.0,6.7,26.7,1.9,115.4,0.4,79.0,direct_reuse
88647.0,8.1,39.1,120.9,50.7,1.77,53.0,direct_reuse
61290.0,261.0,20.7,268.5,26.7,2.99,9.0,treat_then_reuse
118347.0,19.7,4.9,24.6,179.7,0.81,19.0,direct_reuse
45868.0,3.9,39.3,44.6,63.1,2.23,6.0,direct_reuse
38851.0,28.7,27.0,73.5,164.0,0.28,2.0,direct_reuse
300000.0,5.9,11.1,4.1,136.8,2.75,329.0,disposal
64600.0,30.5,45.5,61.2,55.0,10.79,5.0,direct_reuse
29625.0,11.1,8.0,12.0,292.9,0.33,19.0,direct_reuse
30152.0,9.1,56.6,313.8,46.8,0.31,1.0,direct_reuse
25340.0,57.3,23.4,16.0,333.5,7.74,37.0,treat_then_reuse
94429.0,22.4,4.0,59.7,385.1,0.3,2.0,direct_reuse
37985.0,32.3,28.3,16.2,285.8,4.92,151.0,direct_reuse
53592.0,19.9,17.7,280.3,73.8,1.77,181.0,direct_reuse
46889.0,9.0,15.7,10.9,1482.9,0.96,28.0,direct_reuse
81801.0,23.3,13.6,81.3,106.4,11.09,14.0,direct_reuse
27100.0,40.0,22.2,42.6,117.4,5.51,9.0,direct_reuse
23089.0,15.2,16.6,32.6,87.9,2.37,11.0,direct_reuse
57355.0,68.1,5.6,26.4,26.0,0.1,23.0,treat_then_reuse
74658.0,28.9,67.9,9.0,374.1,4.16,14.0,direct_reuse
61869.0,16.3,20.2,0.9,48.0,0.41,53.0,direct_reuse
27816.0,16.9,13.7,72.9,247.5,1.24,3.0,direct_reuse
78766.0,15.2,9.9,11.2,322.3,1.66,121.0,direct_reuse
29123.0,4.4,45.4,81.7,174.8,19.42,6.0,direct_reuse
34027.0,12.4,8.7,30.6,42.0,1.19,4.0,direct_reuse
25317.0,16.4,27.3,84.8,61.9,0.26,21.0,direct_reuse
121882.0,9.3,15.4,52.6,4.7,11.14,23.0,direct_reuse
76374.0,18.2,16.1,1.0,79.2,4.24,1.0,direct_reuse
74869.0,13.7,10.1,42.0,217.7,4.45,6.0,direct_reuse
117365.0,27.0,14.9,13.3,69.3,11.42,0.0,direct_reuse
300000.0,24.5,24.7,81.3,47.0,15.49,4.0,disposal
14817.0,15.6,29.6,40.8,64.9,0.52,5.0,direct_reuse
29235.0,3.9,13.1,41.4,342.7,0.27,19.0,direct_reuse
31846.0,67.5,22.8,14.5,84.8,4.93,4.0,treat_then_reuse
27023.0,11.8,49.9,6.7,694.9,1.17,5.0,direct_reuse
23056.0,12.5,6.5,11.9,48.0,1.32,86.0,direct_reuse
39745.0,9.9,24.4,2.3,114.3,0.38,269.0,direct_reuse
20918.0,8.7,11.5,9.9,55.9,3.52,3.0,direct_reuse
61978.0,54.0,10.6,3.5,881.8,2.78,56.0,treat_then_reuse
50827.0,46.9,30.2,3.6,109.7,1.35,22.0,treat_then_reuse
68646.0,20.1,15.9,23.1,935.3,0.27,1.0,direct_reuse
69941.0,12.2,9.3,38.1,56.7,7.94,4.0,direct_reuse
74765.0,23.5,70.8,19.3,483.2,2.3,0.0,direct_reuse
37745.0,14.4,51.2,11.0,102.5,7.05,20.0,direct_reuse
216382.0,11.3,5.2,6.4,226.0,0.11,2.0,disposal
57763.0,18.3,7.5,13.7,23.5,1.78,15.0,direct_reuse
13310.0,9.1,39.4,7.5,132.1,0.65,576.0,direct_reuse
24303.0,16.9,19.5,18.6,27.8,1.73,133.0,direct_reuse
14496.0,16.2,81.5,3.2,119.4,5.62,4.0,direct_reuse
49619.0,23.2,40.2,46.6,16.9,2.67,3.0,direct_reuse
45014.0,7.7,31.2,10.2,81.2,1.69,85.0,direct_reuse
35316.0,25.5,10.8,31.5,300.4,1.68,3.0,direct_reuse
200315.0,6.0,36.3,58.2,164.4,0.22,54.0,disposal
71990.0,8.0,8.8,29.8,23.2,0.51,738.0,direct_reuse
81493.0,8.4,69.7,52.4,11.2,7.08,34.0,direct_reuse
25546.0,5.1,34.4,1.7,155.5,0.85,72.0,direct_reuse
24358.0,33.6,12.7,11.1,512.5,7.26,60.0,treat_then_reuse
50300.0,5.6,46.7,75.5,31.2,4.83,5.0,direct_reuse
55332.0,7.2,147.4,37.0,904.3,5.17,19.0,direct_reuse
13368.0,41.7,20.6,184.6,89.4,2.54,3.0,treat_then_reuse
43208.0,8.1,38.1,155.3,10.4,0.94,84.0,direct_reuse
49506.0,11.4,17.4,28.8,16.2,1.35,2.0,direct_reuse
42167.0,5.4,26.3,14.8,210.0,3.79,35.0,direct_reuse
27740.0,28.5,7.3,6.4,103.8,0.1,67.0,direct_reuse
33601.0,28.8,24.5,11.3,459.6,8.31,6.0,direct_reuse
43313.0,26.2,25.4,12.3,24.1,0.86,4.0,direct_reuse
52238.0,21.8,103.5,9.9,102.5,1.47,9.0,treat_then_reuse
74858.0,14.4,5.8,6.7,90.7,1.49,3.0,direct_reuse
104464.0,8.4,19.6,32.5,76.9,1.57,15.0,direct_reuse
39893.0,6.5,68.8,153.8,59.1,0.3,3.0,direct_reuse
35621.0,43.0,20.2,61.6,60.4,2.01,3.0,treat_then_reuse
66593.0,26.8,21.4,13.6,109.1,3.57,28.0,direct_reuse
75176.0,7.2,12.6,67.8,125.6,0.12,31.0,direct_reuse
36173.0,14.0,11.6,30.4,118.8,0.3,8.0,direct_reuse
85244.0,10.3,5.7,19.1,339.2,5.28,1.0,direct_reuse
97315.0,4.9,14.8,17.7,24.0,4.15,71.0,direct_reuse
121077.0,15.8,11.1,15.8,12.3,2.43,6.0,direct_reuse
170216.0,9.3,27.0,43.9,275.5,0.68,269.0,direct_reuse
26729.0,5.7,13.1,23.8,31.9,4.18,10.0,direct_reuse
49500.0,3.6,16.7,8.4,59.3,0.35,15.0,direct_reuse
49409.0,3.3,17.1,7.9,45.9,1.38,6.0,direct_reuse
45768.0,9.6,23.6,29.0,44.8,0.3,18.0,direct_reuse
31117.0,12.5,16.1,33.6,18.1,1.34,2241.0,direct_reuse
17328.0,6.1,10.5,13.8,48.1,0.43,7.0,direct_reuse
52306.0,24.2,26.3,5.2,183.9,4.4,83.0,direct_reuse
28628.0,12.7,57.6,90.1,89.6,2.9,14.0,disposal
52062.0,22.6,27.2,69.8,156.8,0.79,71.0,direct_reuse
28118.0,11.4,15.1,1.8,52.2,6.8,1.0,direct_reuse
22703.0,6.6,22.2,100.2,243.0,0.48,225.0,direct_reuse
57758.0,14.9,4.8,15.6,51.5,1.57,20.0,direct_reuse
54483.0,4.3,21.9,25.2,8.9,0.74,8.0,direct_reuse
73534.0,21.9,17.8,78.7,127.5,4.33,47.0,direct_reuse
226410.0,5.8,11.6,145.9,209.4,3.81,15.0,disposal
59522.0,30.8,13.4,66.9,48.7,8.96,2.0,direct_reuse
68841.0,9.9,17.7,26.8,336.7,1.84,0.0,direct_reuse
23057.0,35.0,54.3,3.9,35.3,0.04,188.0,direct_reuse
19914.0,4.9,58.8,1.8,188.3,0.94,9.0,direct_reuse
148447.0,7.3,11.7,57.6,613.5,12.61,5.0,direct_reuse
25682.0,19.0,16.2,100.5,93.7,1.08,5.0,direct_reuse
23606.0,38.6,16.5,7.6,70.2,0.14,110.0,direct_reuse
47697.0,60.3,46.9,14.5,80.1,2.96,6.0,treat_then_reuse
46022.0,14.0,27.6,10.3,539.8,3.26,32.0,direct_reuse
26062.0,70.4,26.4,10.0,140.2,0.64,7.0,treat_then_reuse
39597.0,10.4,37.7,73.0,952.1,1.2,2.0,direct_reuse
115909.0,36.2,15.2,26.1,122.4,0.55,47.0,direct_reuse
27884.0,5.8,73.0,15.3,43.9,3.25,64.0,direct_reuse
18480.0,19.7,24.5,487.4,47.4,1.77,4.0,direct_reuse
94828.0,1.6,12.4,3.6,96.3,0.36,12.0,direct_reuse
69190.0,4.9,20.4,38.8,9.5,1.63,14.0,direct_reuse
31750.0,20.5,65.7,5.7,53.4,0.64,24.0,direct_reuse
16195.0,4.1,17.5,16.6,54.7,11.02,234.0,direct_reuse
29108.0,19.8,52.4,24.0,117.2,5.27,7.0,direct_reuse
47179.0,30.4,14.9,55.3,762.0,1.41,7.0,treat_then_reuse
110854.0,8.6,13.3,14.7,95.6,1.83,9.0,direct_reuse
23728.0,5.6,41.6,12.9,10.9,6.16,3.0,direct_reuse
46205.0,8.8,12.2,14.4,32.9,1.32,1.0,direct_reuse
78637.0,5.6,47.4,5.5,120.1,4.42,15.0,direct_reuse
9257.0,12.3,32.5,42.9,99.7,11.25,27.0,direct_reuse
101078.0,14.8,12.2,28.2,537.5,0.87,12.0,direct_reuse
21424.0,10.2,23.2,33.9,258.8,14.01,11.0,direct_reuse
61846.0,60.8,15.8,18.5,250.4,9.6,3.0,treat_then_reuse
58260.0,7.0,32.4,15.9,70.9,2.28,18.0,direct_reuse
104737.0,47.1,111.1,82.3,301.6,0.93,16.0,treat_then_reuse
72088.0,5.3,18.2,68.5,33.6,2.24,25.0,direct_reuse
9283.0,14.4,37.6,109.7,261.2,1.2,20.0,direct_reuse
28301.0,39.0,25.0,31.4,66.0,0.59,22.0,direct_reuse
54000.0,37.3,25.0,101.8,18.3,3.29,88.0,direct_reuse
42767.0,9.2,21.5,12.2,172.9,0.44,29.0,direct_reuse
68482.0,22.2,12.4,15.8,418.8,1.06,25.0,direct_reuse
85183.0,19.7,32.1,84.3,57.6,1.08,1.0,direct_reuse
75050.0,8.3,19.5,55.3,502.2,0.28,59.0,disposal
42193.0,23.4,11.9,14.2,14.6,3.88,8.0,direct_reuse
13461.0,72.0,55.2,5.7,24.1,1.23,14.0,treat_then_reuse
35638.0,20.6,26.6,15.7,76.6,8.92,2.0,direct_reuse
65608.0,22.4,20.4,8.8,59.9,1.2,280.0,direct_reuse
22850.0,24.7,71.7,159.1,43.2,0.97,0.0,direct_reuse
76259.0,3.6,5.6,50.0,104.3,0.51,114.0,direct_reuse
92584.0,20.4,67.9,8.0,50.3,1.73,23.0,direct_reuse
53573.0,5.4,12.1,5.7,60.7,1.75,1.0,direct_reuse
5741.0,7.9,29.1,7.9,122.3,4.32,258.0,direct_reuse
20037.0,94.2,15.3,10.3,43.2,1.8,26.0,treat_then_reuse
183567.0,10.7,11.7,16.4,80.1,25.08,0.0,disposal
33437.0,6.9,70.2,76.5,44.3,2.98,6.0,direct_reuse
12223.0,38.0,108.3,6.3,23.9,0.46,27.0,treat_then_reuse
116387.0,5.7,20.6,313.4,208.5,0.41,159.0,direct_reuse
49481.0,9.0,32.1,6.5,589.1,3.3,7.0,direct_reuse
106240.0,41.4,25.7,3.7,290.3,0.44,0.0,treat_then_reuse
59508.0,14.0,97.9,152.3,129.7,3.57,109.0,direct_reuse
67575.0,3.3,4.5,98.1,44.4,5.28,26.0,direct_reuse
63203.0,22.0,33.2,16.1,65.7,5.45,0.0,direct_reuse
79877.0,9.4,13.7,31.7,287.9,0.53,20.0,direct_reuse
241398.0,53.8,3.7,32.7,7.3,5.46,24.0,disposal
96732.0,7.8,18.4,23.7,60.4,2.51,7.0,direct_reuse
16216.0,34.7,107.6,4.2,201.9,0.75,4.0,treat_then_reuse
67014.0,66.6,14.5,1.0,25.7,1.34,5.0,treat_then_reuse
108993.0,6.3,46.2,7.3,143.4,3.04,7.0,direct_reuse
113765.0,11.3,64.0,177.6,136.3,0.69,21.0,direct_reuse
36366.0,19.1,24.3,186.1,18.2,2.44,40.0,direct_reuse
110798.0,6.2,27.0,14.7,99.1,10.8,0.0,direct_reuse
93847.0,17.2,6.2,6.4,45.6,5.77,18.0,direct_reuse
296785.0,11.0,13.8,28.0,142.3,1.83,25.0,disposal
28998.0,10.8,50.7,34.0,188.1,2.24,16.0,direct_reuse
34366.0,14.1,25.8,41.3,139.6,0.82,7.0,direct_reuse
39566.0,14.4,32.9,1.0,97.5,0.85,102.0,direct_reuse
34782.0,15.6,27.3,888.3,123.7,0.22,92.0,direct_reuse
26291.0,7.9,141.7,78.2,24.7,2.29,7.0,treat_then_reuse
7088.0,8.2,17.4,15.8,87.0,4.0,11.0,direct_reuse
36160.0,12.1,88.6,8.5,37.5,1.5,39.0,direct_reuse
63484.0,12.9,27.3,65.7,280.0,0.53,83.0,direct_reuse
34709.0,9.1,95.1,36.4,190.9,1.8,4.0,direct_reuse
189998.0,18.0,9.2,22.4,190.3,9.43,3.0,disposal
49482.0,2.6,28.4,34.8,592.8,5.3,18.0,direct_reuse
121021.0,7.0,17.9,17.5,62.6,1.59,2.0,direct_reuse
58865.0,10.5,27.4,32.5,49.2,23.61,1.0,treat_then_reuse
87421.0,6.2,65.2,48.0,61.0,55.05,4.0,treat_then_reuse
59603.0,58.3,33.2,30.3,15.4,0.88,23.0,treat_then_reuse
127791.0,13.7,65.1,28.5,16.8,1.2,125.0,direct_reuse
50978.0,15.8,14.4,106.9,178.3,4.06,4.0,direct_reuse
69375.0,8.7,12.7,3.0,19.4,0.5,10.0,direct_reuse
63350.0,13.3,24.9,7.7,27.6,4.97,15.0,direct_reuse
40063.0,4.5,23.8,20.7,80.5,1.88,5.0,direct_reuse
65087.0,11.6,21.1,8.4,57.2,2.67,4.0,direct_reuse
234233.0,5.8,11.4,12.5,238.5,0.78,20.0,disposal
40567.0,10.5,64.0,94.2,96.2,0.59,2.0,direct_reuse
65751.0,1.3,18.4,16.8,37.4,0.12,4.0,direct_reuse
118237.0,4.9,76.8,2.2,262.1,11.36,9.0,direct_reuse
108899.0,50.3,24.8,12.1,200.7,5.61,20.0,treat_then_reuse
49424.0,28.4,41.2,21.5,19.1,3.96,1.0,direct_reuse
9243.0,44.1,38.3,21.1,118.8,2.59,10.0,treat_then_reuse
70382.0,46.9,12.7,39.1,41.0,0.08,2.0,treat_then_reuse
10367.0,24.7,32.9,35.5,39.8,0.62,4.0,direct_reuse
137167.0,9.0,114.7,17.0,703.8,1.18,40.0,treat_then_reuse
55195.0,5.3,30.0,4.8,103.2,0.4,11.0,direct_reuse
98693.0,37.8,50.5,11.8,70.9,0.18,149.0,direct_reuse
26070.0,14.3,42.7,9.5,98.8,0.46,11.0,direct_reuse
16535.0,127.1,31.4,14.3,235.5,1.76,52.0,treat_then_reuse
58837.0,9.7,28.5,46.0,41.6,1.76,40.0,direct_reuse
47881.0,79.5,38.0,32.6,50.2,5.36,12.0,treat_then_reuse
34750.0,11.7,45.2,54.0,185.4,24.1,2.0,treat_then_reuse
52014.0,44.8,8.3,12.7,17.0,4.02,10.0,treat_then_reuse
300000.0,62.0,29.9,122.7,267.7,1.31,5.0,disposal
87919.0,5.4,21.2,45.0,15.4,17.12,5.0,direct_reuse
102196.0,8.7,17.9,23.0,68.7,0.21,15.0,direct_reuse
88500.0,5.3,69.2,41.4,15.5,0.11,1.0,direct_reuse
138085.0,4.5,13.6,8.9,28.2,0.52,3.0,direct_reuse
42914.0,24.5,8.0,1.6,375.2,4.74,3.0,direct_reuse
11634.0,11.3,46.4,9.7,284.0,2.05,8.0,direct_reuse
42958.0,14.1,7.9,49.3,319.4,0.38,4.0,direct_reuse
86527.0,22.2,5.2,22.1,18.3,0.64,4.0,direct_reuse
24863.0,2.5,50.7,17.0,28.3,0.33,15.0,direct_reuse
43328.0,42.9,27.9,7.3,130.8,0.33,6.0,treat_then_reuse
30205.0,9.8,35.8,1.9,197.7,12.38,12.0,direct_reuse
140283.0,21.7,17.2,111.0,37.4,1.37,2.0,direct_reuse
82836.0,23.5,8.1,15.7,47.6,16.45,4.0,direct_reuse
77349.0,46.2,9.5,12.0,25.9,0.52,260.0,treat_then_reuse
75744.0,12.3,19.7,9.0,557.8,3.12,4.0,direct_reuse
47759.0,2.0,8.9,90.5,53.4,2.21,1.0,direct_reuse
56291.0,14.2,31.4,57.8,93.2,5.17,20.0,direct_reuse
21383.0,16.1,16.9,6.3,98.7,2.3,4.0,direct_reuse
10609.0,5.3,28.4,81.2,303.7,5.93,18.0,direct_reuse
54451.0,15.4,27.8,16.9,31.6,3.39,11.0,direct_reuse
61500.0,9.7,33.4,9.7,325.4,0.4,28.0,direct_reuse
114289.0,4.0,36.6,14.1,22.1,4.27,10.0,direct_reuse
147257.0,24.6,18.6,7.8,324.5,1.44,9.0,direct_reuse
147119.0,8.1,28.4,4.1,13.6,0.6,68.0,direct_reuse
24377.0,9.3,29.6,51.0,80.2,4.06,0.0,direct_reuse
38308.0,8.9,3.5,15.4,538.1,5.46,2.0,direct_reuse
68613.0,40.9,41.1,42.1,193.8,0.88,4.0,treat_then_reuse
288466.0,13.0,27.7,28.4,143.1,1.05,1.0,disposal
138146.0,14.5,38.5,38.8,28.4,0.27,6.0,direct_reuse
107321.0,9.1,8.8,1.7,40.1,0.16,5.0,direct_reuse
37367.0,20.4,19.1,7.1,395.0,1.2,53.0,direct_reuse
26417.0,45.3,10.2,39.8,151.3,4.62,11.0,treat_then_reuse
85156.0,24.1,44.5,4.4,239.7,0.78,9.0,disposal
22687.0,25.0,8.0,31.4,97.6,10.55,7.0,direct_reuse
41485.0,23.2,11.7,3.8,66.0,1.26,3.0,direct_reuse
45236.0,3.9,37.6,20.5,209.2,1.27,46.0,direct_reuse
149498.0,6.1,14.8,138.7,119.7,1.13,75.0,direct_reuse
38243.0,11.2,11.7,50.9,74.7,5.91,2.0,direct_reuse
8889.0,7.0,50.7,2.2,19.0,0.47,138.0,direct_reuse
69781.0,5.2,52.4,55.6,257.1,1.39,4.0,direct_reuse
30052.0,2.5,43.7,178.9,146.1,0.81,4.0,direct_reuse
50506.0,4.0,48.4,576.2,46.2,0.79,25.0,direct_reuse
46134.0,10.7,20.4,35.5,329.4,1.73,28.0,direct_reuse
40474.0,12.6,20.8,3.9,117.7,1.42,11.0,direct_reuse
85241.0,6.6,14.6,33.8,120.3,6.47,7.0,direct_reuse
16764.0,14.5,28.1,136.4,238.0,1.63,71.0,direct_reuse
34135.0,9.1,16.1,16.0,187.8,3.39,5.0,direct_reuse
79128.0,35.9,17.3,70.2,124.3,2.06,11.0,direct_reuse
31893.0,11.6,39.6,7.3,73.2,10.23,155.0,direct_reuse
15896.0,25.2,63.3,31.4,797.9,1.11,2.0,direct_reuse
78275.0,16.2,33.7,1.0,40.2,1.12,6.0,direct_reuse
107599.0,3.8,103.1,6.4,204.5,4.34,57.0,treat_then_reuse
47501.0,12.4,14.0,19.9,82.1,1.09,27.0,direct_reuse
12424.0,4.4,5.6,13.0,148.4,3.15,47.0,direct_reuse
80353.0,12.2,43.5,4.2,349.6,34.44,2.0,treat_then_reuse
15338.0,6.9,13.2,11.0,63.9,0.46,20.0,direct_reuse
60850.0,19.0,19.7,29.8,174.5,12.08,8.0,direct_reuse
26338.0,4.0,6.0,18.1,120.6,0.87,368.0,direct_reuse
21766.0,13.6,11.9,21.6,44.5,9.38,41.0,direct_reuse
35978.0,22.5,7.4,48.3,359.2,4.02,12.0,direct_reuse
43118.0,30.5,17.3,13.3,196.8,3.6,19.0,direct_reuse
31227.0,6.8,17.9,102.6,55.8,1.35,13.0,direct_reuse
74020.0,13.7,26.4,6.1,303.1,1.19,35.0,direct_reuse
35873.0,15.9,66.1,203.1,36.1,0.64,3.0,direct_reuse
97356.0,54.2,42.2,76.4,87.2,1.66,94.0,treat_then_reuse
59684.0,3.5,6.7,13.1,56.1,1.3,2.0,direct_reuse
30083.0,5.9,39.9,14.2,205.7,2.11,17.0,direct_reuse
26738.0,168.0,26.8,25.7,53.1,0.26,4.0,treat_then_reuse
15471.0,10.5,22.7,41.2,207.3,1.7,13.0,direct_reuse
60085.0,2.5,24.1,74.7,173.1,8.51,54.0,direct_reuse
38246.0,8.0,28.9,4.0,59.6,5.63,1.0,direct_reuse
9316.0,1.1,14.1,34.0,673.6,1.7,9.0,direct_reuse
33691.0,16.7,21.2,1.6,39.7,46.12,1.0,treat_then_reuse
26089.0,27.9,63.3,16.2,19.1,0.78,8.0,direct_reuse
147705.0,5.9,14.0,115.0,230.8,1.47,1.0,direct_reuse
14884.0,8.8,10.8,3.7,8.5,0.25,16.0,direct_reuse
17873.0,30.9,23.4,2.9,464.5,0.98,6.0,treat_then_reuse
106615.0,2.8,9.9,26.2,100.7,16.85,37.0,direct_reuse
126720.0,4.1,6.2,106.2,18.7,1.03,77.0,direct_reuse
29101.0,11.0,18.6,29.7,31.7,0.23,12.0,direct_reuse
31494.0,6.8,78.2,2.0,14.9,5.12,47.0,disposal
75461.0,10.3,23.8,2.7,137.2,2.73,97.0,direct_reuse
9615.0,4.3,28.3,22.6,20.9,4.85,3.0,direct_reuse
13322.0,16.3,4.5,4.9,156.4,1.12,105.0,direct_reuse
40275.0,11.8,34.8,23.7,64.4,0.45,12.0,direct_reuse
145063.0,22.1,26.4,25.4,53.4,1.3,3.0,direct_reuse
36134.0,16.1,14.4,11.2,157.6,3.39,19.0,direct_reuse
52610.0,16.2,28.3,177.3,178.7,1.5,11.0,direct_reuse
108407.0,3.7,28.1,40.8,317.5,2.73,1.0,direct_reuse
214233.0,21.0,10.5,86.0,44.8,0.82,2.0,disposal
32735.0,10.0,32.0,60.6,87.1,2.87,142.0,treat_then_reuse
48446.0,11.6,63.9,16.8,44.8,1.64,19.0,direct_reuse
175508.0,34.6,20.4,15.9,107.7,0.66,112.0,direct_reuse
16890.0,7.0,12.3,14.1,38.2,1.98,7.0,direct_reuse
100640.0,45.4,21.3,45.5,56.5,1.0,4.0,treat_then_reuse
24033.0,49.4,48.6,9.2,56.8,3.68,1.0,treat_then_reuse
52666.0,26.5,9.2,159.2,124.3,5.13,52.0,direct_reuse
41364.0,5.6,39.0,8.2,90.3,3.16,23.0,direct_reuse
25069.0,1.9,14.3,26.0,157.1,0.2,7.0,treat_then_reuse
24633.0,35.6,29.8,15.3,80.0,0.47,4.0,direct_reuse
59486.0,14.9,15.6,11.7,47.6,0.72,66.0,direct_reuse
98408.0,6.9,15.6,272.3,111.1,0.59,9.0,direct_reuse
44765.0,38.7,83.0,11.9,32.8,0.81,9.0,direct_reuse
51487.0,6.2,7.9,13.9,168.4,5.49,5.0,direct_reuse
73117.0,9.2,36.2,9.1,65.8,4.09,7.0,direct_reuse
24831.0,21.6,98.0,21.1,112.7,0.95,28.0,direct_reuse
82272.0,4.9,42.5,17.8,114.7,3.56,1.0,direct_reuse
86989.0,12.2,8.5,5.2,524.1,2.53,14.0,direct_reuse
300000.0,35.9,8.8,12.1,137.0,1.58,51.0,disposal
37674.0,16.3,13.4,41.7,97.6,7.34,11.0,direct_reuse
35573.0,41.4,27.8,68.9,42.0,0.7,59.0,treat_then_reuse
83975.0,37.3,29.4,20.7,217.6,1.77,91.0,direct_reuse
86975.0,13.6,8.9,21.6,66.9,0.42,47.0,direct_reuse
33706.0,1.6,12.2,13.0,16.8,0.45,5.0,direct_reuse
36967.0,5.0,12.8,11.0,72.6,0.28,12.0,direct_reuse
71596.0,26.8,21.2,6.7,111.1,0.46,20.0,direct_reuse
27466.0,3.3,120.0,3.1,36.6,1.84,6.0,treat_then_reuse
36777.0,10.0,11.6,8.6,79.0,1.11,6.0,direct_reuse
52194.0,18.3,11.2,59.4,83.2,1.16,5.0,direct_reuse
98436.0,50.5,9.9,12.1,84.6,1.12,553.0,treat_then_reuse
32105.0,8.0,40.8,13.3,350.1,16.52,8.0,direct_reuse
13498.0,7.5,23.7,13.0,21.3,0.38,61.0,direct_reuse
12815.0,12.8,12.0,89.4,843.2,0.33,3.0,direct_reuse
20301.0,18.5,18.4,6.6,86.8,0.55,156.0,direct_reuse
19551.0,11.7,13.0,28.0,170.4,1.5,7.0,direct_reuse
43992.0,34.6,31.1,18.5,103.6,3.22,13.0,direct_reuse
21328.0,6.6,210.1,21.8,13.5,3.68,1.0,treat_then_reuse
29974.0,15.0,38.1,26.9,28.2,5.63,65.0,direct_reuse
28514.0,20.1,22.8,21.5,50.6,1.43,90.0,direct_reuse
36013.0,9.4,14.4,52.0,268.6,0.98,2.0,direct_reuse
123717.0,28.7,8.4,19.4,19.6,13.78,71.0,direct_reuse
77914.0,15.4,44.1,162.9,35.1,0.04,2.0,direct_reuse
49577.0,27.4,42.2,21.2,107.9,1.79,31.0,direct_reuse
35500.0,16.0,16.9,2.6,151.4,2.88,8.0,direct_reuse
36197.0,18.9,64.8,43.2,146.5,18.84,90.0,direct_reuse
61662.0,7.6,25.0,32.2,30.5,0.19,18.0,direct_reuse
73786.0,7.6,45.6,20.9,15.5,0.95,49.0,direct_reuse
25969.0,40.5,31.1,14.7,162.9,0.28,78.0,disposal
50289.0,23.9,21.3,1.6,435.5,0.16,8.0,direct_reuse
11824.0,5.4,11.4,1.9,61.6,1.26,12.0,direct_reuse
56852.0,15.8,21.8,145.0,25.6,4.87,2.0,direct_reuse
83575.0,1.6,48.1,9.9,56.1,7.91,8.0,direct_reuse
40294.0,8.0,16.3,64.0,138.9,0.83,219.0,direct_reuse
174830.0,32.0,34.9,2.9,69.7,3.92,38.0,direct_reuse
26453.0,12.0,10.3,5.7,423.2,1.28,3.0,direct_reuse
57080.0,15.0,45.8,45.3,249.0,3.4,141.0,direct_reuse
47807.0,1.0,31.5,17.8,110.3,7.4,22.0,direct_reuse
45697.0,9.5,9.4,38.3,10.5,1.28,42.0,direct_reuse
45251.0,18.3,20.5,19.8,42.0,6.69,25.0,direct_reuse
52837.0,20.5,51.7,15.7,49.3,0.34,23.0,direct_reuse
88749.0,32.0,9.0,8.9,39.6,3.87,1.0,direct_reuse
128594.0,11.1,10.4,4.8,111.0,6.32,64.0,direct_reuse
48944.0,11.6,23.2,108.1,113.6,5.52,0.0,direct_reuse
86744.0,4.1,135.2,131.7,14.3,0.35,56.0,direct_reuse
29994.0,11.2,14.3,5.8,218.1,1.26,14.0,direct_reuse
83798.0,4.3,36.5,5.3,91.6,2.44,43.0,direct_reuse
28756.0,2.6,30.2,13.2,133.4,2.93,15.0,direct_reuse
105184.0,5.1,15.3,30.2,204.2,1.92,58.0,direct_reuse
230372.0,52.3,27.9,16.1,38.7,10.57,12.0,disposal
45006.0,10.6,17.1,36.6,359.5,0.31,19.0,direct_reuse
10564.0,16.4,18.4,18.9,77.0,1.21,22.0,direct_reuse
33401.0,8.5,6.5,17.5,475.2,0.18,204.0,direct_reuse
116112.0,2.7,24.1,363.5,33.7,3.7,30.0,direct_reuse
72197.0,31.3,50.4,10.7,437.9,3.39,2.0,direct_reuse
58351.0,1.9,25.7,143.7,33.3,128.15,5.0,treat_then_reuse
99317.0,8.2,58.7,114.0,1485.7,6.26,30.0,treat_then_reuse
68811.0,12.8,39.0,36.8,31.6,2.54,81.0,direct_reuse
114968.0,16.6,23.4,2.0,287.8,2.3,4.0,direct_reuse
93302.0,7.0,14.8,20.8,60.4,1.09,351.0,direct_reuse
142229.0,2.6,16.6,10.8,197.7,1.95,16.0,disposal
63017.0,6.5,7.6,20.6,86.1,2.36,23.0,direct_reuse
92381.0,6.9,19.8,5.6,27.1,0.13,2.0,direct_reuse
39538.0,6.7,27.6,49.8,4.2,2.13,65.0,direct_reuse
32176.0,32.2,96.8,65.5,1419.9,1.88,6.0,direct_reuse
161901.0,4.5,37.4,81.8,97.5,16.12,4.0,direct_reuse
57031.0,17.7,12.3,12.7,3.5,1.39,8.0,direct_reuse
86113.0,15.5,7.8,5.6,125.6,0.61,97.0,direct_reuse
53456.0,32.0,20.8,30.6,192.2,2.34,24.0,direct_reuse
32514.0,11.9,47.0,165.2,41.0,1.82,3.0,direct_reuse
49399.0,27.4,20.6,21.8,41.3,1.39,5.0,direct_reuse
133947.0,11.5,37.8,34.6,88.1,0.31,101.0,direct_reuse
72306.0,19.9,21.2,15.2,337.9,1.35,9.0,direct_reuse
14794.0,3.5,43.5,11.0,100.5,0.78,28.0,direct_reuse
42164.0,1.3,6.8,44.3,450.1,1.24,41.0,direct_reuse
170690.0,18.9,88.5,17.7,312.4,4.27,0.0,direct_reuse
42207.0,19.8,10.1,32.6,70.0,0.69,81.0,direct_reuse
13900.0,20.7,46.3,36.9,16.0,1.24,3.0,direct_reuse
184450.0,8.4,19.7,30.5,70.2,3.33,7.0,disposal
79037.0,51.5,22.4,39.2,160.6,1.16,123.0,treat_then_reuse
46676.0,8.9,20.2,7.2,96.1,49.01,107.0,treat_then_reuse
37798.0,19.7,30.1,6.7,180.9,2.28,26.0,direct_reuse
104574.0,23.0,35.4,19.1,232.7,0.33,36.0,treat_then_reuse
33544.0,63.2,57.2,19.6,161.4,0.55,53.0,treat_then_reuse
109511.0,10.1,75.7,10.7,66.5,0.49,104.0,direct_reuse
71649.0,7.5,32.0,26.8,159.5,0.56,126.0,direct_reuse
58179.0,3.5,96.6,59.7,1052.6,3.31,14.0,direct_reuse
54277.0,54.4,26.4,83.5,17.5,0.39,4.0,treat_then_reuse
43370.0,19.7,58.1,109.4,153.9,1.07,8.0,direct_reuse
101920.0,20.2,34.6,4.1,675.3,7.28,15.0,direct_reuse
26749.0,222.5,15.8,5.0,24.7,0.84,11.0,treat_then_reuse
15751.0,18.0,28.4,14.2,270.8,3.95,3.0,direct_reuse
75366.0,4.2,36.7,22.1,313.6,0.18,23.0,direct_reuse
76257.0,11.3,23.9,15.1,17.7,1.02,1.0,direct_reuse
68608.0,5.6,34.1,10.3,197.1,0.52,14.0,direct_reuse
65213.0,9.4,49.0,13.9,66.8,2.43,15.0,direct_reuse
39168.0,9.4,24.1,35.9,84.2,0.43,14.0,direct_reuse
85071.0,7.9,2.3,4.1,63.0,24.3,44.0,treat_then_reuse
47482.0,3.8,93.9,334.3,381.4,0.2,36.0,direct_reuse
34857.0,56.4,19.3,20.6,79.6,7.22,342.0,treat_then_reuse
39406.0,17.6,12.7,70.9,54.1,5.16,6.0,direct_reuse
201682.0,11.0,10.0,10.0,55.1,2.47,19.0,direct_reuse
14552.0,26.6,18.7,40.0,61.9,1.77,17.0,direct_reuse
69554.0,20.6,15.6,22.6,27.5,18.38,16.0,direct_reuse
15133.0,17.3,13.6,56.2,53.6,40.95,2.0,treat_then_reuse
45444.0,24.9,14.2,15.8,102.5,1.26,2.0,direct_reuse
36187.0,15.2,37.5,129.3,140.4,2.02,12.0,direct_reuse
11390.0,24.6,124.5,3.4,338.5,0.8,1.0,disposal
64365.0,26.5,47.3,62.8,117.3,0.36,7.0,direct_reuse
37570.0,15.6,60.2,23.2,53.4,3.01,5.0,direct_reuse
11277.0,11.0,18.1,5.9,29.6,2.28,8.0,direct_reuse
88230.0,53.4,26.7,209.0,124.5,0.2,67.0,treat_then_reuse
133854.0,8.8,34.5,184.6,79.1,2.98,2.0,direct_reuse
139119.0,19.1,14.5,1.7,82.0,2.38,45.0,direct_reuse
63024.0,19.5,17.5,24.8,120.2,0.75,5.0,direct_reuse
50627.0,7.8,48.6,46.8,159.4,0.69,6.0,direct_reuse
124208.0,6.5,58.7,34.1,121.1,2.86,24.0,direct_reuse
159161.0,9.8,25.9,123.8,74.6,13.35,8.0,direct_reuse
108391.0,8.6,9.4,96.5,37.3,2.77,3.0,direct_reuse
25360.0,3.6,19.4,27.6,45.9,4.55,7.0,direct_reuse
56440.0,7.5,7.7,308.7,228.9,0.56,1.0,direct_reuse
66680.0,17.1,26.1,61.8,56.5,0.96,22.0,direct_reuse
13812.0,42.1,30.1,13.2,20.5,3.63,0.0,treat_then_reuse
68088.0,22.2,19.8,10.4,322.3,0.28,46.0,direct_reuse
240649.0,1.3,29.8,89.3,31.9,2.16,31.0,disposal
76723.0,24.0,34.2,7.8,93.6,3.13,135.0,direct_reuse
137501.0,8.1,30.1,12.3,154.5,1.57,322.0,direct_reuse
55717.0,20.2,9.4,15.1,90.3,2.5,50.0,direct_reuse
46572.0,13.3,20.0,30.8,5.9,1.78,5.0,direct_reuse
64016.0,11.3,34.1,15.9,138.3,0.73,317.0,direct_reuse
27693.0,12.3,86.7,4.1,387.3,0.36,2.0,direct_reuse
24968.0,13.2,19.7,81.0,213.8,1.47,1.0,direct_reuse
118945.0,45.1,38.1,12.4,8.7,8.99,196.0,treat_then_reuse
128109.0,13.2,49.5,226.8,934.5,6.24,30.0,disposal
24495.0,35.8,21.0,28.9,20.9,1.05,1.0,direct_reuse
96529.0,31.4,61.5,91.9,27.5,1.02,2.0,disposal
46126.0,24.5,64.2,42.8,212.7,0.93,28.0,direct_reuse
62185.0,2.7,74.0,97.3,148.1,0.93,3.0,direct_reuse
67653.0,36.8,35.4,39.8,98.3,2.4,4.0,direct_reuse
98326.0,8.9,162.1,26.6,48.1,6.52,233.0,treat_then_reuse
51943.0,25.6,15.0,74.6,389.1,31.24,306.0,treat_then_reuse
131546.0,5.6,134.2,396.7,86.2,0.56,15.0,treat_then_reuse
60876.0,4.6,45.4,14.5,16.1,3.84,10.0,direct_reuse
75882.0,79.7,71.7,52.1,349.2,3.34,47.0,direct_reuse
27357.0,5.7,19.0,20.0,114.6,1.07,5.0,direct_reuse
222140.0,37.8,48.2,36.9,306.9,0.43,0.0,disposal
68110.0,15.0,76.8,21.1,169.0,2.36,0.0,direct_reuse
80749.0,9.2,10.3,1.5,1249.9,25.94,11.0,treat_then_reuse
15903.0,12.9,21.5,15.8,64.0,2.34,46.0,direct_reuse
27560.0,4.2,4.4,66.7,91.6,0.59,12.0,direct_reuse
116602.0,13.3,21.3,8.0,198.7,1.34,41.0,direct_reuse
59923.0,5.1,12.8,60.7,64.4,0.37,48.0,direct_reuse
12840.0,9.4,20.6,25.0,217.7,1.69,97.0,direct_reuse
101397.0,31.0,254.4,16.0,3.5,4.01,16.0,treat_then_reuse
33502.0,16.9,97.0,59.6,83.1,0.67,18.0,direct_reuse
131653.0,3.5,7.8,45.5,80.4,0.02,12.0,direct_reuse
46098.0,29.0,38.3,33.3,77.2,2.36,8.0,direct_reuse
56573.0,13.4,46.5,68.0,34.3,0.86,1.0,direct_reuse
111890.0,8.3,18.7,25.6,243.9,0.62,71.0,direct_reuse
26154.0,26.4,28.3,2.8,51.7,0.61,7.0,direct_reuse
24465.0,11.6,30.6,12.8,112.2,2.77,6.0,direct_reuse
42721.0,4.7,8.4,2.3,86.4,0.97,5.0,direct_reuse
87467.0,71.0,10.8,44.2,156.1,5.53,2.0,treat_then_reuse
19310.0,13.3,28.2,58.9,434.4,5.69,11.0,direct_reuse
15251.0,12.5,26.6,62.2,111.6,1.16,26.0,direct_reuse
87256.0,9.4,13.9,36.1,227.1,0.84,4.0,direct_reuse
32142.0,38.9,13.0,64.2,105.6,1.95,58.0,direct_reuse
37251.0,8.4,22.8,3.0,51.6,1.36,7.0,direct_reuse
13363.0,3.4,49.8,17.7,77.0,0.17,1.0,direct_reuse
30477.0,7.3,23.1,3.7,65.9,19.85,96.0,direct_reuse
48762.0,44.4,89.9,13.1,168.2,4.17,16.0,treat_then_reuse
94020.0,28.5,14.1,139.7,101.2,0.9,44.0,direct_reuse
28571.0,10.7,28.6,74.6,37.6,0.14,46.0,direct_reuse
156399.0,46.3,18.5,44.5,70.5,1.3,3.0,treat_then_reuse
30358.0,26.4,39.3,16.2,16.8,0.77,6.0,direct_reuse
30389.0,10.6,13.1,6.1,73.5,1.52,57.0,direct_reuse
143796.0,11.6,114.7,25.1,90.1,0.1,191.0,treat_then_reuse
56842.0,18.1,6.3,76.2,658.1,0.89,13.0,direct_reuse
33309.0,6.4,96.8,32.8,396.7,0.97,5.0,direct_reuse
43976.0,13.5,26.4,3.0,28.9,1.28,152.0,direct_reuse
126393.0,17.8,38.2,22.8,112.4,1.21,5.0,direct_reuse
136809.0,2.9,71.4,2.0,114.6,1.76,20.0,direct_reuse
27674.0,11.4,48.7,52.7,69.9,11.91,6.0,direct_reuse
47586.0,10.2,13.7,8.7,74.9,0.84,18.0,direct_reuse
52214.0,34.0,39.6,4.6,61.0,0.5,3.0,direct_reuse
24579.0,2.6,109.3,53.6,706.3,0.17,7.0,treat_then_reuse
47147.0,9.6,12.1,39.3,57.0,0.85,5.0,direct_reuse
49204.0,8.7,133.6,26.5,131.0,0.27,33.0,treat_then_reuse
108896.0,31.9,33.4,278.7,5.6,5.74,16.0,direct_reuse
114142.0,12.9,17.3,43.0,222.7,1.46,46.0,direct_reuse
38931.0,67.8,12.0,9.3,331.2,5.59,4.0,treat_then_reuse
42202.0,24.4,20.5,37.5,28.3,11.08,9.0,direct_reuse
78042.0,9.3,5.1,14.2,51.3,0.54,31.0,direct_reuse
32545.0,16.7,17.6,91.8,147.9,1.05,44.0,direct_reuse
74017.0,9.8,19.9,28.1,92.0,9.31,1.0,direct_reuse
46095.0,29.2,10.4,31.7,150.4,2.11,20.0,direct_reuse
24870.0,4.1,44.6,3.6,65.6,3.25,4.0,direct_reuse
25090.0,6.4,20.6,21.6,699.0,6.31,48.0,direct_reuse
134988.0,20.3,14.8,18.8,43.1,5.29,198.0,direct_reuse
43937.0,40.6,18.9,5.9,1738.4,2.81,0.0,treat_then_reuse
154546.0,1.9,32.6,15.4,352.9,10.13,5.0,direct_reuse
34216.0,46.4,26.0,33.9,224.8,1.51,18.0,treat_then_reuse
60105.0,11.9,14.0,20.0,28.7,3.24,12.0,direct_reuse
261679.0,2.5,27.1,3.7,244.9,1.31,50.0,disposal
23385.0,1.0,23.6,14.5,174.9,6.21,14.0,treat_then_reuse
12985.0,3.4,9.9,11.5,8.7,0.66,6.0,direct_reuse
120646.0,13.2,19.5,25.3,19.2,0.18,3.0,direct_reuse
27481.0,12.7,39.0,22.3,133.4,3.86,2.0,direct_reuse
48315.0,23.8,38.8,12.3,77.7,0.44,4.0,direct_reuse
32528.0,8.2,20.4,11.7,51.0,0.38,5.0,direct_reuse
59143.0,5.0,42.2,21.8,295.0,8.54,22.0,direct_reuse
25201.0,9.3,11.2,63.8,34.1,5.79,10.0,direct_reuse
43219.0,13.9,11.5,28.1,54.6,1.06,5.0,direct_reuse
67163.0,16.6,20.1,110.8,44.2,0.03,3.0,direct_reuse
24202.0,6.6,81.3,78.2,157.8,3.3,4.0,direct_reuse
30030.0,30.3,28.0,121.0,13.6,3.9,5.0,direct_reuse
38439.0,7.7,19.7,103.8,52.1,3.23,4.0,direct_reuse
18031.0,6.2,84.4,131.0,13.5,3.04,33.0,direct_reuse
36469.0,8.3,19.5,5.0,63.8,1.3,95.0,direct_reuse
53272.0,35.4,146.6,43.7,199.4,0.97,2.0,disposal
37061.0,11.9,16.3,86.7,203.4,0.39,65.0,direct_reuse
40540.0,7.2,10.9,107.6,40.4,0.67,34.0,direct_reuse
48343.0,31.0,21.5,8.0,161.8,2.5,16.0,direct_reuse
30976.0,92.6,20.1,44.2,73.4,2.56,120.0,treat_then_reuse
79518.0,16.3,12.9,22.0,402.3,4.6,9.0,direct_reuse
133945.0,40.9,196.7,184.3,78.0,0.26,22.0,treat_then_reuse
35417.0,34.2,31.7,3.8,3.4,0.19,15.0,direct_reuse
68847.0,7.8,35.6,8.0,240.8,1.01,13.0,direct_reuse
41451.0,13.8,17.0,2.3,54.3,0.44,24.0,direct_reuse
63313.0,4.2,15.5,23.9,66.6,2.1,13.0,direct_reuse
146685.0,11.2,55.7,303.9,130.3,0.3,25.0,direct_reuse
69987.0,7.7,6.4,19.0,18.8,7.65,4.0,direct_reuse
14166.0,9.4,9.8,22.7,97.7,0.57,5.0,direct_reuse
67359.0,6.9,20.1,38.9,162.1,13.07,4.0,direct_reuse
116193.0,10.4,72.3,17.5,134.4,3.26,7.0,direct_reuse
41977.0,21.7,18.2,31.2,46.6,0.42,56.0,direct_reuse
98415.0,12.1,34.2,32.2,268.0,25.11,6.0,treat_then_reuse
30240.0,2.5,25.1,7.3,30.0,2.33,32.0,direct_reuse
17329.0,6.9,69.2,17.9,45.2,2.05,18.0,disposal
54112.0,3.4,6.9,48.9,77.5,1.51,6.0,direct_reuse
14335.0,16.8,44.2,61.2,124.6,3.02,87.0,direct_reuse
41447.0,21.2,20.9,95.4,63.0,3.26,37.0,direct_reuse
120667.0,17.0,51.4,30.0,347.7,0.54,12.0,direct_reuse
12877.0,6.6,12.7,30.8,124.6,1.25,11.0,direct_reuse
20017.0,16.8,25.0,49.4,97.8,1.92,14.0,direct_reuse
23803.0,8.8,22.6,9.8,119.8,3.52,1.0,direct_reuse
46895.0,4.8,11.0,9.4,201.6,3.6,4.0,direct_reuse
37949.0,26.3,8.8,17.3,117.3,2.04,24.0,direct_reuse
130535.0,28.1,15.4,4.3,12.3,0.81,1.0,direct_reuse
95611.0,31.6,27.2,32.7,298.4,0.75,4.0,direct_reuse
69334.0,7.8,13.4,70.7,102.7,0.35,7.0,direct_reuse
54282.0,38.9,18.8,8.6,191.2,3.56,949.0,direct_reuse
64554.0,8.6,5.4,33.9,57.6,0.74,33.0,direct_reuse
26812.0,24.2,18.2,9.4,12.1,1.28,63.0,direct_reuse
89326.0,8.5,55.6,5.9,7.3,2.25,4.0,direct_reuse
22507.0,11.0,43.1,236.7,31.9,1.66,21.0,direct_reuse
87971.0,1.5,22.9,6.0,159.0,1.64,1.0,direct_reuse
112454.0,10.3,29.8,4.3,375.3,0.51,7.0,direct_reuse
56818.0,14.6,12.6,26.0,125.5,2.34,26.0,direct_reuse
43332.0,9.3,90.0,27.7,28.3,1.1,1.0,direct_reuse
64875.0,65.4,128.3,44.7,38.0,1.47,22.0,treat_then_reuse
6614.0,4.7,28.0,221.7,402.2,7.43,25.0,direct_reuse
60572.0,8.1,194.9,7.9,21.3,3.18,5.0,treat_then_reuse
45281.0,6.0,14.2,10.0,908.6,0.79,3.0,direct_reuse
47314.0,8.1,9.0,138.5,708.8,1.36,4.0,disposal
80384.0,34.1,13.9,62.0,942.2,13.19,7.0,direct_reuse
46521.0,50.9,20.6,52.5,136.8,1.11,8.0,treat_then_reuse
22067.0,7.2,156.0,9.9,61.8,1.74,26.0,treat_then_reuse
44401.0,7.0,19.6,77.6,133.2,3.91,5.0,direct_reuse
51395.0,4.8,12.3,52.7,244.6,2.18,135.0,direct_reuse
53128.0,43.6,12.0,25.2,44.0,1.02,133.0,treat_then_reuse
54904.0,36.9,61.1,10.0,26.8,0.63,17.0,direct_reuse
101474.0,12.2,54.5,22.8,65.9,1.63,7.0,direct_reuse
22920.0,3.8,16.6,145.2,38.5,3.88,5.0,direct_reuse
55436.0,4.2,5.5,5.4,352.5,9.18,20.0,direct_reuse
120928.0,15.7,9.9,7.7,45.7,0.25,25.0,direct_reuse
14556.0,22.1,97.2,9.5,100.0,16.31,9.0,direct_reuse
55590.0,2.1,42.6,12.3,265.4,1.13,7.0,direct_reuse
32540.0,10.1,25.9,19.7,367.9,5.49,21.0,direct_reuse
37817.0,57.8,109.4,63.5,113.2,0.63,14.0,treat_then_reuse
26020.0,11.1,117.5,34.9,137.4,0.2,5.0,treat_then_reuse
43535.0,51.5,23.8,21.6,29.4,0.3,14.0,treat_then_reuse
177883.0,24.1,24.2,28.0,277.4,1.07,5.0,direct_reuse
20230.0,5.1,15.4,42.5,361.4,3.26,4.0,direct_reuse
21618.0,10.3,19.5,2.7,11.5,1.72,12.0,direct_reuse
19705.0,12.0,7.5,72.7,625.9,1.19,5.0,direct_reuse
164258.0,5.7,7.4,7.5,41.6,7.05,4.0,direct_reuse
35467.0,5.6,6.2,11.8,173.1,1.65,58.0,direct_reuse
48149.0,52.3,58.4,30.2,98.0,2.37,7.0,treat_then_reuse
36977.0,5.6,7.0,18.3,84.2,94.1,193.0,treat_then_reuse
25309.0,35.5,116.7,36.0,71.7,1.63,31.0,treat_then_reuse
41581.0,9.1,13.7,23.8,30.2,0.67,4.0,direct_reuse
273969.0,13.2,98.5,14.2,160.2,3.08,69.0,disposal
129891.0,22.3,18.3,125.8,65.7,4.28,4.0,direct_reuse
26982.0,7.9,7.0,47.0,21.3,2.44,235.0,direct_reuse
77134.0,22.4,68.5,28.9,28.8,2.02,17.0,direct_reuse
27390.0,2.1,75.3,46.1,21.7,11.32,27.0,disposal
14137.0,20.0,11.9,8.6,50.5,9.63,13.0,direct_reuse
100073.0,1.5,18.8,273.1,153.5,1.42,18.0,direct_reuse
110422.0,11.0,11.9,5.4,41.2,0.71,9.0,direct_reuse
101950.0,29.0,22.3,23.0,263.2,2.88,3.0,direct_reuse
35281.0,23.6,26.7,14.2,79.0,0.71,20.0,direct_reuse
43619.0,4.2,18.5,13.6,65.5,5.21,57.0,direct_reuse
82854.0,4.7,5.7,11.6,91.7,2.86,2.0,direct_reuse
64476.0,7.2,15.4,8.0,417.7,53.04,123.0,treat_then_reuse
37215.0,15.9,43.1,83.6,19.9,11.19,30.0,treat_then_reuse
15782.0,2.2,20.8,4.7,556.7,0.41,6.0,direct_reuse
53088.0,13.3,18.9,65.4,258.8,0.84,6.0,direct_reuse
104329.0,17.8,11.7,43.7,87.9,0.14,200.0,direct_reuse
21199.0,10.4,15.1,12.7,330.7,0.1,50.0,direct_reuse
76660.0,21.6,75.7,38.1,63.1,1.91,67.0,direct_reuse
61826.0,16.5,9.9,16.6,123.3,0.35,8.0,direct_reuse
82876.0,8.3,43.7,5.4,49.6,13.92,28.0,direct_reuse
90254.0,2.4,25.5,5.4,260.6,7.43,21.0,direct_reuse
30148.0,15.2,29.8,44.1,41.3,1.16,9.0,direct_reuse
15806.0,5.7,13.7,41.4,85.1,1.08,14.0,direct_reuse
33743.0,8.0,18.5,26.9,190.0,11.37,64.0,direct_reuse
91344.0,20.7,24.4,12.6,285.1,15.32,134.0,direct_reuse
33543.0,48.2,16.2,16.0,36.5,0.49,8.0,treat_then_reuse
30157.0,13.0,32.0,13.6,206.1,0.41,2.0,direct_reuse
13699.0,22.2,35.4,2.5,30.6,1.11,143.0,direct_reuse
167185.0,3.7,139.5,21.6,8.5,2.89,146.0,treat_then_reuse
87378.0,16.8,30.6,37.6,39.5,0.85,22.0,direct_reuse
84030.0,12.8,5.3,21.8,225.5,2.97,179.0,direct_reuse
96511.0,40.7,62.2,167.8,88.8,20.81,20.0,treat_then_reuse
73401.0,8.3,20.8,6.0,50.0,0.27,3.0,direct_reuse
41315.0,10.8,122.7,9.1,95.7,0.92,2.0,treat_then_reuse
43711.0,34.9,79.6,23.6,92.3,0.27,2.0,direct_reuse
36341.0,12.4,16.4,26.9,178.4,0.56,12.0,direct_reuse
300000.0,5.0,43.7,2.1,15.3,1.12,6.0,disposal
72340.0,133.8,15.3,41.4,80.4,0.64,5.0,treat_then_reuse
35431.0,5.1,24.6,27.1,103.2,3.24,10.0,direct_reuse
67904.0,12.7,42.1,1.6,20.0,2.01,44.0,direct_reuse
24159.0,18.4,59.8,17.5,19.7,2.43,5.0,direct_reuse
140527.0,17.1,50.2,7.6,60.3,1.11,4.0,direct_reuse
30861.0,11.4,26.0,11.7,90.9,1.25,6.0,direct_reuse
69617.0,11.4,178.9,4.0,91.2,1.05,48.0,treat_then_reuse
103382.0,10.9,18.3,33.1,48.8,1.19,11.0,direct_reuse
64173.0,4.9,6.8,166.4,46.7,2.84,19.0,direct_reuse
52372.0,93.2,7.9,27.6,58.3,0.14,125.0,treat_then_reuse
49393.0,11.0,79.8,1.5,125.0,2.4,867.0,direct_reuse
47122.0,23.0,23.1,28.3,353.9,0.53,32.0,direct_reuse
32739.0,10.0,27.9,15.9,7.8,1.06,27.0,direct_reuse
35788.0,9.8,15.9,5.4,178.6,0.22,2.0,direct_reuse
138097.0,8.9,17.1,30.7,79.7,1.03,21.0,direct_reuse
45434.0,3.3,13.1,57.7,160.5,2.37,13.0,direct_reuse
28281.0,11.7,35.8,9.0,331.7,2.99,46.0,direct_reuse
34153.0,9.3,22.7,2.8,39.2,0.35,7.0,direct_reuse
105901.0,38.6,34.7,1.8,254.4,2.81,16.0,direct_reuse
78663.0,4.6,32.2,9.0,22.7,7.26,30.0,direct_reuse
72564.0,8.0,17.4,16.7,103.6,0.87,210.0,direct_reuse
40935.0,6.0,7.6,10.8,68.9,1.65,127.0,direct_reuse
73230.0,49.3,7.1,8.8,94.7,0.11,81.0,treat_then_reuse
31242.0,6.2,276.3,39.7,30.3,0.51,36.0,treat_then_reuse
40875.0,22.3,80.0,35.0,145.6,2.34,6.0,direct_reuse
96651.0,32.2,71.7,25.5,515.4,5.71,36.0,direct_reuse
90400.0,11.8,14.3,53.5,30.9,0.76,4.0,direct_reuse
24653.0,3.9,24.7,9.1,110.9,53.0,9.0,treat_then_reuse
26934.0,3.9,12.8,5.4,230.8,2.48,175.0,direct_reuse
52896.0,29.2,8.6,10.7,64.9,0.31,27.0,direct_reuse
164110.0,4.3,15.3,9.9,402.0,8.79,17.0,disposal
12824.0,19.2,70.9,1.7,56.1,0.32,21.0,direct_reuse
59566.0,14.9,48.1,10.4,79.2,2.53,11.0,direct_reuse
18709.0,18.9,11.3,75.6,30.2,0.49,0.0,direct_reuse
31444.0,20.6,19.1,52.5,103.5,0.28,2.0,direct_reuse
37983.0,5.8,44.7,37.7,90.3,5.76,31.0,direct_reuse
36521.0,5.6,15.5,23.5,181.2,1.18,3.0,direct_reuse
33737.0,25.6,26.1,114.3,44.7,15.54,10.0,direct_reuse
49269.0,7.6,33.8,5.6,42.5,0.44,2.0,direct_reuse
33702.0,1.1,33.5,6.3,149.7,0.22,4.0,direct_reuse
17611.0,24.1,30.1,77.4,418.6,0.88,12.0,direct_reuse
84619.0,5.3,14.5,20.8,179.8,70.64,49.0,treat_then_reuse
83034.0,20.5,15.8,9.0,686.9,4.87,66.0,direct_reuse
88453.0,47.2,9.9,39.0,165.8,3.39,4.0,treat_then_reuse
16672.0,13.7,7.0,11.9,159.4,3.54,19.0,treat_then_reuse
60430.0,33.0,22.4,7.4,190.0,0.88,1.0,direct_reuse
78683.0,15.5,47.1,7.1,462.7,57.29,13.0,treat_then_reuse
23817.0,56.2,8.1,29.5,351.2,2.99,51.0,treat_then_reuse
49337.0,5.2,30.5,25.7,27.3,2.65,11.0,direct_reuse
45189.0,13.4,46.0,124.0,217.2,5.93,88.0,direct_reuse
177994.0,24.7,5.6,14.2,120.5,0.31,43.0,direct_reuse
188555.0,11.3,19.8,13.9,72.7,0.53,17.0,disposal
15290.0,38.0,91.6,113.0,12.8,1.2,8.0,direct_reuse
280899.0,9.1,38.2,65.5,16.5,5.98,5.0,disposal
25831.0,86.7,5.5,23.9,60.3,0.3,1.0,treat_then_reuse
97389.0,90.9,41.5,3.1,18.0,1.51,2.0,treat_then_reuse
96698.0,17.4,13.5,7.6,61.7,1.26,54.0,direct_reuse
24417.0,22.1,42.7,5.7,197.5,0.21,118.0,direct_reuse
69237.0,39.4,14.1,21.0,47.5,0.85,2.0,direct_reuse
45466.0,4.6,23.5,10.9,98.7,3.34,13.0,direct_reuse
72260.0,4.1,16.0,137.5,27.7,0.24,1.0,direct_reuse
57611.0,41.7,24.6,3.0,125.0,10.33,3.0,treat_then_reuse
113260.0,17.2,15.6,5.0,157.4,3.03,18.0,direct_reuse
51678.0,11.0,20.5,26.9,18.8,2.59,6.0,direct_reuse
43586.0,13.6,9.6,37.6,39.4,1.67,1.0,direct_reuse
105582.0,1.6,36.3,0.9,22.3,0.4,161.0,direct_reuse
73591.0,11.3,28.2,2.5,157.6,0.71,11.0,direct_reuse
81819.0,6.8,6.7,14.6,107.8,2.64,2.0,treat_then_reuse
30785.0,30.8,54.3,102.2,85.2,0.71,15.0,direct_reuse
23584.0,33.0,21.3,193.5,78.2,2.11,11.0,direct_reuse
32945.0,22.6,27.9,12.2,128.4,0.51,23.0,direct_reuse
31743.0,19.2,45.2,16.4,131.3,2.96,7.0,direct_reuse
84994.0,3.5,31.9,7.4,52.2,3.27,20.0,direct_reuse
97070.0,22.9,62.3,42.9,44.7,0.2,50.0,direct_reuse
43976.0,23.7,19.4,125.7,84.4,1.8,2.0,direct_reuse
133472.0,41.3,56.1,90.7,73.1,0.23,4.0,treat_then_reuse
127763.0,90.6,27.1,19.4,868.5,0.15,43.0,treat_then_reuse
58127.0,2.9,36.8,7.3,59.0,0.76,5.0,direct_reuse
27575.0,9.5,33.9,20.3,123.8,62.55,11.0,treat_then_reuse
147674.0,6.9,66.2,105.3,150.3,4.52,6.0,direct_reuse
46971.0,15.7,43.7,12.4,420.1,10.07,7.0,direct_reuse
53547.0,13.6,17.2,2.3,36.9,3.64,6.0,direct_reuse
38649.0,10.9,14.7,13.0,392.9,2.15,2.0,direct_reuse
26295.0,33.9,23.6,14.4,76.5,5.28,24.0,direct_reuse
17535.0,5.0,13.4,2.3,1410.2,0.72,60.0,direct_reuse
76344.0,5.3,10.6,26.5,134.1,3.04,9.0,direct_reuse
28328.0,5.4,4.5,36.9,23.3,7.62,51.0,direct_reuse
300000.0,9.7,7.1,187.1,72.5,4.09,6.0,disposal
22920.0,4.5,120.1,4.1,391.5,8.29,5.0,treat_then_reuse
20330.0,12.9,14.5,48.3,98.5,2.09,23.0,direct_reuse
70059.0,11.6,112.5,64.1,84.3,14.88,23.0,treat_then_reuse
142988.0,6.6,33.9,37.5,198.5,1.26,10.0,direct_reuse
51288.0,29.6,23.6,6.0,61.6,25.87,34.0,treat_then_reuse
73172.0,12.8,7.4,5.6,71.4,3.48,2.0,direct_reuse
13487.0,35.0,24.6,22.6,31.8,1.0,8.0,direct_reuse
30508.0,11.3,111.5,22.4,602.9,0.36,52.0,treat_then_reuse
23120.0,13.2,85.3,10.3,23.5,0.58,52.0,direct_reuse
13010.0,8.1,30.6,94.6,108.5,0.47,43.0,direct_reuse
53204.0,13.4,9.8,12.4,152.6,1.47,56.0,direct_reuse
10199.0,25.6,11.4,2.1,88.7,0.31,7.0,direct_reuse
19428.0,9.3,12.4,15.4,22.7,8.85,1.0,direct_reuse
33657.0,21.5,68.2,35.7,30.0,1.9,8.0,direct_reuse
27395.0,6.5,90.5,30.3,159.9,1.81,32.0,direct_reuse
64698.0,26.7,28.7,30.0,38.2,0.36,40.0,direct_reuse
60713.0,8.0,19.3,120.6,9.2,0.61,6.0,direct_reuse
91643.0,29.0,84.7,5.3,137.8,0.09,3.0,direct_reuse
83006.0,14.2,11.2,12.1,34.5,13.51,3.0,direct_reuse
108942.0,52.9,25.6,128.3,180.2,0.26,5.0,treat_then_reuse
48955.0,4.8,35.5,1.9,72.1,0.29,1.0,direct_reuse
60623.0,3.6,12.3,18.8,68.4,10.35,6.0,direct_reuse
70127.0,7.7,14.8,87.8,95.3,2.73,13.0,direct_reuse
54131.0,3.9,13.9,86.2,25.7,1.93,11.0,direct_reuse
37122.0,3.9,76.2,44.4,36.3,2.57,7.0,direct_reuse
38843.0,23.6,113.5,45.7,67.6,5.7,4.0,treat_then_reuse
27659.0,13.4,26.9,5.8,25.6,1.88,5.0,direct_reuse
65850.0,8.7,19.8,104.4,197.4,0.22,5.0,direct_reuse
45899.0,9.5,15.2,4.8,64.2,4.28,35.0,direct_reuse
30816.0,7.9,24.6,5.1,18.3,2.85,12.0,direct_reuse
30836.0,59.5,15.8,32.0,48.7,7.56,1408.0,treat_then_reuse
21009.0,6.9,22.7,11.1,100.6,0.33,7.0,direct_reuse
97264.0,4.1,34.1,25.7,55.1,0.64,23.0,direct_reuse
51794.0,27.6,17.7,33.7,139.7,2.74,8.0,direct_reuse
26797.0,11.1,21.1,169.6,169.3,0.48,7.0,direct_reuse
86334.0,84.3,21.1,33.8,1263.8,0.08,127.0,treat_then_reuse
33113.0,8.4,19.0,9.6,319.2,2.13,54.0,direct_reuse
18315.0,28.8,17.2,45.2,14.9,5.28,1.0,direct_reuse
100193.0,35.7,45.1,7.4,60.6,1.39,3.0,direct_reuse
33659.0,8.4,6.0,60.1,67.1,3.36,10.0,direct_reuse
36819.0,6.9,86.4,21.7,169.5,2.79,6.0,direct_reuse
50454.0,26.2,27.3,32.5,32.2,1.67,1.0,direct_reuse
109077.0,22.6,40.0,2.4,50.2,1.97,14.0,direct_reuse
49713.0,3.8,43.8,1.3,22.9,9.52,1.0,direct_reuse
21176.0,4.9,13.9,3.3,46.4,0.47,15.0,direct_reuse
71734.0,1.4,11.8,163.2,48.4,4.5,36.0,direct_reuse
34909.0,23.0,10.7,5.1,63.8,0.36,45.0,direct_reuse
183790.0,10.6,20.1,48.4,24.4,0.59,10.0,disposal
48982.0,11.6,42.9,9.3,265.1,7.8,117.0,direct_reuse
10255.0,2.9,15.4,15.1,151.3,0.34,20.0,direct_reuse
62954.0,5.0,39.9,19.0,18.3,1.2,43.0,direct_reuse
191227.0,8.8,3.7,144.4,92.6,35.51,4.0,disposal
147730.0,7.4,18.0,40.5,16.1,6.25,119.0,direct_reuse
176604.0,15.0,62.4,31.9,394.1,0.63,12.0,direct_reuse
24009.0,22.8,21.4,95.2,531.4,0.79,130.0,direct_reuse
92828.0,103.8,12.6,9.4,84.7,1.32,93.0,treat_then_reuse
29573.0,13.2,14.5,72.4,35.2,9.08,18.0,direct_reuse
57354.0,36.7,2.2,59.2,43.3,0.45,22.0,direct_reuse
20109.0,6.4,10.9,58.4,54.6,0.41,9.0,disposal
31222.0,3.0,57.2,16.7,80.0,4.17,4.0,direct_reuse
30535.0,9.8,15.4,11.9,406.5,0.19,30.0,direct_reuse
91949.0,3.2,16.9,7.1,257.5,0.5,28.0,direct_reuse
85863.0,13.6,3.8,7.6,261.9,1.48,1.0,direct_reuse
59503.0,6.7,6.7,6.7,108.6,1.58,11.0,direct_reuse
19048.0,2.3,63.6,31.2,25.3,0.28,45.0,direct_reuse
39413.0,64.2,40.2,15.3,38.6,2.61,110.0,treat_then_reuse
29077.0,8.3,8.7,33.7,96.2,3.39,36.0,direct_reuse
90109.0,3.1,14.8,36.1,24.0,0.7,1.0,direct_reuse
111829.0,30.2,24.0,5.6,125.8,14.28,3.0,direct_reuse
102690.0,7.0,9.4,5.4,218.2,2.56,7.0,direct_reuse
28893.0,35.9,4.9,15.3,164.0,0.45,99.0,direct_reuse
7204.0,7.0,21.6,7.9,156.9,13.56,5.0,direct_reuse
14230.0,8.3,38.8,7.0,11.6,0.84,60.0,direct_reuse
132606.0,18.4,39.4,153.7,390.2,2.08,5.0,direct_reuse
37017.0,23.0,49.4,3.2,16.1,0.88,27.0,direct_reuse
28984.0,26.9,7.1,227.6,76.1,3.71,3.0,direct_reuse
154796.0,12.4,25.7,28.4,177.8,0.88,9.0,direct_reuse
118849.0,21.7,19.8,65.6,133.5,0.95,2.0,direct_reuse
49867.0,26.3,22.9,56.9,22.1,1.34,106.0,direct_reuse
39919.0,16.1,20.7,42.1,26.9,0.86,4.0,direct_reuse
44691.0,11.8,14.5,147.6,123.4,6.64,1.0,direct_reuse
57470.0,3.7,2.2,5.5,157.9,0.32,1.0,direct_reuse
150247.0,23.1,62.1,16.6,26.6,1.57,11.0,direct_reuse
65889.0,14.0,31.9,7.2,138.6,1.85,6.0,disposal
81489.0,9.3,7.5,2.6,17.0,1.4,32.0,direct_reuse
111134.0,42.5,35.8,9.1,178.9,5.81,9.0,treat_then_reuse
21617.0,3.7,17.2,190.0,34.0,0.23,70.0,direct_reuse
83150.0,59.1,17.5,16.3,98.4,3.45,7.0,treat_then_reuse
39887.0,13.2,13.3,217.1,81.8,0.33,57.0,direct_reuse
8423.0,17.9,37.7,245.4,322.7,0.85,3.0,direct_reuse
11051.0,9.4,12.9,730.8,117.5,0.29,1.0,direct_reuse
24036.0,3.0,10.2,197.7,46.6,1.07,4.0,direct_reuse
71101.0,11.9,60.7,340.3,133.7,0.78,2.0,direct_reuse
53086.0,18.2,21.3,29.7,950.2,13.87,2.0,direct_reuse
55774.0,24.7,21.8,26.4,203.2,2.26,23.0,direct_reuse
192079.0,11.3,42.7,28.6,84.3,2.92,8.0,disposal
20164.0,1.9,14.4,20.1,36.0,0.39,15.0,direct_reuse
48088.0,3.4,16.9,24.0,45.7,4.32,27.0,direct_reuse
60664.0,85.4,31.3,49.5,190.2,13.87,1.0,treat_then_reuse
29279.0,5.0,7.1,11.5,34.0,5.11,29.0,direct_reuse
50003.0,48.6,29.3,3.8,90.3,0.3,2.0,treat_then_reuse
15995.0,5.8,13.4,31.1,437.6,0.9,5.0,direct_reuse
131523.0,11.4,48.6,8.7,106.2,1.9,1.0,direct_reuse
30420.0,23.6,38.0,9.9,27.5,0.78,33.0,direct_reuse
203207.0,6.4,34.2,16.9,988.0,44.38,1.0,disposal
47919.0,56.4,6.8,12.9,625.6,0.88,2.0,treat_then_reuse
100673.0,14.4,22.6,76.1,156.2,1.56,2.0,direct_reuse
47225.0,20.4,9.6,16.4,366.3,0.76,10.0,direct_reuse
47977.0,10.6,23.8,80.8,67.1,2.23,10.0,direct_reuse
32571.0,24.4,3.8,25.7,199.7,9.94,41.0,direct_reuse
53284.0,55.8,7.2,18.1,56.5,1.91,10.0,treat_then_reuse
61243.0,12.0,63.5,24.3,20.3,1.24,52.0,direct_reuse
28311.0,63.9,33.0,4.3,1557.9,0.41,22.0,treat_then_reuse
44912.0,7.8,18.5,30.1,19.2,7.94,3.0,direct_reuse
31982.0,26.8,11.9,55.6,124.9,1.37,4.0,direct_reuse
245184.0,20.9,10.3,66.0,123.3,1.29,117.0,disposal
46036.0,5.1,28.8,4.0,158.8,0.08,77.0,treat_then_reuse
144591.0,16.3,18.6,3.2,81.6,1.4,42.0,direct_reuse
42747.0,13.6,84.5,10.5,82.5,0.98,51.0,direct_reuse
58777.0,6.2,21.2,105.8,104.8,0.15,24.0,direct_reuse
19439.0,18.6,25.7,26.2,152.6,5.97,20.0,direct_reuse
35848.0,15.4,8.1,7.9,89.8,0.82,13.0,direct_reuse
56805.0,12.6,18.4,3.5,83.5,19.38,156.0,direct_reuse
148777.0,12.7,28.3,8.8,21.0,10.37,6.0,direct_reuse
57262.0,12.4,18.2,8.2,824.7,0.65,17.0,direct_reuse
129134.0,9.7,16.6,61.7,162.3,9.78,1.0,direct_reuse
76765.0,15.3,31.9,67.7,113.3,13.38,1.0,direct_reuse
153151.0,7.5,82.4,5.7,45.3,0.8,185.0,direct_reuse
47036.0,147.1,27.5,49.6,29.8,0.43,31.0,treat_then_reuse
261230.0,3.8,61.3,43.9,231.8,0.1,9.0,disposal
34899.0,8.0,40.3,4.9,75.5,2.7,14.0,direct_reuse
28666.0,8.5,58.4,18.2,178.2,0.47,2.0,direct_reuse
21014.0,84.5,15.1,30.2,20.3,2.81,6.0,treat_then_reuse
250626.0,4.1,20.8,24.4,493.5,0.79,1.0,disposal
86996.0,19.8,20.9,2.6,242.6,0.6,8.0,direct_reuse
38798.0,16.8,38.0,23.5,82.3,0.79,34.0,direct_reuse
117514.0,18.2,46.2,43.1,150.6,0.3,24.0,direct_reuse
79331.0,41.0,27.1,133.7,203.4,0.79,132.0,treat_then_reuse
194131.0,40.2,49.5,9.0,20.7,0.63,19.0,disposal
16589.0,9.0,15.6,10.4,570.0,1.62,0.0,direct_reuse
40711.0,16.0,49.8,15.6,153.2,1.89,227.0,direct_reuse
35463.0,2.5,55.3,28.5,41.5,0.41,3.0,direct_reuse
12313.0,14.7,42.2,22.6,26.9,6.9,16.0,direct_reuse
102974.0,6.6,27.3,41.5,266.6,1.34,14.0,direct_reuse
40567.0,11.4,43.4,5.2,113.6,11.63,17.0,direct_reuse
82268.0,3.0,12.0,32.3,153.1,2.26,13.0,direct_reuse
255721.0,19.4,28.8,8.2,92.7,1.8,13.0,disposal
38282.0,2.9,31.2,16.9,29.9,0.87,2.0,direct_reuse
36505.0,15.4,8.5,156.0,157.5,3.67,590.0,direct_reuse
53267.0,4.5,35.9,3.8,72.4,1.72,32.0,direct_reuse
97838.0,6.3,9.0,14.4,87.9,5.03,13.0,direct_reuse
32968.0,38.1,17.4,4.4,1229.9,13.28,193.0,direct_reuse
31518.0,22.9,25.3,24.1,234.2,0.64,2.0,direct_reuse
102748.0,37.9,13.7,70.7,249.5,3.66,45.0,direct_reuse
63898.0,54.8,26.2,24.6,1794.7,3.53,5.0,treat_then_reuse
11716.0,6.7,25.9,17.5,137.4,2.99,22.0,direct_reuse
20790.0,51.9,12.7,98.9,102.7,0.94,23.0,treat_then_reuse
140206.0,3.6,38.6,29.9,42.6,0.96,0.0,direct_reuse
64948.0,26.4,13.3,53.7,54.7,0.77,1.0,direct_reuse
28752.0,8.6,153.0,47.4,9.5,0.75,132.0,treat_then_reuse
43509.0,5.8,22.5,0.6,214.7,0.55,8.0,direct_reuse
49477.0,23.4,9.6,18.3,22.3,1.44,245.0,direct_reuse
82044.0,31.5,11.2,5.5,243.0,0.62,87.0,direct_reuse
18943.0,30.7,61.4,7.4,85.9,2.9,9.0,direct_reuse
27210.0,16.3,17.7,117.9,103.6,1.78,8.0,direct_reuse
59342.0,15.2,8.2,12.8,85.9,2.05,144.0,disposal
45712.0,21.6,48.6,194.6,413.5,1.16,286.0,direct_reuse
73152.0,17.7,17.6,3.7,340.5,1.8,8.0,direct_reuse
20730.0,21.9,41.4,5.5,87.2,1.2,122.0,direct_reuse
62943.0,16.2,51.9,50.1,33.5,4.54,57.0,direct_reuse
105252.0,28.7,30.6,13.3,248.7,0.93,74.0,direct_reuse
68925.0,3.1,166.8,29.0,30.8,2.69,14.0,treat_then_reuse
54035.0,12.0,6.2,17.6,16.3,0.3,4.0,direct_reuse
45839.0,3.9,12.8,16.9,155.7,4.16,3.0,direct_reuse
27326.0,17.3,20.0,13.9,343.9,0.8,2.0,direct_reuse
46611.0,59.0,149.7,24.9,57.7,0.5,214.0,treat_then_reuse
118396.0,8.8,103.4,43.4,140.5,0.38,12.0,treat_then_reuse
45102.0,15.1,68.8,139.4,57.0,0.34,2.0,direct_reuse
26295.0,26.6,13.0,15.8,199.2,0.88,55.0,direct_reuse
34732.0,2.1,14.3,12.5,300.2,11.57,6.0,direct_reuse
56421.0,8.4,12.6,10.7,67.4,0.71,5.0,direct_reuse
37742.0,18.7,13.1,117.2,29.1,0.09,271.0,direct_reuse
68852.0,1.0,81.0,46.0,18.1,2.65,2.0,direct_reuse
70685.0,5.6,20.2,2.1,249.2,0.39,17.0,direct_reuse
91335.0,36.3,22.4,2.0,25.8,4.76,5.0,direct_reuse
132786.0,33.2,45.6,7.4,135.5,0.95,4.0,direct_reuse
98430.0,18.9,6.5,26.5,211.7,1.15,1.0,treat_then_reuse
25490.0,29.8,25.6,19.3,51.9,7.82,13.0,direct_reuse
26044.0,16.3,10.2,37.3,75.0,3.68,3.0,direct_reuse
46488.0,22.2,19.4,16.3,270.1,0.33,30.0,direct_reuse
35745.0,10.1,15.3,107.4,37.0,0.39,11.0,direct_reuse
22096.0,14.9,14.7,50.7,33.1,0.16,8.0,direct_reuse
35983.0,7.6,29.4,22.0,69.6,48.63,3.0,treat_then_reuse
35166.0,42.0,29.3,79.4,367.1,0.54,104.0,treat_then_reuse
30629.0,53.0,20.6,2.8,529.4,7.54,37.0,treat_then_reuse
39299.0,46.6,33.0,18.1,80.7,0.83,4.0,treat_then_reuse
111850.0,9.3,12.2,23.7,41.1,0.41,2.0,direct_reuse
56357.0,5.7,42.3,41.4,290.2,1.7,1.0,direct_reuse
276583.0,42.5,20.8,2.6,14.4,1.08,67.0,disposal
55235.0,22.0,16.7,14.7,118.2,4.68,48.0,direct_reuse
40013.0,18.1,13.0,32.5,85.8,4.75,59.0,direct_reuse
49163.0,7.6,20.2,35.6,373.6,0.77,10.0,direct_reuse
58662.0,19.7,109.6,83.4,417.6,0.25,41.0,treat_then_reuse
66481.0,5.1,23.3,50.1,31.9,0.35,57.0,direct_reuse
209756.0,23.8,9.8,18.7,108.3,0.08,11.0,disposal
27127.0,46.6,51.2,45.1,48.1,1.15,7.0,treat_then_reuse
89441.0,58.4,16.8,15.8,65.2,1.62,3.0,treat_then_reuse
56694.0,25.5,30.8,24.0,177.5,0.37,23.0,direct_reuse
16321.0,3.9,15.1,52.1,62.3,0.32,28.0,direct_reuse
84077.0,16.1,68.3,19.0,111.4,1.61,7.0,direct_reuse
119054.0,92.4,15.3,31.0,258.0,0.73,8.0,treat_then_reuse
26903.0,6.2,75.1,63.7,476.6,1.25,9.0,direct_reuse
48715.0,12.8,10.6,47.2,123.7,1.02,40.0,direct_reuse
14651.0,48.0,19.4,88.2,102.5,2.28,2.0,treat_then_reuse
20309.0,23.5,75.2,328.4,26.6,0.79,2.0,direct_reuse
102091.0,125.5,28.1,46.7,515.1,0.87,2.0,treat_then_reuse
35366.0,7.0,151.0,11.5,155.3,0.14,10.0,treat_then_reuse
22558.0,5.5,19.8,37.1,104.6,1.54,20.0,direct_reuse
57562.0,40.5,30.1,35.3,98.8,1.85,2.0,treat_then_reuse
34007.0,4.6,112.6,41.9,133.8,1.31,48.0,treat_then_reuse
35257.0,11.3,7.3,120.8,210.4,19.79,109.0,direct_reuse
82251.0,12.7,6.6,2.7,241.1,2.04,23.0,direct_reuse
21737.0,34.2,13.0,123.5,529.5,1.35,66.0,disposal
26010.0,23.4,47.0,185.0,117.6,3.15,3.0,direct_reuse
54604.0,20.3,6.8,39.7,619.9,25.71,3.0,treat_then_reuse
96624.0,9.4,39.6,40.9,288.2,2.29,26.0,direct_reuse
116624.0,40.2,37.4,15.0,84.3,0.09,12.0,treat_then_reuse
30775.0,500.0,122.9,20.2,14.4,2.89,3.0,treat_then_reuse
94482.0,25.1,56.6,46.4,98.9,0.53,103.0,direct_reuse
28314.0,14.7,32.8,43.0,499.9,0.14,19.0,direct_reuse
176019.0,4.2,72.8,47.7,38.4,14.98,35.0,direct_reuse
22167.0,7.6,37.8,42.6,98.6,11.31,4.0,direct_reuse
124236.0,11.1,17.0,59.0,108.0,0.51,151.0,direct_reuse
30960.0,8.3,9.8,51.6,253.7,0.51,10.0,direct_reuse
200641.0,13.3,15.6,5.9,58.8,2.03,56.0,disposal
74156.0,66.7,23.8,54.5,34.6,0.52,5.0,treat_then_reuse
24072.0,41.4,28.2,186.8,168.5,1.38,16.0,treat_then_reuse
34011.0,11.7,4.4,19.5,39.7,0.65,28.0,direct_reuse
84696.0,4.5,20.6,121.4,12.0,0.98,243.0,direct_reuse
102421.0,44.9,25.1,6.7,681.6,0.27,6.0,treat_then_reuse
46653.0,12.9,38.0,19.4,249.6,4.83,17.0,disposal
50577.0,2.8,90.1,9.3,714.6,7.88,30.0,direct_reuse
83354.0,25.6,28.5,105.1,235.4,1.45,1.0,direct_reuse
53759.0,33.9,11.9,143.8,190.3,1.57,0.0,direct_reuse
19822.0,1.5,5.7,17.8,135.2,3.74,3.0,disposal
27748.0,6.4,42.5,81.9,73.4,1.65,52.0,direct_reuse
57791.0,12.2,12.2,145.6,158.1,15.62,160.0,direct_reuse
114787.0,26.1,49.1,19.3,49.0,0.3,3.0,direct_reuse
151932.0,8.5,75.0,23.5,27.8,5.05,2.0,treat_then_reuse
84598.0,6.4,7.1,48.4,62.5,1.42,122.0,direct_reuse
59940.0,25.9,38.2,7.3,372.7,0.38,5.0,direct_reuse
82799.0,8.8,69.0,22.9,23.2,30.61,7.0,treat_then_reuse
30739.0,21.9,55.4,262.8,23.6,36.63,109.0,treat_then_reuse
44035.0,5.0,4.6,11.0,172.5,1.26,85.0,direct_reuse
27532.0,4.0,12.4,56.0,57.0,2.94,49.0,direct_reuse
20453.0,26.6,8.8,37.7,153.6,0.89,1.0,direct_reuse
61913.0,16.9,37.3,16.5,267.4,1.1,2.0,direct_reuse
55818.0,30.9,34.1,26.2,149.6,0.38,65.0,direct_reuse
79329.0,8.3,2.8,164.5,44.9,0.31,20.0,direct_reuse
71846.0,6.6,19.3,39.0,369.2,18.13,4.0,direct_reuse
58096.0,45.8,46.6,47.1,203.6,1.57,7.0,treat_then_reuse
72376.0,3.4,27.6,137.1,92.7,1.76,64.0,direct_reuse
47578.0,41.5,27.6,14.2,87.9,0.57,120.0,treat_then_reuse
65449.0,44.2,18.3,5.7,135.8,2.11,12.0,treat_then_reuse
29487.0,29.2,10.5,167.7,63.9,0.23,4.0,direct_reuse
63500.0,7.2,24.2,23.7,15.0,0.6,8.0,direct_reuse
78268.0,6.5,25.6,58.7,205.4,0.35,91.0,direct_reuse
30676.0,11.1,40.1,8.0,192.4,8.85,89.0,direct_reuse
50832.0,4.2,42.8,32.0,7.2,0.19,16.0,direct_reuse
31681.0,5.7,26.3,5.4,157.9,0.36,6.0,direct_reuse
33909.0,24.1,58.9,21.7,621.5,0.12,62.0,direct_reuse
22305.0,24.2,18.2,9.2,26.0,0.52,139.0,direct_reuse
118901.0,5.2,7.7,7.0,83.0,0.91,1.0,direct_reuse
103361.0,24.7,35.9,14.0,73.7,5.88,9.0,direct_reuse
71411.0,20.3,27.1,1.3,559.2,1.24,69.0,direct_reuse
194958.0,52.4,36.5,5.0,308.9,0.97,14.0,disposal
42939.0,22.5,8.9,51.4,34.3,2.43,6.0,direct_reuse
300000.0,34.9,102.8,30.5,131.1,0.93,16.0,disposal
41803.0,20.7,43.3,5.5,1133.4,37.82,21.0,treat_then_reuse
58609.0,32.5,19.5,38.8,45.3,0.76,2.0,direct_reuse
37107.0,4.2,11.6,7.0,88.9,2.82,14.0,direct_reuse
63616.0,12.1,58.1,47.8,158.4,4.83,21.0,direct_reuse
87986.0,13.0,10.2,17.5,46.0,0.74,6.0,direct_reuse
45264.0,10.8,149.8,13.6,626.1,2.04,4.0,treat_then_reuse
170026.0,20.1,15.0,18.0,53.5,0.86,5.0,direct_reuse
57954.0,23.8,97.2,433.3,19.5,2.35,3.0,direct_reuse
59239.0,19.2,21.2,8.1,50.5,1.88,44.0,direct_reuse
25944.0,11.5,86.9,26.4,184.6,1.37,3.0,direct_reuse
65706.0,6.9,13.6,51.3,37.4,0.37,16.0,direct_reuse
44631.0,36.1,24.9,6.3,125.5,18.59,7.0,direct_reuse
32024.0,18.4,46.7,3.0,167.1,3.53,4.0,direct_reuse
28466.0,5.4,41.7,9.8,23.8,0.21,95.0,direct_reuse
300000.0,11.3,59.2,50.0,48.4,0.95,10.0,disposal
40764.0,2.8,16.6,13.3,132.1,0.21,4.0,direct_reuse
17679.0,13.9,26.3,15.2,194.9,4.44,4.0,direct_reuse
30069.0,11.3,66.6,59.9,49.8,1.6,20.0,direct_reuse
47283.0,8.0,14.0,7.6,106.4,1.66,42.0,direct_reuse
71874.0,56.0,38.8,18.1,65.9,0.55,82.0,treat_then_reuse
72284.0,4.8,20.6,3.3,200.5,1.09,9.0,direct_reuse
78718.0,25.4,28.9,29.5,159.4,4.59,9.0,direct_reuse
31213.0,96.4,26.2,26.5,59.7,6.51,15.0,treat_then_reuse
62212.0,35.5,13.1,52.2,152.4,4.95,16.0,direct_reuse
26549.0,13.1,19.9,5.1,57.2,0.22,4.0,direct_reuse
31769.0,4.9,27.5,16.0,148.9,1.29,109.0,direct_reuse
25786.0,4.0,22.6,4.3,151.2,2.29,13.0,direct_reuse
21336.0,9.3,86.3,14.9,1221.9,0.63,27.0,direct_reuse
103254.0,7.3,55.0,118.9,62.2,0.19,23.0,direct_reuse
79382.0,7.0,30.9,13.7,77.1,0.31,22.0,direct_reuse
97116.0,10.0,13.3,3.9,44.2,11.58,3.0,direct_reuse
50389.0,12.3,12.7,8.9,28.9,0.35,12.0,direct_reuse
84437.0,20.8,119.0,2.9,54.5,1.75,373.0,treat_then_reuse
14287.0,4.4,10.9,4.2,187.1,1.35,132.0,direct_reuse
89694.0,7.3,26.9,44.9,202.6,1.35,15.0,direct_reuse
55491.0,11.7,32.7,3.5,124.6,1.09,7.0,direct_reuse
76037.0,11.3,19.1,29.2,65.0,4.6,0.0,direct_reuse
63960.0,70.3,11.0,20.7,52.3,1.73,6.0,treat_then_reuse
24565.0,16.6,13.1,10.6,32.8,0.73,11.0,direct_reuse
17178.0,3.2,15.8,26.4,48.8,1.76,8.0,direct_reuse
29779.0,19.6,13.9,6.5,21.7,0.31,8.0,direct_reuse
72798.0,22.0,71.0,55.1,400.9,3.06,31.0,direct_reuse
79464.0,12.0,24.4,8.7,679.2,0.68,3.0,direct_reuse
18816.0,4.5,16.1,12.6,10.7,0.73,18.0,direct_reuse
24667.0,65.5,26.7,11.0,123.7,3.21,10.0,treat_then_reuse
29547.0,5.1,41.9,45.9,121.5,0.97,3.0,direct_reuse
38173.0,24.4,18.6,38.6,113.3,1.04,150.0,direct_reuse
18893.0,16.1,50.5,0.9,46.9,7.52,37.0,direct_reuse
18116.0,23.1,8.9,27.3,277.2,0.47,4.0,direct_reuse
27576.0,62.6,62.6,2.5,141.4,3.15,26.0,treat_then_reuse
52072.0,22.3,24.4,13.3,280.8,5.67,2.0,direct_reuse
21452.0,8.1,23.6,17.6,40.0,7.52,5.0,direct_reuse
45204.0,36.4,14.1,13.2,19.7,27.92,89.0,treat_then_reuse
102846.0,7.6,9.2,36.6,145.2,0.72,21.0,direct_reuse
19707.0,15.6,6.5,47.7,31.2,0.53,18.0,direct_reuse
42425.0,4.2,13.3,7.9,287.2,4.77,54.0,direct_reuse
100441.0,5.3,39.3,7.6,8.7,5.6,30.0,direct_reuse
36578.0,14.1,11.4,19.2,53.8,0.59,8.0,direct_reuse
32808.0,18.8,7.1,3.2,45.7,3.1,50.0,direct_reuse
110685.0,2.9,11.9,11.3,62.5,56.91,1.0,treat_then_reuse
39563.0,21.1,18.0,101.3,120.0,1.89,4.0,direct_reuse
106207.0,6.4,18.6,3.3,139.2,5.48,11.0,direct_reuse
66189.0,42.6,22.1,13.4,181.9,12.8,28.0,treat_then_reuse
38561.0,9.8,56.0,9.9,206.5,42.73,7.0,treat_then_reuse
68582.0,4.9,66.6,222.8,74.5,2.27,1.0,direct_reuse
61348.0,14.4,122.0,10.5,915.6,8.41,1.0,treat_then_reuse
100169.0,5.9,6.7,11.3,414.0,0.59,11.0,direct_reuse
33395.0,42.2,12.4,5.8,63.9,1.7,6.0,treat_then_reuse
50455.0,13.5,42.9,20.3,77.4,0.92,3.0,direct_reuse
46955.0,11.7,17.1,27.8,62.4,0.14,2.0,direct_reuse
80250.0,22.9,48.8,6.9,134.2,0.21,15.0,direct_reuse
23918.0,5.4,29.0,65.8,30.9,2.88,86.0,direct_reuse
99896.0,4.2,86.8,27.8,37.8,2.96,15.0,direct_reuse
67943.0,19.4,56.5,55.8,8.3,0.43,88.0,direct_reuse
19500.0,5.0,57.3,13.5,58.1,12.49,7.0,direct_reuse
114209.0,5.0,17.6,26.9,290.4,0.39,24.0,direct_reuse
234185.0,28.6,22.7,15.6,76.1,2.3,93.0,disposal
98843.0,21.6,19.2,115.5,81.0,0.96,10.0,direct_reuse
133104.0,4.4,7.4,23.1,122.2,1.89,13.0,direct_reuse
52040.0,7.7,79.6,20.3,29.9,5.3,7.0,direct_reuse
15320.0,6.0,44.5,11.6,92.6,4.41,30.0,direct_reuse
13482.0,66.6,18.6,10.8,239.7,4.14,47.0,treat_then_reuse
58604.0,30.4,69.7,26.7,126.1,3.51,21.0,direct_reuse
32390.0,9.2,14.8,53.7,264.0,0.32,9.0,direct_reuse
25843.0,22.6,5.6,8.8,361.6,7.21,1.0,direct_reuse
46914.0,4.0,54.9,23.4,186.6,0.42,11.0,direct_reuse
75426.0,7.3,8.8,25.1,41.1,1.44,9.0,direct_reuse
17731.0,14.8,21.0,30.9,61.6,1.04,17.0,direct_reuse
35803.0,20.2,28.9,2.6,753.4,2.6,15.0,direct_reuse
141056.0,12.3,33.4,6.6,127.2,0.88,129.0,direct_reuse
23093.0,16.8,48.4,3.9,109.8,1.34,4.0,direct_reuse
90114.0,14.4,39.0,20.9,35.0,13.52,1.0,direct_reuse
34916.0,11.6,38.1,6.8,81.4,0.31,2.0,direct_reuse
71830.0,10.3,13.0,11.1,197.9,1.64,5.0,direct_reuse
105676.0,9.2,31.0,4.8,91.5,0.39,62.0,direct_reuse
82363.0,16.6,7.4,12.4,50.8,3.96,2.0,direct_reuse
92634.0,19.5,85.6,5.2,65.6,0.64,2.0,treat_then_reuse
21892.0,16.1,8.0,49.9,334.0,1.73,23.0,direct_reuse
106891.0,4.7,18.6,35.7,187.6,0.29,44.0,direct_reuse
26987.0,5.5,8.5,24.1,162.0,8.84,1.0,direct_reuse
58787.0,19.3,13.7,14.0,146.2,1.81,1.0,direct_reuse
58734.0,50.6,24.8,1.7,24.5,1.97,4.0,treat_then_reuse
68843.0,15.4,16.1,11.6,121.5,4.84,33.0,direct_reuse
62061.0,9.3,61.3,8.1,291.4,0.32,15.0,direct_reuse
27155.0,16.5,29.4,27.0,67.6,0.74,4.0,direct_reuse
19055.0,4.8,16.9,42.3,263.8,2.06,37.0,direct_reuse
90278.0,43.7,22.0,29.7,164.0,0.17,15.0,treat_then_reuse
55831.0,15.9,65.1,91.4,223.7,0.19,10.0,direct_reuse
109597.0,7.4,50.8,10.2,95.2,0.57,1.0,direct_reuse
47510.0,11.6,9.9,9.7,238.7,0.37,4.0,direct_reuse
18332.0,8.4,14.2,69.8,18.0,1.05,229.0,direct_reuse
96403.0,43.8,35.9,24.5,93.4,3.25,7.0,treat_then_reuse
37826.0,11.2,32.5,14.9,197.2,4.37,3.0,direct_reuse
62280.0,15.5,10.6,184.2,124.7,17.33,7.0,direct_reuse
31157.0,22.6,44.7,40.2,300.4,1.6,15.0,direct_reuse
154974.0,6.9,12.0,16.0,75.7,2.02,46.0,direct_reuse
26540.0,16.0,69.6,8.8,49.3,1.6,31.0,direct_reuse
38708.0,17.2,37.5,98.7,14.8,2.5,4.0,direct_reuse
52850.0,3.3,9.9,25.7,66.7,2.77,82.0,direct_reuse
22822.0,16.9,16.1,20.7,158.9,5.47,41.0,direct_reuse
61782.0,12.9,15.8,45.2,207.9,5.44,6.0,direct_reuse
151499.0,15.1,27.9,57.7,19.3,3.24,10.0,direct_reuse
34776.0,13.9,20.8,38.9,327.9,11.74,30.0,direct_reuse
64641.0,17.0,9.8,58.0,30.8,1.71,61.0,direct_reuse
7154.0,44.9,8.0,34.5,78.8,0.74,1.0,treat_then_reuse
47703.0,4.7,38.1,39.1,48.1,0.92,14.0,direct_reuse
39374.0,9.9,30.8,8.3,142.4,1.44,12.0,direct_reuse
27641.0,24.5,26.7,176.3,99.8,0.4,5.0,direct_reuse
104508.0,20.8,30.5,4.6,189.8,0.74,5.0,direct_reuse
39012.0,20.4,15.0,29.1,684.2,0.37,59.0,direct_reuse
43294.0,160.5,28.4,4.0,139.4,2.58,27.0,treat_then_reuse
37645.0,23.4,186.9,17.9,47.7,2.61,287.0,treat_then_reuse
12813.0,37.3,62.8,10.1,149.5,0.17,5.0,direct_reuse
22195.0,10.2,19.5,23.6,764.8,0.7,15.0,direct_reuse
96064.0,5.5,16.1,30.3,185.3,17.69,19.0,direct_reuse
11193.0,10.1,2.5,6.4,254.7,3.74,47.0,direct_reuse
28669.0,25.6,57.7,19.4,15.6,2.98,93.0,direct_reuse
37056.0,19.4,46.0,107.0,137.8,0.7,14.0,direct_reuse
166132.0,19.4,15.9,4.2,67.0,2.4,2.0,direct_reuse
83954.0,11.1,7.8,7.2,42.6,1.62,4.0,disposal
33189.0,9.6,9.7,56.4,87.8,0.59,15.0,disposal
122169.0,11.5,35.0,22.0,101.4,0.87,66.0,direct_reuse
29192.0,25.8,22.8,24.1,45.3,0.89,1.0,direct_reuse
99347.0,28.7,42.7,68.5,110.8,0.24,2.0,direct_reuse
18935.0,5.4,26.3,7.7,74.4,0.3,38.0,direct_reuse
103910.0,26.7,53.2,10.8,194.9,1.27,2.0,direct_reuse
36890.0,7.5,33.0,9.3,115.6,0.55,2.0,direct_reuse
23862.0,20.5,47.6,13.2,136.1,1.11,67.0,direct_reuse
42108.0,11.3,4.6,100.2,264.4,0.2,9.0,direct_reuse
59524.0,55.1,9.1,2.6,165.7,4.67,8.0,treat_then_reuse
34672.0,9.2,18.3,4.8,89.4,24.65,95.0,treat_then_reuse
72241.0,15.8,58.2,3.9,9.1,6.27,2.0,direct_reuse
32595.0,23.2,110.4,108.0,158.4,7.17,2.0,treat_then_reuse
75679.0,6.1,21.5,9.6,33.0,3.72,140.0,direct_reuse
66806.0,12.6,15.0,13.6,81.9,2.33,17.0,direct_reuse
46974.0,10.6,5.1,2.9,135.4,1.85,34.0,direct_reuse
35991.0,8.5,49.0,14.7,390.1,0.5,8.0,direct_reuse
54507.0,9.1,15.8,56.8,683.0,4.04,10.0,direct_reuse
72054.0,36.6,261.6,27.2,32.7,3.74,4.0,treat_then_reuse
207577.0,7.9,13.6,17.6,21.2,0.9,20.0,disposal
94617.0,22.4,132.2,3.1,128.8,3.27,42.0,treat_then_reuse
97071.0,17.9,44.6,13.6,117.5,0.67,16.0,direct_reuse
300000.0,3.8,10.8,24.0,24.0,0.73,60.0,disposal
70345.0,21.5,29.5,6.1,88.4,4.52,33.0,direct_reuse
68820.0,3.8,45.5,44.1,173.7,2.89,3.0,direct_reuse
80243.0,23.7,20.5,58.1,23.3,1.22,10.0,direct_reuse
24191.0,8.5,48.0,10.7,30.1,1.05,6.0,direct_reuse
35928.0,13.6,47.1,48.0,44.3,2.07,38.0,direct_reuse
34396.0,4.2,39.5,17.6,71.3,0.15,24.0,direct_reuse
77136.0,15.0,24.2,79.6,193.1,0.62,15.0,direct_reuse
43394.0,31.0,9.6,230.7,62.9,0.32,56.0,direct_reuse
54001.0,6.5,23.1,5.4,95.7,1.67,1.0,direct_reuse
104948.0,7.8,28.2,50.6,1065.1,6.79,5.0,direct_reuse
89698.0,20.3,5.5,96.2,31.4,3.07,6.0,direct_reuse
43774.0,20.7,28.1,6.3,43.9,0.85,18.0,direct_reuse
30669.0,1.5,22.7,10.1,189.8,0.66,28.0,direct_reuse
108520.0,82.6,8.7,9.9,266.9,0.62,12.0,treat_then_reuse
84265.0,21.7,18.8,17.1,142.1,22.19,2.0,treat_then_reuse
15925.0,25.2,19.1,13.1,658.4,1.8,22.0,direct_reuse
39371.0,11.8,114.9,15.8,127.6,2.14,15.0,treat_then_reuse
55042.0,2.5,29.3,54.9,10.2,0.11,1.0,direct_reuse
84557.0,24.7,56.2,2.1,100.2,0.36,8.0,direct_reuse
92695.0,8.1,22.3,6.2,48.0,1.56,21.0,direct_reuse
59798.0,22.0,5.5,44.9,412.5,0.86,145.0,direct_reuse
73841.0,11.1,42.0,39.0,260.1,1.96,2.0,direct_reuse
51272.0,16.7,14.5,5.6,15.7,1.93,40.0,direct_reuse
30586.0,6.7,18.8,39.3,397.6,3.6,2.0,direct_reuse
40828.0,29.3,10.6,98.7,253.0,0.15,2.0,direct_reuse
49677.0,4.6,26.0,18.9,63.0,0.39,2.0,direct_reuse
47845.0,101.6,57.5,6.0,82.6,1.45,30.0,treat_then_reuse
13096.0,100.9,51.7,57.4,416.3,0.71,15.0,treat_then_reuse
37114.0,58.5,87.3,158.8,10.3,1.1,8.0,treat_then_reuse
50988.0,42.4,97.7,6.9,146.9,1.9,24.0,treat_then_reuse
40257.0,12.5,4.8,21.1,299.7,0.63,13.0,direct_reuse
41242.0,38.5,9.4,74.3,81.6,2.12,14.0,direct_reuse
68982.0,12.3,5.8,23.1,183.6,3.34,8.0,direct_reuse
23034.0,3.3,40.7,2.5,100.8,1.79,3.0,direct_reuse
15684.0,52.1,14.1,34.2,38.0,4.21,154.0,treat_then_reuse
38418.0,37.2,16.6,6.2,37.0,0.1,100.0,direct_reuse
83690.0,13.1,20.6,4.4,197.0,0.77,132.0,direct_reuse
159738.0,4.5,33.3,2.5,44.7,5.26,5.0,direct_reuse
84752.0,7.9,7.5,83.8,16.8,0.54,4.0,direct_reuse
17540.0,2.6,9.0,7.4,103.0,0.45,7.0,direct_reuse
41662.0,31.5,24.6,30.0,51.2,1.4,61.0,direct_reuse
58668.0,3.2,64.0,40.2,24.1,1.61,12.0,direct_reuse
55510.0,17.4,24.0,24.4,97.4,0.82,5.0,direct_reuse
71504.0,6.3,13.0,28.7,209.3,18.11,21.0,direct_reuse
25798.0,3.7,4.4,31.7,92.0,2.39,4.0,direct_reuse
51301.0,16.7,52.6,23.7,27.9,0.51,2.0,direct_reuse
65790.0,10.0,13.6,8.1,152.9,0.25,15.0,direct_reuse
87375.0,28.6,9.8,7.2,281.1,2.79,6.0,direct_reuse
27889.0,4.3,6.2,17.7,1026.9,0.49,12.0,direct_reuse
38499.0,6.8,7.8,17.3,439.7,27.07,0.0,treat_then_reuse
7386.0,1.6,11.4,33.6,29.8,2.88,3.0,direct_reuse
31729.0,1.9,20.3,75.3,231.3,3.41,11.0,direct_reuse
33959.0,67.9,9.3,30.3,119.4,2.28,1.0,treat_then_reuse
24012.0,87.8,28.5,7.6,25.3,7.09,1.0,treat_then_reuse
55046.0,14.6,20.1,1.5,123.0,0.07,13.0,direct_reuse
47138.0,6.4,145.1,8.0,742.9,0.34,35.0,treat_then_reuse
10082.0,10.3,6.3,4.0,335.4,6.32,3.0,direct_reuse
57003.0,29.6,27.9,8.4,29.5,11.6,8.0,direct_reuse
25596.0,8.5,28.2,26.9,91.4,0.33,9.0,direct_reuse
68870.0,16.7,10.8,22.2,154.6,0.16,1.0,direct_reuse
19984.0,13.3,26.5,186.8,13.4,2.05,72.0,direct_reuse
50061.0,8.1,45.4,35.9,13.9,3.1,9.0,direct_reuse
40207.0,8.4,26.5,198.5,106.7,2.0,9.0,direct_reuse
60607.0,17.5,74.3,47.4,108.2,1.53,21.0,direct_reuse
53492.0,5.6,4.3,73.9,11.9,0.15,1.0,direct_reuse
41002.0,20.2,12.5,13.1,137.9,1.01,48.0,direct_reuse
16724.0,8.8,79.8,5.5,297.6,1.23,59.0,direct_reuse
17430.0,15.1,50.9,11.7,70.8,0.81,15.0,direct_reuse
32574.0,46.8,37.8,19.8,96.1,0.14,24.0,treat_then_reuse
48738.0,11.6,65.8,9.5,168.8,3.53,7.0,direct_reuse
32024.0,30.8,5.3,6.0,145.9,5.08,44.0,direct_reuse
75936.0,2.7,46.4,33.1,14.4,0.59,4.0,direct_reuse
40318.0,8.8,57.5,6.0,33.3,1.29,12.0,direct_reuse
24947.0,13.8,14.5,3.2,58.2,0.86,13.0,direct_reuse
40349.0,76.0,201.0,5.2,34.9,0.88,11.0,treat_then_reuse
57417.0,2.3,28.7,15.2,452.0,3.13,61.0,direct_reuse
61539.0,12.3,4.2,6.1,180.9,3.23,325.0,direct_reuse
182566.0,49.9,33.3,15.3,26.6,6.67,10.0,disposal
30692.0,6.6,13.8,41.3,71.1,6.49,25.0,direct_reuse
46563.0,11.1,62.3,40.0,312.1,1.32,4.0,direct_reuse
66058.0,18.1,38.0,9.1,44.2,66.34,57.0,treat_then_reuse
48224.0,15.9,15.2,4.2,229.7,12.37,6.0,direct_reuse
34529.0,55.1,81.6,10.1,412.2,0.7,1363.0,treat_then_reuse
16573.0,20.2,52.0,44.1,343.0,1.94,1.0,direct_reuse
34283.0,44.5,12.7,58.4,109.8,0.12,305.0,treat_then_reuse
23119.0,9.7,21.7,30.7,356.4,1.71,54.0,direct_reuse
14638.0,6.9,37.1,84.9,50.7,14.52,2.0,direct_reuse
28086.0,11.0,18.3,160.0,1386.4,61.29,395.0,disposal
23554.0,4.7,18.8,11.2,117.3,1.41,3.0,direct_reuse
73766.0,20.8,25.3,119.6,317.8,2.55,8.0,direct_reuse
74665.0,9.5,10.5,14.7,60.4,3.62,2.0,direct_reuse
26037.0,7.4,4.1,68.3,155.9,21.62,10.0,treat_then_reuse
40857.0,21.1,29.7,47.0,163.7,0.46,11.0,direct_reuse
13349.0,4.8,5.0,1.9,32.4,52.05,42.0,treat_then_reuse
34682.0,26.9,11.1,6.3,31.4,1.09,472.0,direct_reuse
64815.0,8.8,5.9,4.6,71.9,0.36,6.0,direct_reuse
87331.0,38.2,6.6,2.4,303.6,1.09,0.0,direct_reuse
29758.0,9.5,34.5,57.7,12.0,0.58,32.0,direct_reuse
102365.0,23.8,20.5,240.5,60.4,2.84,5.0,direct_reuse
16967.0,15.8,20.0,14.7,380.3,0.19,186.0,direct_reuse
20469.0,26.3,8.6,56.0,23.2,1.98,12.0,direct_reuse
80560.0,14.9,14.5,119.3,357.6,3.91,4.0,direct_reuse
157911.0,3.0,33.2,25.8,26.0,11.33,3.0,direct_reuse
69245.0,33.4,23.5,19.5,32.8,3.99,31.0,direct_reuse
47656.0,12.4,47.4,15.0,76.6,10.46,8.0,direct_reuse
10545.0,27.4,53.1,38.3,706.8,0.75,110.0,direct_reuse
11900.0,25.1,20.0,57.4,44.5,2.75,9.0,direct_reuse
53669.0,6.7,5.6,35.0,13.4,0.09,102.0,direct_reuse
38153.0,5.9,13.4,33.5,19.3,1.42,2.0,direct_reuse
22605.0,24.3,22.7,18.9,250.9,2.73,1.0,direct_reuse
51322.0,10.2,13.2,3.0,20.3,3.07,42.0,direct_reuse
53135.0,31.3,10.6,59.0,332.5,0.21,6.0,direct_reuse
94949.0,11.5,25.9,4.3,97.2,0.99,8.0,direct_reuse
53940.0,33.8,171.4,42.2,86.9,1.19,3.0,treat_then_reuse
115830.0,19.7,16.6,49.7,124.8,0.94,2.0,direct_reuse
49296.0,17.4,24.5,5.1,37.3,4.23,32.0,direct_reuse
45219.0,9.6,8.6,9.7,104.8,1.24,12.0,direct_reuse
103261.0,16.6,66.3,256.2,24.2,1.88,2.0,direct_reuse
24713.0,39.4,49.4,18.3,396.9,0.87,40.0,direct_reuse
300000.0,12.8,46.7,4.6,29.1,6.58,71.0,disposal
63747.0,21.7,72.8,52.5,145.9,7.25,10.0,direct_reuse
63996.0,14.0,17.4,7.9,28.8,1.1,55.0,direct_reuse
70797.0,15.1,19.3,2.0,50.1,67.07,3.0,treat_then_reuse
182407.0,63.5,96.3,37.5,59.7,0.61,29.0,disposal
85370.0,39.7,40.7,6.7,2391.0,6.11,16.0,direct_reuse
15938.0,14.5,4.2,29.5,88.6,0.48,4.0,direct_reuse
130931.0,16.3,35.3,7.6,36.5,4.5,265.0,direct_reuse
38614.0,7.2,15.4,46.9,55.2,4.07,17.0,direct_reuse
52839.0,11.5,50.3,25.0,17.2,0.44,5.0,direct_reuse
20021.0,17.8,34.0,0.9,75.3,1.39,13.0,direct_reuse
70851.0,28.9,6.1,31.8,689.7,18.69,3.0,direct_reuse
31071.0,26.4,30.4,14.2,130.3,0.57,2.0,direct_reuse
52581.0,5.0,29.0,110.0,243.2,2.78,6.0,direct_reuse
40180.0,32.4,32.8,32.3,33.1,2.55,7.0,direct_reuse
188624.0,12.4,38.9,49.8,72.0,1.56,4.0,disposal
196336.0,5.5,81.2,8.6,112.7,0.17,80.0,disposal
50643.0,44.8,34.2,7.8,40.5,4.84,4.0,treat_then_reuse
51266.0,50.2,25.0,19.5,139.8,1.67,3.0,treat_then_reuse
37744.0,17.1,61.5,13.0,177.1,6.92,2.0,direct_reuse
106320.0,25.5,147.6,100.0,163.6,2.23,2.0,treat_then_reuse
38939.0,26.9,51.0,16.7,76.2,1.79,57.0,direct_reuse
36500.0,47.3,28.9,4.6,298.9,2.68,18.0,treat_then_reuse
97248.0,25.9,34.7,7.4,67.8,0.46,34.0,direct_reuse
33631.0,4.1,30.1,63.9,61.3,12.5,56.0,direct_reuse
47742.0,82.2,24.9,16.4,439.5,1.01,7.0,treat_then_reuse
16205.0,35.1,138.7,15.4,26.6,1.03,111.0,treat_then_reuse
80253.0,8.5,13.5,71.7,13.8,8.85,5.0,direct_reuse
190729.0,5.3,61.8,6.7,34.7,2.27,2.0,disposal
81215.0,21.2,22.2,1.4,137.8,1.21,21.0,direct_reuse
136388.0,10.5,7.5,7.2,369.4,2.82,15.0,direct_reuse
27112.0,18.1,21.1,26.9,43.5,3.72,15.0,direct_reuse
57839.0,26.3,15.8,14.9,662.7,1.41,56.0,direct_reuse
25331.0,8.1,38.9,3.1,92.8,5.47,14.0,direct_reuse
41796.0,4.9,26.4,68.0,79.3,0.32,19.0,direct_reuse
84166.0,19.1,10.8,24.4,35.3,2.32,94.0,direct_reuse
52642.0,8.3,79.6,32.0,770.1,4.67,18.0,treat_then_reuse
18236.0,15.4,58.7,33.2,76.3,3.7,26.0,direct_reuse
19526.0,4.0,87.3,4.2,20.8,0.09,1.0,direct_reuse
18642.0,10.7,29.7,28.9,1344.0,1.4,3225.0,direct_reuse
69149.0,25.6,23.8,59.7,138.8,0.34,1.0,direct_reuse
207882.0,23.2,43.1,78.9,216.7,8.77,5.0,disposal
127226.0,6.6,15.5,47.7,572.3,0.99,5.0,direct_reuse
13001.0,4.7,27.2,37.2,177.0,7.59,288.0,direct_reuse
132555.0,13.7,21.3,2.5,263.1,0.34,5.0,direct_reuse
94417.0,22.3,7.6,19.7,95.6,2.74,24.0,direct_reuse
16619.0,19.4,27.2,6.4,201.8,1.67,5.0,direct_reuse
39647.0,8.5,17.2,93.6,86.7,59.94,3.0,treat_then_reuse
105542.0,17.6,20.2,78.0,88.0,7.62,29.0,direct_reuse
72064.0,52.0,32.8,6.4,102.7,7.01,4.0,treat_then_reuse
19607.0,16.2,67.9,19.0,58.2,23.02,17.0,treat_then_reuse
75171.0,3.1,12.4,27.1,156.8,2.38,31.0,direct_reuse
10979.0,16.2,18.7,59.2,156.3,1.45,213.0,direct_reuse
41941.0,84.7,13.3,2.7,221.6,1.25,2.0,treat_then_reuse
108724.0,4.2,12.6,1.4,181.9,2.52,10.0,direct_reuse
49656.0,13.8,15.2,21.0,812.4,0.04,10.0,direct_reuse
34570.0,11.0,21.0,1.0,286.5,1.65,12.0,direct_reuse
91358.0,14.7,39.2,24.3,71.7,2.21,574.0,direct_reuse
96986.0,16.0,31.7,40.9,148.2,1.35,9.0,direct_reuse
122642.0,37.6,10.5,88.5,425.8,0.23,0.0,direct_reuse
90404.0,14.5,69.1,9.5,31.7,1.36,9.0,direct_reuse
104502.0,42.5,52.2,24.4,825.2,0.22,10.0,treat_then_reuse
81882.0,12.1,11.9,43.9,38.4,16.54,8.0,direct_reuse
59034.0,9.8,65.3,4.9,242.3,1.18,4.0,direct_reuse
52191.0,7.4,31.9,60.2,90.7,0.11,2.0,direct_reuse
41519.0,2.6,21.6,27.9,85.1,1.26,311.0,direct_reuse
20980.0,17.3,32.7,9.7,21.5,5.28,20.0,direct_reuse
25117.0,85.5,24.0,23.8,244.3,2.07,9.0,treat_then_reuse
40239.0,20.3,37.9,17.0,21.8,0.5,296.0,direct_reuse
58047.0,25.0,28.5,51.2,18.4,0.68,3.0,direct_reuse
134399.0,9.3,18.7,13.0,322.4,1.14,30.0,direct_reuse
47607.0,10.8,4.9,26.4,644.6,0.93,2.0,direct_reuse
98956.0,32.7,37.4,9.5,43.2,0.32,38.0,direct_reuse
104352.0,82.1,18.2,6.5,271.4,1.51,2.0,treat_then_reuse
41689.0,51.4,45.7,24.7,216.2,0.29,25.0,treat_then_reuse
74331.0,27.8,36.1,6.8,81.4,5.66,228.0,direct_reuse
41338.0,13.9,18.6,52.5,391.3,6.64,14.0,direct_reuse
123685.0,16.3,55.6,40.9,75.2,0.45,0.0,direct_reuse
76503.0,6.8,28.9,8.0,159.1,0.65,13.0,direct_reuse
21304.0,3.7,28.0,26.0,22.7,0.95,25.0,direct_reuse
54889.0,4.9,22.0,8.0,23.8,1.58,47.0,direct_reuse
155388.0,14.1,94.3,2.9,325.7,2.3,111.0,direct_reuse
43180.0,10.4,13.9,9.8,165.1,3.01,120.0,direct_reuse
67064.0,3.6,19.0,18.9,77.0,2.92,10.0,treat_then_reuse
71834.0,13.0,9.1,37.6,734.1,12.43,5.0,direct_reuse
23727.0,10.1,43.9,24.0,725.6,1.78,2.0,direct_reuse
70087.0,4.7,15.4,59.7,145.9,0.3,5.0,direct_reuse
18478.0,9.6,16.8,6.2,18.2,0.2,25.0,direct_reuse
31636.0,10.1,16.2,12.8,79.6,13.83,2.0,direct_reuse
104089.0,7.7,25.8,144.5,36.0,3.2,3.0,direct_reuse
62927.0,31.0,9.0,2.0,99.3,2.16,28.0,direct_reuse
39611.0,2.4,4.1,11.7,32.1,2.96,5.0,direct_reuse
67005.0,2.3,35.4,5.6,24.1,2.03,21.0,direct_reuse
47002.0,13.5,4.5,15.9,7.5,2.9,4.0,direct_reuse
49454.0,14.7,48.6,11.9,108.2,1.02,19.0,direct_reuse
77635.0,19.4,85.4,41.4,7.2,6.5,4.0,direct_reuse
29462.0,8.3,21.5,27.3,63.3,0.83,1.0,direct_reuse
50425.0,5.9,69.4,4.2,193.2,0.51,51.0,direct_reuse
39396.0,13.4,24.1,9.9,40.7,0.18,4.0,direct_reuse
16156.0,9.0,88.2,20.1,27.3,1.21,8.0,direct_reuse
25737.0,54.4,17.0,48.8,83.5,8.57,4.0,treat_then_reuse
146935.0,10.1,3.7,372.2,36.2,0.91,28.0,direct_reuse
64171.0,12.8,23.0,46.7,110.4,0.27,20.0,direct_reuse
19409.0,124.9,96.2,6.0,28.9,2.39,27.0,treat_then_reuse
16676.0,11.3,37.6,17.9,80.2,0.71,5.0,direct_reuse
45319.0,22.2,16.2,25.0,61.5,12.34,11.0,direct_reuse
146215.0,24.1,31.9,10.8,88.9,6.67,23.0,direct_reuse
43014.0,26.0,53.4,35.3,543.8,0.32,124.0,treat_then_reuse
122382.0,17.5,22.9,1.3,112.1,1.32,19.0,direct_reuse
62715.0,16.0,200.6,39.0,156.8,0.62,3.0,treat_then_reuse
68178.0,14.7,16.2,11.3,45.3,0.36,18.0,direct_reuse
19245.0,8.0,54.7,17.6,115.1,1.53,10.0,direct_reuse
94492.0,18.0,45.1,116.6,66.5,4.78,1.0,direct_reuse
38776.0,83.6,14.0,4.4,93.0,1.48,1.0,treat_then_reuse
89694.0,40.0,17.5,27.9,183.8,0.84,11.0,treat_then_reuse
27725.0,17.7,55.4,52.1,51.9,0.09,13.0,direct_reuse
55489.0,29.1,27.5,24.6,58.1,0.69,8.0,direct_reuse
62718.0,6.2,32.2,2.9,52.7,3.38,46.0,direct_reuse
44010.0,10.6,6.6,101.5,51.6,0.29,3.0,direct_reuse
65068.0,31.6,41.5,15.6,108.9,8.73,2.0,direct_reuse
40681.0,51.3,30.9,10.7,60.3,0.77,4.0,treat_then_reuse
31122.0,6.7,23.3,13.8,467.7,2.12,5.0,direct_reuse
150819.0,8.7,32.7,12.7,1714.8,0.98,11.0,direct_reuse
102157.0,95.9,17.7,4.8,48.2,0.36,4.0,treat_then_reuse
28779.0,14.7,15.3,24.5,124.4,2.92,0.0,direct_reuse
72978.0,69.5,20.2,9.8,282.0,0.76,0.0,treat_then_reuse
29148.0,16.2,16.9,44.9,67.2,0.56,15.0,direct_reuse
21391.0,16.8,140.4,37.4,30.1,0.08,2.0,treat_then_reuse
101080.0,10.2,50.9,141.3,609.1,8.97,1.0,disposal
14870.0,31.4,11.3,15.6,191.5,1.66,31.0,direct_reuse
93789.0,45.7,125.1,7.7,127.8,6.95,124.0,treat_then_reuse
41073.0,5.3,17.4,3.4,443.9,3.69,11.0,direct_reuse
42274.0,9.8,25.1,279.2,210.0,6.95,18.0,direct_reuse
65305.0,30.7,50.3,44.5,85.4,0.79,18.0,direct_reuse
73632.0,12.0,5.1,8.8,30.7,0.28,0.0,direct_reuse
27490.0,8.6,20.3,153.2,52.3,4.44,46.0,direct_reuse
81016.0,33.4,15.5,102.2,338.8,1.95,78.0,treat_then_reuse
53070.0,36.3,28.9,4.0,190.6,0.9,192.0,direct_reuse
20348.0,9.0,33.0,8.1,73.3,4.33,6.0,direct_reuse
43525.0,16.3,23.1,17.1,628.4,2.46,2.0,direct_reuse
128913.0,4.5,22.2,5.6,75.7,3.78,93.0,direct_reuse
158517.0,6.0,57.5,17.9,266.7,0.44,26.0,direct_reuse
80995.0,15.1,31.2,47.2,114.7,5.88,45.0,direct_reuse
21306.0,13.8,25.4,3.9,754.6,1.64,5.0,direct_reuse
69108.0,5.6,27.6,28.5,206.1,6.76,18.0,direct_reuse
88930.0,7.1,106.6,81.6,94.7,5.81,3.0,treat_then_reuse
81470.0,5.2,28.2,32.5,73.9,4.02,12.0,direct_reuse
84920.0,20.3,16.3,18.3,88.5,1.43,7.0,direct_reuse
63214.0,2.3,5.3,9.0,40.5,4.15,410.0,direct_reuse
46598.0,5.4,7.8,54.4,20.0,6.99,28.0,direct_reuse
32021.0,2.5,16.9,4.9,126.4,3.63,0.0,direct_reuse
12984.0,19.6,22.5,26.9,50.1,2.15,12.0,direct_reuse
62178.0,2.7,15.7,20.7,49.9,4.16,21.0,direct_reuse
55840.0,13.9,32.5,77.5,81.6,0.83,6.0,direct_reuse
72425.0,58.9,15.6,10.0,95.3,11.8,2.0,treat_then_reuse
19220.0,60.7,11.8,11.1,90.8,0.19,33.0,treat_then_reuse
76996.0,2.7,40.0,4.5,609.2,1.72,3.0,direct_reuse
206526.0,17.6,73.4,33.9,186.5,0.97,29.0,disposal
51788.0,5.5,10.1,12.1,914.7,0.72,3.0,direct_reuse
46950.0,4.6,29.8,7.1,55.5,2.45,5.0,direct_reuse
60858.0,12.2,5.3,8.0,213.2,0.38,51.0,direct_reuse
203340.0,40.7,7.5,38.3,59.0,27.05,25.0,disposal
23943.0,23.1,15.3,5.3,48.6,0.28,13.0,direct_reuse
56514.0,7.1,60.8,5.9,953.5,0.48,12.0,direct_reuse
28008.0,25.4,13.2,58.9,38.7,0.42,14.0,direct_reuse
33426.0,1.8,12.8,16.5,7.7,2.13,4.0,direct_reuse
47348.0,6.8,25.3,63.2,41.3,6.17,1.0,direct_reuse
125885.0,6.4,25.3,13.0,9.9,3.27,29.0,direct_reuse
172939.0,14.4,13.1,20.1,31.6,11.18,121.0,direct_reuse
67084.0,11.2,120.2,24.2,35.0,0.56,30.0,treat_then_reuse
37661.0,11.9,19.8,106.1,93.6,3.88,18.0,direct_reuse
280665.0,11.5,26.9,96.3,9.4,1.11,2.0,disposal
36341.0,13.7,17.8,80.1,335.5,2.22,45.0,direct_reuse
32866.0,21.9,34.9,9.4,11.4,6.97,25.0,direct_reuse
14151.0,15.4,65.9,6.1,78.2,0.18,38.0,direct_reuse
130257.0,10.4,92.8,50.0,63.0,21.94,57.0,treat_then_reuse
96546.0,19.3,13.3,104.8,223.2,1.37,132.0,direct_reuse
266323.0,28.3,59.2,81.1,132.5,0.2,2.0,disposal
18533.0,8.2,38.1,20.4,332.1,0.67,2.0,direct_reuse
136042.0,12.8,53.5,48.1,60.5,1.88,15.0,direct_reuse
51488.0,38.3,22.8,49.1,54.0,0.67,3.0,direct_reuse
86187.0,5.0,21.1,24.0,141.8,0.12,2.0,direct_reuse
15468.0,68.3,51.9,25.3,279.3,1.87,76.0,treat_then_reuse
136989.0,4.0,52.7,22.6,223.1,0.65,3.0,direct_reuse
85013.0,9.9,85.8,7.8,128.3,3.84,12.0,direct_reuse
47704.0,5.7,28.8,8.8,116.3,0.41,1.0,direct_reuse
77001.0,96.5,22.5,8.7,86.5,31.19,13.0,treat_then_reuse
28686.0,8.6,3.4,2.9,141.3,3.21,72.0,direct_reuse
32676.0,8.6,6.8,23.8,844.2,2.13,75.0,direct_reuse
35440.0,9.6,17.9,19.1,68.9,3.71,58.0,direct_reuse
13401.0,14.7,10.2,50.1,60.3,0.15,11.0,direct_reuse
89611.0,10.0,47.1,91.2,55.4,0.86,65.0,direct_reuse
112884.0,11.9,8.6,98.4,138.1,16.74,23.0,direct_reuse
30003.0,1.0,16.4,110.2,8.7,1.09,6.0,direct_reuse
62551.0,14.2,17.0,8.1,77.6,1.52,22.0,direct_reuse
40706.0,13.7,64.3,3.6,237.2,0.9,46.0,direct_reuse
61685.0,34.3,15.1,61.4,50.5,11.07,2.0,direct_reuse
31593.0,43.7,35.2,105.5,110.5,1.2,2.0,treat_then_reuse
26413.0,11.4,28.7,130.0,916.2,0.32,10.0,disposal
102381.0,28.1,50.5,35.9,129.6,47.11,2.0,treat_then_reuse
46877.0,5.0,48.4,1.8,7.7,0.28,2.0,treat_then_reuse
201890.0,26.9,23.9,31.1,19.1,1.45,6.0,disposal
50636.0,8.0,6.3,39.1,68.3,0.55,54.0,direct_reuse
25636.0,4.6,20.4,90.2,37.2,0.66,52.0,direct_reuse
115712.0,11.4,24.1,111.7,100.9,0.42,20.0,direct_reuse
76234.0,47.5,30.8,59.8,65.1,0.82,16.0,treat_then_reuse
81537.0,15.8,13.6,9.9,324.6,5.93,279.0,direct_reuse
112806.0,51.8,61.1,5.8,27.1,0.14,5.0,treat_then_reuse
31040.0,6.9,24.8,38.1,71.6,8.49,17.0,direct_reuse
44843.0,34.6,11.7,7.8,114.3,6.79,5.0,direct_reuse
43477.0,7.5,17.0,117.9,131.0,3.2,2.0,direct_reuse
19860.0,16.5,114.8,2.6,105.8,1.94,72.0,direct_reuse
40761.0,16.4,41.7,39.7,6.3,2.36,8.0,direct_reuse
124925.0,24.4,56.8,29.5,98.7,10.49,35.0,direct_reuse
57881.0,16.9,10.7,15.7,76.3,0.17,8.0,direct_reuse
19106.0,6.9,14.1,6.6,232.9,4.24,79.0,direct_reuse
16497.0,29.7,14.2,1.7,199.4,0.62,3.0,direct_reuse
157211.0,64.0,28.4,10.6,117.3,4.82,70.0,treat_then_reuse
46017.0,8.0,21.3,10.8,127.0,0.74,47.0,direct_reuse
31158.0,2.6,16.6,76.3,398.5,4.13,1.0,direct_reuse
40466.0,21.1,18.3,7.9,319.0,0.22,6.0,direct_reuse
17429.0,10.0,13.0,34.6,121.9,0.18,56.0,direct_reuse
132743.0,12.0,21.2,4.3,953.3,1.42,142.0,direct_reuse
37230.0,22.2,59.8,35.7,45.1,10.66,36.0,direct_reuse
127667.0,8.9,7.3,1.4,24.4,3.31,7.0,direct_reuse
50826.0,10.6,32.4,248.2,89.0,3.28,3.0,direct_reuse
133342.0,12.3,74.0,17.0,59.7,5.04,29.0,direct_reuse
58670.0,50.5,21.2,0.7,6.0,0.98,6.0,treat_then_reuse
89078.0,13.8,16.1,8.5,43.9,3.65,7.0,direct_reuse
81094.0,4.4,51.4,7.0,131.4,0.78,9.0,direct_reuse
75834.0,4.6,11.2,9.1,84.5,1.1,46.0,direct_reuse
62540.0,15.3,24.1,13.0,38.3,1.29,183.0,direct_reuse
41648.0,4.9,10.7,9.1,94.3,0.81,57.0,direct_reuse
187363.0,3.3,5.5,7.5,103.1,1.51,12.0,disposal
25982.0,23.9,21.7,5.0,197.7,1.18,3.0,direct_reuse
49169.0,24.9,8.9,53.8,44.4,0.66,33.0,direct_reuse
49534.0,9.7,24.3,84.9,235.4,1.37,148.0,direct_reuse
64972.0,17.5,59.9,14.8,27.1,2.02,55.0,direct_reuse
36293.0,15.9,108.1,19.7,51.7,0.39,17.0,treat_then_reuse
61103.0,23.2,26.4,5.2,583.4,2.84,6.0,direct_reuse
43556.0,23.2,55.4,21.9,29.2,0.87,20.0,direct_reuse
16198.0,1.3,33.8,26.5,43.6,2.13,69.0,direct_reuse
49350.0,10.8,18.1,15.4,22.7,0.69,17.0,direct_reuse
22688.0,21.5,5.3,32.3,36.2,6.46,10.0,direct_reuse
14558.0,9.3,90.1,29.1,104.8,5.71,4.0,direct_reuse
53950.0,13.9,10.6,5.7,195.8,0.42,592.0,direct_reuse
68976.0,26.5,74.2,84.1,88.2,3.26,3.0,direct_reuse
70876.0,14.5,37.7,15.7,63.0,10.81,3.0,direct_reuse
72913.0,52.3,11.2,150.0,22.9,0.48,16.0,treat_then_reuse
12672.0,37.1,31.5,33.3,40.5,0.53,9.0,direct_reuse
18907.0,12.1,135.1,213.8,16.4,4.29,57.0,treat_then_reuse
195139.0,11.3,83.8,82.3,202.4,0.3,59.0,disposal
23552.0,1.0,16.3,26.4,218.5,0.6,2.0,direct_reuse
75176.0,10.0,13.9,8.4,86.1,0.44,4.0,direct_reuse
30307.0,4.0,26.6,8.7,146.3,4.36,3.0,direct_reuse
51832.0,16.4,21.5,38.1,236.0,0.67,40.0,direct_reuse
31468.0,15.4,64.1,23.8,100.6,1.14,23.0,direct_reuse
72626.0,25.2,44.3,9.9,417.0,0.62,7.0,direct_reuse
53946.0,47.3,6.3,54.6,29.2,7.34,17.0,treat_then_reuse
35818.0,13.1,35.4,21.0,61.3,0.54,2.0,direct_reuse
23503.0,104.8,21.3,55.0,53.8,0.26,4.0,treat_then_reuse
59127.0,16.6,25.3,6.2,183.5,0.25,2.0,direct_reuse
20975.0,4.1,29.9,66.6,18.6,4.06,15.0,direct_reuse
66121.0,8.1,64.0,36.6,442.6,4.46,15.0,disposal
300000.0,9.6,53.6,84.5,167.0,8.36,3.0,disposal
126136.0,22.9,13.5,64.9,617.3,0.32,23.0,direct_reuse
81052.0,5.7,23.4,18.1,86.1,1.22,59.0,direct_reuse
46170.0,10.3,17.1,16.5,49.1,38.69,3.0,treat_then_reuse
12618.0,11.6,6.4,170.7,185.5,1.11,7.0,direct_reuse
19427.0,9.0,22.5,14.2,279.7,0.79,26.0,direct_reuse
120325.0,27.9,107.3,49.3,41.0,1.6,12.0,treat_then_reuse
28203.0,24.0,6.2,12.7,10.0,3.28,2.0,direct_reuse
30047.0,38.5,24.1,2.2,12.1,3.21,6.0,direct_reuse
43654.0,10.0,23.5,4.6,120.0,0.74,6.0,direct_reuse
23308.0,39.7,30.9,32.7,489.9,0.77,9.0,direct_reuse
20770.0,3.9,11.4,46.6,21.5,1.12,10.0,direct_reuse
47319.0,3.9,7.8,32.8,66.7,0.64,128.0,direct_reuse
26263.0,4.5,8.1,79.5,61.4,0.33,9.0,direct_reuse
29181.0,13.6,71.1,32.1,744.4,17.29,1.0,direct_reuse
28372.0,39.7,11.2,7.9,1079.8,0.97,14.0,direct_reuse
70661.0,7.8,16.5,41.0,143.6,1.05,168.0,direct_reuse
41669.0,8.8,132.1,24.6,241.7,1.09,9.0,treat_then_reuse
43261.0,11.1,13.6,10.1,234.4,1.48,6.0,direct_reuse
74448.0,22.5,32.3,35.4,22.0,2.9,8.0,direct_reuse
44381.0,8.8,57.5,22.1,194.1,0.9,29.0,direct_reuse
40345.0,8.3,55.3,9.7,29.3,7.25,8.0,direct_reuse
68140.0,4.0,8.5,16.2,74.5,3.59,1.0,direct_reuse
78256.0,8.0,13.9,109.5,315.4,1.29,4.0,direct_reuse
44225.0,38.9,31.2,105.3,98.4,0.69,11.0,direct_reuse
51866.0,14.6,114.8,25.2,302.7,6.76,27.0,treat_then_reuse
28360.0,6.9,13.3,21.5,375.8,1.34,5.0,direct_reuse
26837.0,41.0,16.5,3.6,13.0,0.33,8.0,treat_then_reuse
83986.0,8.0,34.3,158.1,8.2,6.22,13.0,direct_reuse
66934.0,48.3,40.3,69.7,323.2,0.64,4.0,treat_then_reuse
67421.0,47.6,42.3,49.5,337.9,5.1,11.0,treat_then_reuse
59671.0,14.2,12.5,1.3,119.4,0.06,25.0,direct_reuse
50632.0,3.5,16.0,21.1,138.6,1.02,2.0,direct_reuse
79817.0,105.7,29.1,17.2,240.4,7.45,19.0,treat_then_reuse
94332.0,19.1,67.3,45.6,235.5,1.66,2.0,direct_reuse
92768.0,10.1,20.3,11.7,64.4,3.59,2.0,disposal
45682.0,31.8,24.1,15.2,257.6,0.51,5.0,direct_reuse
129430.0,25.3,10.8,42.2,61.5,2.59,94.0,direct_reuse
57522.0,43.8,108.9,7.9,117.7,1.66,1.0,treat_then_reuse
76318.0,7.4,27.8,10.1,112.2,2.26,6.0,direct_reuse
59722.0,17.9,58.1,25.3,35.0,23.36,12.0,treat_then_reuse
58274.0,4.6,25.1,100.1,39.8,8.99,70.0,direct_reuse
29289.0,24.5,26.3,53.0,1051.0,4.62,226.0,direct_reuse
80093.0,13.2,7.4,73.0,33.7,4.69,6.0,direct_reuse
300000.0,17.3,4.4,21.7,135.2,0.51,27.0,disposal
37709.0,11.8,66.8,120.8,170.3,0.89,11.0,direct_reuse
51519.0,10.7,26.1,2.5,84.8,0.22,10.0,direct_reuse
35870.0,6.2,28.9,227.4,188.4,0.32,18.0,direct_reuse
34835.0,27.4,9.0,265.6,129.3,0.52,1.0,direct_reuse
144512.0,51.5,11.9,34.7,34.6,1.59,11.0,treat_then_reuse
30605.0,8.2,57.4,54.5,162.5,0.34,24.0,direct_reuse
35177.0,22.2,98.7,19.2,49.4,1.57,3.0,direct_reuse
16135.0,19.9,14.9,15.6,610.8,1.35,24.0,direct_reuse
28844.0,13.6,42.0,9.6,144.3,0.38,1.0,direct_reuse
14826.0,3.4,28.6,18.9,41.7,11.98,14.0,direct_reuse
76287.0,4.2,22.3,39.1,131.2,0.29,91.0,direct_reuse
300000.0,6.7,107.9,33.2,32.5,7.05,9.0,disposal
37923.0,2.0,17.1,217.9,119.5,0.09,3.0,direct_reuse
15264.0,47.8,66.2,22.7,70.2,1.37,1.0,treat_then_reuse
92042.0,18.7,33.3,3.4,36.3,0.35,22.0,direct_reuse
29471.0,13.1,24.2,144.5,35.8,0.7,49.0,direct_reuse
121728.0,1.9,73.5,4.6,1310.8,17.34,11.0,direct_reuse
40239.0,2.6,30.9,10.3,99.5,1.05,6.0,direct_reuse
31500.0,13.4,22.7,27.8,56.0,0.39,1.0,direct_reuse
43279.0,79.3,74.0,33.1,46.3,3.11,15.0,treat_then_reuse
83320.0,7.2,66.6,3.5,151.2,1.04,4.0,direct_reuse
41806.0,29.3,64.2,8.2,44.6,2.01,5.0,direct_reuse
34624.0,8.7,2.0,3.4,27.0,0.5,138.0,direct_reuse
42652.0,14.2,34.9,42.4,86.9,0.54,1.0,direct_reuse
20125.0,40.2,29.1,83.1,86.1,0.59,1.0,treat_then_reuse
64726.0,9.9,23.9,4.6,56.9,4.66,17.0,direct_reuse
14035.0,7.2,40.0,66.3,33.8,1.23,7.0,direct_reuse
35922.0,48.2,30.2,61.4,58.6,0.42,6.0,treat_then_reuse
83414.0,14.0,42.2,9.1,53.7,2.03,18.0,direct_reuse
60605.0,35.9,19.8,1.9,46.1,1.83,18.0,direct_reuse
74104.0,7.3,81.3,5.6,122.0,3.48,3.0,disposal
46839.0,47.8,45.7,9.8,1042.0,0.88,5.0,treat_then_reuse
111171.0,17.2,37.9,127.7,389.5,1.49,13.0,direct_reuse
93647.0,19.9,36.4,17.4,762.1,2.85,16.0,disposal
66990.0,15.2,61.9,6.0,48.2,0.44,25.0,direct_reuse
93834.0,8.5,55.6,24.0,568.0,5.22,5.0,direct_reuse
82892.0,13.4,22.4,4.2,115.6,1.68,21.0,direct_reuse
36040.0,9.0,54.2,37.2,266.4,0.39,51.0,treat_then_reuse
19135.0,31.9,28.2,6.2,148.9,0.39,13.0,direct_reuse
65792.0,11.2,113.7,7.4,61.7,1.45,10.0,treat_then_reuse
71845.0,3.5,59.0,31.5,198.6,0.81,9.0,direct_reuse
105170.0,3.0,14.9,164.1,153.5,4.4,5.0,direct_reuse
25453.0,2.8,158.3,280.7,12.9,1.14,3.0,treat_then_reuse
25991.0,23.5,4.6,5.8,78.5,2.44,8.0,direct_reuse
67638.0,4.8,40.8,9.8,235.0,0.55,24.0,direct_reuse
46639.0,17.6,14.1,37.3,122.1,1.6,3.0,direct_reuse
13095.0,15.2,110.6,81.7,150.9,9.12,11.0,treat_then_reuse
63741.0,12.7,30.0,1.5,39.4,1.36,9.0,direct_reuse
13404.0,20.0,13.0,22.3,119.3,0.8,175.0,direct_reuse
25294.0,15.5,19.8,11.2,81.0,0.54,36.0,direct_reuse
126270.0,1.2,13.9,2.0,72.0,1.61,35.0,direct_reuse
175855.0,10.1,19.2,4.0,42.6,10.3,48.0,disposal
20932.0,19.7,18.9,10.2,246.3,0.28,5.0,direct_reuse
38926.0,58.9,13.5,21.6,131.6,1.55,96.0,treat_then_reuse
50505.0,61.4,30.4,67.3,117.8,0.18,15.0,treat_then_reuse
170563.0,3.9,33.5,30.7,859.1,0.97,11.0,direct_reuse
34717.0,9.8,11.1,62.6,151.6,2.32,2.0,direct_reuse
35108.0,3.3,6.5,20.7,337.2,0.21,7.0,direct_reuse
144945.0,52.9,31.5,8.6,121.5,0.92,1.0,treat_then_reuse
37709.0,33.5,37.5,16.1,61.0,2.41,8.0,direct_reuse
81271.0,18.5,44.0,46.3,28.1,1.96,5.0,direct_reuse
17431.0,15.6,38.1,69.3,117.4,2.56,7.0,direct_reuse
43484.0,46.6,86.3,16.8,4.8,0.46,2.0,treat_then_reuse
15341.0,40.1,54.5,6.6,121.5,2.4,35.0,treat_then_reuse
23417.0,38.2,209.3,30.0,127.3,0.76,30.0,treat_then_reuse
88207.0,20.3,293.1,35.6,70.9,4.17,154.0,treat_then_reuse
47338.0,9.8,6.0,88.2,81.3,0.08,147.0,direct_reuse
39208.0,26.9,4.2,8.9,22.7,1.13,15.0,direct_reuse
29024.0,28.1,24.4,9.0,413.3,1.87,57.0,direct_reuse
42005.0,11.3,36.7,49.8,62.1,9.53,18.0,direct_reuse
60523.0,9.8,23.1,12.3,30.9,1.85,6.0,direct_reuse
97542.0,37.3,43.1,11.7,163.9,2.11,8.0,direct_reuse
7804.0,60.2,19.8,90.5,101.7,2.69,32.0,treat_then_reuse
27385.0,6.9,14.1,3.9,60.7,8.41,5608.0,direct_reuse
54796.0,10.6,15.9,236.9,54.0,1.0,70.0,treat_then_reuse
45743.0,18.5,20.9,9.6,89.5,0.27,18.0,direct_reuse
65014.0,20.9,48.2,56.8,395.6,0.21,25.0,direct_reuse
59117.0,8.4,16.6,17.6,150.9,3.91,25.0,direct_reuse
39600.0,73.3,19.5,27.8,86.7,2.2,11.0,treat_then_reuse
33901.0,19.7,38.7,14.7,229.9,1.18,38.0,direct_reuse
41281.0,21.7,20.9,56.1,92.8,0.77,10.0,direct_reuse
109548.0,65.6,59.9,13.2,140.0,2.09,3.0,treat_then_reuse
29366.0,9.0,11.8,10.1,106.3,2.17,25.0,direct_reuse
46912.0,12.4,9.9,177.0,172.2,3.08,31.0,direct_reuse
55734.0,4.4,31.3,20.8,55.2,0.39,10.0,direct_reuse
146129.0,11.5,33.9,8.9,25.7,0.17,19.0,direct_reuse
39727.0,3.5,12.3,3.4,244.1,0.5,51.0,direct_reuse
95910.0,26.4,71.9,188.4,471.3,0.28,11.0,direct_reuse
116121.0,19.6,114.4,10.4,27.1,0.27,6.0,treat_then_reuse
46881.0,10.5,14.8,238.5,109.6,12.69,4.0,direct_reuse
42298.0,12.3,80.6,32.4,54.9,0.09,8.0,direct_reuse
38936.0,26.7,3.6,23.8,237.9,3.04,122.0,direct_reuse
40983.0,4.8,58.0,24.6,118.1,5.36,9.0,direct_reuse
89140.0,16.2,12.4,286.9,3499.0,5.95,21.0,disposal
57625.0,25.3,53.6,1.4,64.6,2.36,7.0,direct_reuse
57798.0,2.7,11.4,26.0,488.3,9.17,7.0,direct_reuse
22300.0,24.9,23.2,14.6,543.5,16.75,3.0,direct_reuse
24903.0,3.0,12.8,15.6,161.9,1.11,14.0,direct_reuse
219787.0,12.1,20.7,24.0,93.8,2.95,6.0,disposal
43283.0,4.7,106.1,14.6,99.9,8.66,82.0,treat_then_reuse
28500.0,48.8,22.5,25.2,91.0,0.54,10.0,treat_then_reuse
133488.0,4.8,132.7,19.5,313.1,1.2,11.0,direct_reuse
59711.0,3.0,18.0,4.2,34.5,0.73,9.0,direct_reuse
73476.0,15.2,80.9,31.7,75.4,3.0,21.0,direct_reuse
44505.0,9.3,6.7,47.4,66.0,0.14,114.0,direct_reuse
39219.0,3.5,19.5,10.5,13.5,10.67,3.0,direct_reuse
43534.0,21.6,16.0,188.9,231.6,3.3,18.0,direct_reuse
18622.0,2.2,83.9,99.8,289.8,3.55,1.0,direct_reuse
46095.0,5.3,28.5,55.3,44.8,0.08,76.0,direct_reuse
60308.0,8.0,4.6,54.5,279.5,0.43,10.0,direct_reuse
179033.0,27.7,8.6,20.8,15.8,11.45,1.0,direct_reuse
52062.0,43.2,10.9,79.0,92.4,1.31,2.0,treat_then_reuse
9567.0,36.3,51.8,132.3,78.3,0.18,41.0,direct_reuse
45900.0,11.7,46.7,53.0,99.1,2.2,1.0,direct_reuse
300000.0,1.5,19.3,10.1,98.6,3.99,18.0,disposal
89900.0,19.1,15.8,19.2,82.7,3.29,6.0,direct_reuse
27789.0,50.6,43.5,40.0,58.8,1.36,9.0,treat_then_reuse
74145.0,40.9,9.9,54.9,79.9,7.22,4.0,treat_then_reuse
29161.0,20.4,35.4,18.3,403.2,0.66,3.0,direct_reuse
19003.0,4.6,33.0,10.2,47.6,3.33,6.0,direct_reuse
38413.0,8.4,19.7,134.4,1075.9,1.97,29.0,disposal
52264.0,76.7,33.7,5.5,44.8,1.39,8.0,treat_then_reuse
13220.0,3.8,26.6,6.5,117.2,1.01,23.0,direct_reuse
21930.0,4.8,36.5,4.1,168.7,1.05,8.0,direct_reuse
49377.0,31.4,8.4,6.5,65.3,1.72,30.0,direct_reuse
36838.0,9.1,40.1,89.7,411.8,1.13,23.0,direct_reuse
64626.0,4.6,55.8,93.4,164.0,4.28,5.0,direct_reuse
20947.0,53.3,31.7,18.4,71.9,0.82,3.0,treat_then_reuse
80812.0,20.4,39.7,36.4,406.8,12.66,51.0,direct_reuse
21405.0,9.5,22.5,19.8,29.5,0.78,4.0,direct_reuse
154804.0,4.8,50.1,4.8,48.3,5.45,26.0,direct_reuse
14750.0,85.0,25.8,287.6,167.1,5.77,13.0,treat_then_reuse
22816.0,13.2,9.8,104.6,217.4,2.05,6.0,direct_reuse
65654.0,47.4,47.3,30.7,128.4,1.82,23.0,treat_then_reuse
157151.0,30.1,6.6,7.2,78.3,0.64,95.0,direct_reuse
61116.0,8.4,30.8,15.3,68.3,0.84,31.0,direct_reuse
72693.0,8.5,18.0,8.8,312.5,2.19,15.0,direct_reuse
49626.0,49.5,17.1,22.6,117.3,1.55,139.0,treat_then_reuse
23897.0,50.2,28.2,29.1,34.5,7.68,1.0,treat_then_reuse
34784.0,2.5,13.9,13.3,32.4,0.91,2.0,direct_reuse
20987.0,22.1,37.0,3.5,475.7,0.99,6.0,direct_reuse
20028.0,12.1,25.7,259.4,40.8,0.19,102.0,direct_reuse
64940.0,5.3,15.0,26.7,121.5,3.81,50.0,direct_reuse
22332.0,17.0,71.6,34.7,397.8,3.38,1.0,direct_reuse
61309.0,4.0,28.9,12.1,163.4,5.87,6.0,direct_reuse
19707.0,8.8,40.6,3.1,39.1,6.32,2.0,direct_reuse
60323.0,6.6,76.2,18.2,29.5,4.6,11.0,direct_reuse
34819.0,8.6,75.2,13.6,704.1,4.86,47.0,direct_reuse
131220.0,12.6,39.0,47.1,28.6,3.64,53.0,direct_reuse
61488.0,5.4,19.3,59.6,49.0,4.45,18.0,direct_reuse
116430.0,55.5,7.8,50.3,135.6,0.15,6.0,treat_then_reuse
28884.0,21.0,28.9,65.8,70.8,0.39,11.0,direct_reuse
50986.0,67.7,58.9,174.9,169.2,0.32,34.0,treat_then_reuse
24667.0,11.7,32.6,32.1,17.9,8.6,412.0,direct_reuse
36698.0,8.2,2.0,75.1,71.4,0.6,2.0,direct_reuse
40804.0,65.5,49.2,36.3,189.7,0.73,132.0,treat_then_reuse
29493.0,8.0,51.7,2.1,190.4,1.66,18.0,direct_reuse
20934.0,11.5,19.3,16.7,48.0,0.33,42.0,direct_reuse
18225.0,25.7,54.1,7.1,29.3,2.7,16.0,direct_reuse
9530.0,4.4,40.5,26.5,113.9,0.1,100.0,direct_reuse
23402.0,25.5,14.2,7.8,21.2,0.36,20.0,direct_reuse
76058.0,22.8,67.8,41.5,369.7,2.13,5.0,direct_reuse
16011.0,42.2,8.9,65.2,107.0,0.33,24.0,treat_then_reuse
18813.0,30.0,23.4,85.1,41.8,8.92,66.0,direct_reuse
171721.0,43.4,21.6,140.2,28.2,1.75,12.0,treat_then_reuse
31397.0,12.2,12.7,2.7,44.9,7.18,1.0,direct_reuse
61373.0,6.2,31.3,4.8,16.1,2.63,10.0,direct_reuse
76851.0,89.9,70.0,674.1,155.1,1.62,14.0,treat_then_reuse
77946.0,3.4,66.6,67.5,37.2,0.45,11.0,direct_reuse
16888.0,3.7,43.8,26.3,139.7,5.52,6.0,direct_reuse
41700.0,22.4,6.3,20.9,162.6,2.93,89.0,direct_reuse
15792.0,58.1,8.4,18.8,260.5,24.78,0.0,treat_then_reuse
271691.0,16.0,28.0,2.0,118.8,4.84,14.0,disposal
16052.0,33.1,23.9,8.0,310.4,0.98,14.0,direct_reuse
23541.0,2.2,16.5,17.6,413.5,2.4,282.0,direct_reuse
23661.0,8.6,112.6,8.5,119.6,2.85,12.0,treat_then_reuse
17194.0,2.5,26.7,10.0,127.8,7.48,24.0,direct_reuse
126351.0,27.2,37.9,432.9,48.8,9.19,15.0,direct_reuse
267190.0,3.3,54.1,14.9,30.4,1.34,14.0,disposal
35136.0,4.3,25.6,28.0,368.8,0.34,171.0,direct_reuse
19452.0,21.4,195.0,26.9,175.3,0.15,2.0,treat_then_reuse
10241.0,35.0,11.6,40.7,191.6,0.37,4.0,direct_reuse
41321.0,11.7,15.1,11.3,47.0,0.76,38.0,direct_reuse
39283.0,22.5,11.5,89.7,537.2,11.65,18.0,direct_reuse
31073.0,21.8,85.6,34.2,70.0,11.89,8.0,direct_reuse
57237.0,11.1,46.6,4.3,37.3,5.74,11.0,direct_reuse
64642.0,5.0,15.9,17.7,47.9,8.16,48.0,direct_reuse
61461.0,22.4,12.3,16.3,506.9,0.66,25.0,direct_reuse
39290.0,23.4,74.3,15.5,26.5,0.23,4.0,direct_reuse
22672.0,30.1,32.8,37.0,39.4,0.45,17.0,direct_reuse
78126.0,17.8,75.8,43.0,2182.8,0.12,11.0,direct_reuse
49452.0,4.7,23.4,37.3,253.4,0.39,25.0,direct_reuse
91295.0,25.1,36.9,30.2,40.2,0.85,8.0,direct_reuse
85225.0,13.4,31.2,22.3,27.4,2.05,2.0,direct_reuse
18120.0,8.7,14.9,1.5,14.3,1.97,33.0,direct_reuse
17963.0,10.3,21.9,51.1,100.2,0.67,28.0,direct_reuse
28886.0,7.2,9.5,36.1,200.5,3.45,102.0,direct_reuse
23403.0,30.0,36.4,6.2,478.5,0.69,2.0,direct_reuse
83173.0,3.8,45.1,28.1,11.2,1.67,11.0,direct_reuse
62687.0,5.5,54.2,43.7,20.9,0.39,9.0,direct_reuse
105813.0,10.0,41.8,81.9,78.9,6.79,7.0,direct_reuse
64702.0,57.5,22.1,37.1,1932.2,1.69,1.0,treat_then_reuse
56730.0,34.8,84.9,29.5,238.5,3.98,2.0,direct_reuse
113529.0,3.1,50.1,62.6,135.7,0.34,18.0,direct_reuse
68105.0,45.4,74.5,13.9,23.4,2.07,6.0,treat_then_reuse
51414.0,45.4,78.3,32.9,8.7,3.47,4.0,treat_then_reuse
138181.0,4.7,22.2,9.5,93.9,0.12,104.0,direct_reuse
53137.0,1.4,33.5,76.1,80.7,7.53,429.0,direct_reuse
39615.0,12.6,45.6,2.9,67.0,0.32,11.0,direct_reuse
27269.0,37.0,9.8,53.5,59.2,2.17,1.0,direct_reuse
80187.0,56.4,10.0,20.5,39.5,16.84,22.0,treat_then_reuse
116534.0,6.1,8.7,64.0,30.7,5.71,1.0,direct_reuse
47315.0,65.2,22.5,7.9,415.1,0.24,2.0,treat_then_reuse
122460.0,1.8,18.8,22.4,33.9,1.31,23.0,direct_reuse
12345.0,9.7,7.8,21.6,66.4,8.19,2.0,direct_reuse
47154.0,9.2,27.6,33.8,86.2,0.57,8.0,direct_reuse
47664.0,38.0,22.7,5.7,195.8,1.03,1.0,direct_reuse
29469.0,43.3,63.2,43.1,35.3,1.0,13.0,treat_then_reuse
260069.0,31.8,122.8,2.2,264.0,3.46,66.0,disposal
46801.0,4.0,35.3,9.0,47.6,0.22,5.0,direct_reuse
36849.0,29.3,14.1,3.1,75.3,3.72,12.0,direct_reuse
49920.0,21.3,41.2,54.3,548.6,0.73,4.0,direct_reuse
12065.0,3.0,24.7,32.5,31.0,1.62,4.0,direct_reuse
28799.0,2.1,20.2,34.7,198.9,1.23,4.0,direct_reuse
97564.0,34.3,12.3,117.7,271.8,3.6,40.0,direct_reuse
31563.0,11.4,16.9,13.7,126.6,1.6,1.0,direct_reuse
27441.0,4.2,21.3,41.7,79.1,10.72,7.0,direct_reuse
122598.0,11.2,46.7,21.7,932.9,5.97,23.0,direct_reuse
125264.0,18.7,36.9,18.1,88.7,0.59,48.0,direct_reuse
70396.0,12.5,105.7,96.3,112.7,9.73,24.0,treat_then_reuse
35647.0,3.3,42.1,244.3,62.2,2.5,11.0,direct_reuse
41455.0,73.5,34.4,12.0,106.3,2.06,5.0,treat_then_reuse
27920.0,33.2,19.2,54.6,260.0,4.97,49.0,direct_reuse
24432.0,10.0,10.7,29.5,66.5,0.43,3.0,direct_reuse
23598.0,10.3,15.6,29.9,8.9,0.27,3.0,direct_reuse
31804.0,18.6,14.0,27.0,158.4,1.7,93.0,direct_reuse
23758.0,4.9,3.2,13.5,27.5,0.75,21.0,direct_reuse
16406.0,18.0,10.9,0.5,203.6,24.43,22.0,treat_then_reuse
57158.0,4.1,88.4,126.7,89.9,0.61,30.0,direct_reuse
57770.0,12.6,32.9,8.7,254.0,1.74,11.0,direct_reuse
161225.0,4.7,18.2,15.0,31.7,2.12,1.0,direct_reuse
30704.0,4.9,33.7,15.4,50.0,8.17,18.0,direct_reuse
60311.0,59.2,5.1,7.8,61.9,0.45,12.0,treat_then_reuse
61016.0,14.2,30.7,26.8,17.6,0.2,3.0,direct_reuse
41040.0,16.2,68.2,19.0,305.7,10.1,2.0,direct_reuse
82540.0,2.2,22.3,8.5,15.1,1.83,11.0,direct_reuse
84344.0,7.9,5.9,24.0,301.0,4.72,2.0,direct_reuse
61647.0,20.4,17.6,19.3,143.6,5.02,10.0,direct_reuse
40989.0,16.0,68.3,61.2,72.3,6.29,8.0,treat_then_reuse
38167.0,1.9,30.2,4.0,131.6,1.01,10.0,direct_reuse
18818.0,16.2,7.9,7.6,127.7,0.71,22.0,direct_reuse
27885.0,18.7,163.1,48.0,57.9,0.12,31.0,treat_then_reuse
31717.0,42.8,9.0,9.3,125.0,0.45,4.0,treat_then_reuse
22320.0,7.5,20.2,6.8,201.2,1.79,45.0,direct_reuse
66699.0,1.8,10.7,9.9,31.8,0.66,9.0,direct_reuse
113282.0,5.5,10.7,17.8,131.7,0.37,169.0,direct_reuse
25961.0,5.0,17.1,17.9,5.0,1.76,5.0,direct_reuse
59779.0,26.1,40.8,15.6,10.8,9.45,1.0,direct_reuse
23769.0,1.2,68.9,5.8,167.5,1.53,43.0,direct_reuse
39599.0,9.0,18.0,50.8,56.8,0.38,23.0,direct_reuse
30235.0,48.6,10.9,98.6,35.2,8.62,74.0,treat_then_reuse
74707.0,13.6,36.0,2.0,84.9,0.6,19.0,direct_reuse
30481.0,30.2,36.8,3.1,58.2,11.28,407.0,direct_reuse
99525.0,3.1,29.7,66.9,30.3,1.17,9.0,direct_reuse
41274.0,3.2,30.6,132.1,14.8,1.89,59.0,direct_reuse
31110.0,49.1,22.4,1.6,10.3,12.54,6.0,treat_then_reuse
20388.0,14.7,26.5,53.4,202.9,0.28,25.0,direct_reuse
58527.0,14.8,21.2,143.4,56.6,0.42,34.0,treat_then_reuse
91734.0,4.9,57.8,7.1,261.5,1.08,42.0,direct_reuse
59357.0,14.7,145.9,133.7,55.9,1.37,39.0,treat_then_reuse
234963.0,4.8,28.3,16.2,133.0,51.15,0.0,disposal
133366.0,39.2,24.4,29.3,78.4,0.52,11.0,direct_reuse
39527.0,156.8,30.1,8.5,94.5,0.3,5.0,treat_then_reuse
39237.0,20.8,14.5,66.8,99.7,0.49,7.0,direct_reuse
68104.0,7.6,45.2,54.7,55.1,2.23,8.0,direct_reuse
27266.0,1.4,34.9,159.1,23.3,3.13,53.0,direct_reuse
110902.0,3.0,17.5,113.2,209.1,0.66,17.0,direct_reuse
63141.0,54.6,50.5,19.9,519.5,1.69,6.0,treat_then_reuse
58660.0,5.3,24.9,837.2,558.4,20.67,1.0,disposal
79290.0,9.6,11.3,101.6,49.0,1.73,121.0,direct_reuse
163731.0,24.3,32.5,38.4,40.2,2.5,5.0,direct_reuse
55252.0,51.1,29.7,6.1,48.9,19.21,10.0,treat_then_reuse
45291.0,11.3,52.9,3.2,74.2,0.67,301.0,direct_reuse
140942.0,9.4,47.7,3.5,85.0,0.61,5.0,direct_reuse
96499.0,14.4,22.5,6.6,30.0,0.9,8.0,direct_reuse
39156.0,7.7,16.8,104.9,17.7,0.83,17.0,direct_reuse
49199.0,8.0,24.6,36.0,95.1,0.15,1.0,direct_reuse
56205.0,19.5,32.8,9.6,1.9,1.97,1.0,direct_reuse
63150.0,15.9,36.1,17.1,80.6,2.19,6.0,direct_reuse
18966.0,91.7,31.2,14.7,31.8,1.29,6.0,direct_reuse
16652.0,20.0,22.8,52.5,212.3,2.27,15.0,direct_reuse
26340.0,37.9,54.5,7.0,285.0,2.31,3.0,direct_reuse
24951.0,5.1,14.3,30.6,292.5,0.3,23.0,direct_reuse
31236.0,21.6,178.3,28.8,61.5,2.4,0.0,treat_then_reuse
76443.0,7.0,45.2,7.3,25.8,3.41,11.0,direct_reuse
43554.0,19.2,10.0,135.0,36.7,0.21,21.0,direct_reuse
56245.0,25.0,28.5,14.1,123.5,11.05,20.0,direct_reuse
20806.0,14.1,45.5,6.1,14.7,0.33,10.0,direct_reuse
35484.0,117.5,18.6,55.9,416.9,0.38,5.0,treat_then_reuse
73945.0,48.7,7.4,21.4,62.6,2.14,9.0,treat_then_reuse
74345.0,38.8,10.7,32.8,156.1,3.3,78.0,direct_reuse
29519.0,26.8,37.9,4.8,12.7,4.53,5.0,direct_reuse
54894.0,65.8,6.0,53.2,32.5,3.42,53.0,treat_then_reuse
228478.0,3.7,7.7,272.3,11.1,0.84,67.0,disposal
48421.0,46.2,37.7,4.4,276.8,1.9,1.0,treat_then_reuse
30175.0,5.5,20.5,30.7,75.5,1.09,10.0,direct_reuse
43407.0,8.1,14.1,7.8,168.8,2.07,3.0,direct_reuse
52288.0,22.3,16.5,506.5,96.5,1.8,1.0,disposal
44099.0,40.8,7.6,88.9,150.7,0.86,40.0,treat_then_reuse
47957.0,4.8,36.1,28.2,62.1,1.05,25.0,direct_reuse
17847.0,8.5,12.9,4.6,72.0,0.15,18.0,direct_reuse
24988.0,14.7,16.0,6.2,81.4,4.85,2.0,direct_reuse
44155.0,11.4,32.4,49.2,140.6,2.43,17.0,direct_reuse
43665.0,29.0,20.0,3.9,144.8,0.08,2.0,direct_reuse
32980.0,296.6,14.0,4.1,1983.4,4.62,14.0,treat_then_reuse
43308.0,19.6,5.0,20.3,572.4,1.54,5.0,direct_reuse
51160.0,6.9,32.9,23.6,12.7,0.49,59.0,direct_reuse
91362.0,4.2,26.1,31.7,76.9,0.43,7.0,direct_reuse
45732.0,10.0,16.2,11.9,57.6,0.67,17.0,direct_reuse
64820.0,5.8,10.7,60.6,368.0,0.49,17.0,direct_reuse
33553.0,20.5,24.8,7.1,63.6,0.58,11.0,direct_reuse
73165.0,20.2,36.0,42.6,150.0,15.04,14.0,direct_reuse
63768.0,8.9,26.5,26.0,6.9,2.67,19.0,direct_reuse
89866.0,80.4,91.0,41.3,17.0,23.26,3.0,treat_then_reuse
80775.0,6.9,43.1,83.0,899.2,2.21,22.0,direct_reuse
74022.0,12.1,22.5,11.6,95.1,3.5,45.0,direct_reuse
45757.0,23.9,44.3,9.1,30.0,0.52,22.0,direct_reuse
58189.0,30.0,25.5,2.6,117.6,1.33,7.0,direct_reuse
103203.0,42.5,25.4,1.8,28.3,1.48,16.0,treat_then_reuse
31056.0,19.8,69.2,16.3,65.9,3.69,7.0,direct_reuse
31575.0,34.7,12.0,17.7,18.2,1.55,10.0,direct_reuse
55659.0,7.4,25.0,5.5,37.8,2.6,2.0,direct_reuse
65558.0,30.8,63.5,7.1,56.9,2.48,97.0,direct_reuse
27533.0,30.4,31.4,125.0,308.8,1.11,222.0,direct_reuse
46521.0,52.5,18.3,57.5,150.0,0.97,4.0,treat_then_reuse
45899.0,3.0,6.3,4.4,181.7,0.69,40.0,direct_reuse
10397.0,6.0,4.0,11.8,87.5,6.73,109.0,direct_reuse
42036.0,28.2,129.1,32.7,222.5,1.11,3.0,treat_then_reuse
43909.0,1.2,31.4,9.5,34.4,2.53,0.0,direct_reuse
43818.0,21.0,15.4,7.6,40.2,1.35,119.0,direct_reuse
132077.0,34.9,32.4,13.4,140.9,6.56,12.0,direct_reuse
20930.0,8.0,11.5,74.4,66.2,0.12,6.0,direct_reuse
27523.0,9.1,18.8,82.9,88.7,2.44,13.0,direct_reuse
7875.0,5.1,11.6,8.3,75.1,0.32,7.0,direct_reuse
35009.0,8.4,7.9,34.9,357.4,2.74,1032.0,direct_reuse
37162.0,8.6,4.6,19.9,378.5,1.36,5.0,direct_reuse
34304.0,7.3,6.8,6.0,45.2,0.24,20.0,direct_reuse
106444.0,6.9,55.5,14.1,13.0,2.56,85.0,direct_reuse
89539.0,10.5,11.1,4.4,41.2,2.21,84.0,direct_reuse
51767.0,10.4,37.6,81.1,33.6,1.22,63.0,direct_reuse
37819.0,72.7,52.7,129.4,224.7,1.44,6.0,treat_then_reuse
100542.0,9.4,24.9,12.3,247.8,2.03,10.0,direct_reuse
48347.0,18.4,19.3,9.2,29.0,7.63,0.0,direct_reuse
27645.0,8.0,27.3,71.2,39.3,1.1,11.0,direct_reuse
14745.0,7.9,17.6,86.4,17.7,6.15,13.0,direct_reuse
35993.0,2.9,64.3,5.3,104.4,1.57,37.0,direct_reuse
83137.0,3.3,110.1,16.8,85.7,8.89,180.0,treat_then_reuse
241247.0,4.5,78.2,18.7,214.4,1.21,35.0,disposal
51181.0,15.9,4.4,8.0,155.5,0.69,61.0,direct_reuse
28688.0,35.5,17.3,31.9,176.1,0.4,12.0,direct_reuse
21387.0,2.7,24.6,8.7,16.5,1.58,84.0,direct_reuse
72140.0,8.2,35.5,10.5,45.2,0.59,12.0,direct_reuse
14254.0,3.9,6.2,17.8,255.6,10.24,67.0,direct_reuse
72059.0,10.6,6.1,3.4,49.8,0.53,41.0,direct_reuse
86890.0,35.5,69.8,1.7,15.0,0.67,22.0,direct_reuse
66529.0,9.0,15.7,60.5,218.9,3.51,1.0,direct_reuse
42034.0,12.9,7.5,8.3,47.7,7.7,63.0,direct_reuse
72799.0,49.9,10.1,260.3,289.7,4.26,21.0,treat_then_reuse
55252.0,20.3,33.5,214.0,88.2,6.53,35.0,direct_reuse
28433.0,6.8,12.7,10.9,66.4,1.49,19.0,direct_reuse
179026.0,15.5,29.8,332.6,403.2,1.51,25.0,direct_reuse
38324.0,6.4,11.2,61.9,21.5,22.54,86.0,treat_then_reuse
84375.0,19.7,6.1,9.3,436.0,14.84,6.0,direct_reuse
9018.0,21.4,76.7,0.9,44.6,4.17,25.0,direct_reuse
119794.0,3.9,33.7,45.9,107.6,6.95,4.0,direct_reuse
137055.0,15.8,18.8,20.9,108.7,5.03,29.0,direct_reuse
50055.0,12.1,16.2,33.7,56.3,0.34,18.0,direct_reuse
72485.0,22.0,79.2,15.3,38.9,1.57,5.0,direct_reuse
72472.0,28.5,39.4,5.1,59.9,11.54,14.0,direct_reuse
31259.0,20.7,61.4,12.0,29.5,4.21,5.0,direct_reuse
71897.0,10.2,15.4,46.9,779.1,1.52,7.0,direct_reuse
27832.0,31.2,25.5,13.1,53.0,11.72,21.0,direct_reuse
32012.0,6.1,33.8,13.0,322.1,2.66,18.0,direct_reuse
107889.0,4.1,15.8,3.2,278.6,4.4,1.0,direct_reuse
96980.0,1.0,22.7,22.4,134.2,2.68,21.0,direct_reuse
29898.0,12.6,15.4,5.3,77.5,3.33,8.0,direct_reuse
29334.0,6.4,33.8,60.5,111.4,3.66,7.0,direct_reuse
31197.0,19.3,8.5,8.3,168.9,8.93,2.0,direct_reuse
81867.0,2.3,38.8,14.1,100.5,10.58,11.0,direct_reuse
24343.0,7.5,31.5,269.6,16.1,0.92,6.0,direct_reuse
62925.0,20.6,20.8,13.9,12.2,2.62,82.0,direct_reuse
82685.0,5.3,35.1,11.8,473.4,8.6,1.0,direct_reuse
46084.0,19.5,18.3,40.6,5.0,1.39,3.0,direct_reuse
99414.0,8.2,14.4,2.4,111.6,0.3,3.0,direct_reuse
39616.0,13.1,37.9,90.1,69.5,0.51,18.0,direct_reuse
42205.0,23.0,39.2,66.2,107.4,0.55,71.0,direct_reuse
24734.0,31.7,16.3,37.7,25.7,0.91,26.0,direct_reuse
99910.0,14.6,15.3,0.5,132.4,0.62,2.0,direct_reuse
28665.0,6.5,21.2,14.7,112.9,6.28,6.0,direct_reuse
62620.0,8.9,15.8,4.4,1876.4,1.15,4.0,direct_reuse
46634.0,23.9,83.1,77.4,103.9,8.49,26.0,direct_reuse
23460.0,5.4,31.6,71.0,396.7,0.38,6.0,direct_reuse
32004.0,11.5,24.8,32.0,17.3,1.04,1.0,direct_reuse
129057.0,9.5,11.6,4.7,276.5,1.89,29.0,direct_reuse
56453.0,12.3,44.3,120.7,115.5,4.73,81.0,direct_reuse
24188.0,5.4,15.0,14.7,121.1,7.29,9.0,direct_reuse
60702.0,2.5,14.6,175.3,123.0,0.82,15.0,direct_reuse
44255.0,21.5,45.5,27.6,588.1,6.0,1.0,direct_reuse
300000.0,32.1,33.4,36.9,119.2,0.19,1.0,disposal
59849.0,2.7,3.3,11.6,38.0,5.12,1.0,direct_reuse
37555.0,18.8,21.6,108.7,45.7,0.29,11.0,direct_reuse
132458.0,35.7,27.1,41.7,221.1,2.95,8.0,direct_reuse
13511.0,23.0,18.7,113.5,147.3,7.16,28.0,direct_reuse
52367.0,9.3,27.9,24.9,16.7,5.22,9.0,direct_reuse
198015.0,5.8,5.8,19.0,158.6,0.2,54.0,disposal
45191.0,14.5,2.5,41.0,27.4,0.92,45.0,direct_reuse
14570.0,16.8,11.2,113.4,145.8,4.19,8.0,direct_reuse
37155.0,14.7,30.7,68.0,37.1,4.03,3.0,direct_reuse
135695.0,11.4,2.0,23.7,66.0,2.36,1.0,direct_reuse
63783.0,5.1,12.5,2.2,49.4,0.09,105.0,direct_reuse
27250.0,19.7,5.3,53.1,478.6,7.83,3.0,direct_reuse
30343.0,20.6,20.2,3.6,140.1,9.87,1.0,direct_reuse
33131.0,16.1,117.5,20.9,360.4,2.04,15.0,treat_then_reuse
63123.0,14.9,20.6,17.5,2174.9,2.22,1.0,direct_reuse
125084.0,61.0,22.5,3.7,94.8,3.17,15.0,treat_then_reuse
102406.0,7.7,48.0,31.4,469.7,11.01,7.0,direct_reuse
67454.0,42.7,25.0,266.4,41.7,2.28,49.0,treat_then_reuse
19300.0,7.0,20.7,13.8,357.9,1.29,43.0,direct_reuse
19350.0,36.5,51.5,50.4,37.0,2.71,64.0,direct_reuse
71202.0,40.9,35.8,339.3,88.2,1.63,17.0,treat_then_reuse
19114.0,10.3,30.9,56.6,162.5,1.65,3.0,direct_reuse
41861.0,60.0,22.0,9.3,193.2,0.17,3.0,treat_then_reuse
60652.0,20.5,18.6,26.7,22.2,3.25,5.0,direct_reuse
22108.0,6.1,51.1,35.8,34.7,7.56,243.0,direct_reuse
23933.0,9.6,18.7,112.2,176.4,6.21,8.0,direct_reuse
45895.0,37.3,65.7,86.2,60.1,5.68,16.0,direct_reuse
69742.0,30.9,10.6,0.7,19.4,1.54,119.0,direct_reuse
103060.0,5.2,77.2,7.2,83.3,1.99,18.0,direct_reuse
74977.0,11.9,35.8,18.5,79.0,7.76,4.0,direct_reuse
51615.0,16.2,11.3,5.9,109.4,5.09,36.0,direct_reuse
29076.0,8.5,36.9,0.5,161.1,11.38,6.0,direct_reuse
23164.0,112.4,14.6,8.4,150.2,0.69,19.0,treat_then_reuse
34282.0,16.6,25.2,20.0,38.7,0.68,26.0,direct_reuse
65314.0,12.7,16.6,10.7,57.3,1.07,6.0,direct_reuse
62046.0,39.3,22.1,6.1,249.8,0.48,16.0,direct_reuse
11272.0,9.7,52.1,21.1,49.5,0.3,134.0,direct_reuse
28283.0,33.3,37.1,30.3,58.3,3.03,5.0,direct_reuse
113909.0,3.0,10.0,11.4,17.2,2.78,88.0,direct_reuse
51816.0,9.0,10.4,104.2,87.2,2.27,5.0,direct_reuse
18180.0,34.6,30.5,21.5,131.6,2.61,182.0,direct_reuse
255014.0,55.3,32.3,7.1,10.2,0.25,3.0,disposal
48038.0,6.7,14.3,5.2,27.7,0.88,7.0,direct_reuse
64153.0,6.0,87.6,15.6,18.8,1.13,117.0,direct_reuse
64839.0,22.4,47.0,76.4,214.3,1.76,125.0,direct_reuse
37899.0,7.7,14.9,7.5,11.0,0.25,42.0,direct_reuse
29457.0,10.6,13.8,41.1,82.6,0.49,2.0,direct_reuse
216462.0,29.6,20.4,22.5,198.3,0.93,14.0,disposal
98938.0,8.3,18.8,219.6,110.7,6.53,12.0,direct_reuse
87147.0,2.3,67.0,32.1,55.5,2.32,3.0,direct_reuse
73380.0,4.2,53.9,8.7,131.8,6.22,35.0,direct_reuse
24287.0,13.6,25.2,48.6,281.7,1.41,4.0,direct_reuse
119883.0,2.5,42.2,50.6,80.0,1.65,2.0,direct_reuse
27168.0,10.3,47.4,12.5,7.7,3.15,1.0,direct_reuse
59772.0,3.8,25.7,5.0,318.1,1.31,159.0,direct_reuse
15560.0,58.9,33.9,38.2,139.8,0.73,6.0,treat_then_reuse
11748.0,94.5,39.5,21.7,86.8,0.24,6.0,treat_then_reuse
61255.0,5.2,36.2,3.3,10.2,0.76,3.0,direct_reuse
27823.0,17.0,13.2,27.3,64.8,4.89,95.0,direct_reuse
12180.0,5.7,14.3,9.4,34.4,8.49,2.0,direct_reuse
71570.0,10.2,19.5,3.3,23.6,0.6,2.0,direct_reuse
216221.0,68.2,13.9,13.2,77.5,0.17,8.0,disposal
129663.0,8.8,7.5,93.6,49.9,5.5,12.0,direct_reuse
40941.0,10.4,42.1,85.6,53.7,1.8,33.0,direct_reuse
49325.0,5.8,32.4,62.6,203.1,0.29,4.0,direct_reuse
91253.0,37.8,8.4,27.7,119.2,0.03,124.0,direct_reuse
107526.0,1.0,20.2,41.1,52.2,0.47,4.0,direct_reuse
38543.0,9.0,21.2,22.6,45.4,0.9,3.0,direct_reuse
50208.0,12.9,28.4,5.3,54.6,0.37,2.0,direct_reuse
60502.0,7.4,10.3,6.8,68.6,4.05,4.0,direct_reuse
72237.0,29.3,8.3,9.7,171.1,0.57,2.0,direct_reuse
44661.0,39.7,37.2,107.9,28.6,1.68,38.0,direct_reuse
45069.0,3.8,7.2,73.1,447.8,36.07,3.0,treat_then_reuse
128783.0,88.6,20.4,5.5,171.3,1.92,10.0,treat_then_reuse
114309.0,3.7,18.9,21.4,4.4,1.42,3.0,direct_reuse
68472.0,42.9,22.2,12.4,98.9,1.46,2.0,treat_then_reuse
163305.0,15.4,30.0,16.7,282.8,3.93,64.0,direct_reuse
37402.0,8.6,88.1,10.6,138.0,3.35,135.0,direct_reuse
152677.0,9.3,6.8,108.5,57.2,0.45,82.0,direct_reuse
71665.0,13.1,49.5,19.6,84.2,0.97,1.0,direct_reuse
300000.0,16.2,3.3,26.0,109.5,0.69,2.0,disposal
21274.0,5.9,74.8,26.3,209.9,1.14,237.0,direct_reuse
30256.0,10.9,4.8,5.9,19.0,17.72,8.0,direct_reuse
65720.0,6.7,172.3,22.9,46.3,3.68,2.0,treat_then_reuse
64735.0,4.5,18.0,71.9,545.9,1.49,62.0,direct_reuse
191971.0,6.5,68.9,117.6,93.3,8.31,13.0,disposal
30704.0,4.8,58.4,5.1,483.3,2.11,29.0,direct_reuse
92359.0,9.2,17.3,3.2,2402.2,0.2,0.0,direct_reuse
110605.0,19.9,18.4,21.6,52.4,14.34,7.0,direct_reuse
80278.0,15.0,12.6,76.0,24.1,1.35,51.0,direct_reuse
25017.0,79.6,46.1,30.9,67.2,0.09,5.0,treat_then_reuse
131325.0,1.8,17.5,45.4,301.5,0.21,78.0,direct_reuse
115905.0,20.5,12.7,3.9,351.7,7.14,2.0,direct_reuse
74586.0,13.5,37.7,10.1,1095.7,0.21,10.0,direct_reuse
56559.0,28.1,12.0,1.4,86.4,9.53,144.0,direct_reuse
57427.0,25.7,18.9,16.9,154.0,1.83,2.0,direct_reuse
46392.0,11.6,26.7,1.5,41.1,4.17,18.0,direct_reuse
76768.0,15.7,14.7,99.4,5.7,1.18,29.0,direct_reuse
50101.0,6.9,16.6,129.8,86.2,3.26,14.0,direct_reuse
27066.0,23.4,83.8,23.8,25.3,2.49,8.0,direct_reuse
23529.0,2.5,20.8,3.3,182.7,1.57,3.0,direct_reuse
28957.0,27.1,18.4,31.5,11.4,0.41,16.0,direct_reuse
57268.0,13.2,21.3,187.0,39.9,2.63,10.0,direct_reuse
48104.0,8.7,35.3,35.5,120.8,0.16,1.0,direct_reuse
56996.0,10.9,10.7,83.3,135.6,5.53,63.0,direct_reuse
69603.0,11.7,34.5,11.2,85.4,2.13,3.0,direct_reuse
31599.0,43.3,30.1,7.1,702.1,3.01,1.0,treat_then_reuse
136757.0,247.2,5.9,18.4,505.9,0.05,5.0,treat_then_reuse
40644.0,40.4,103.1,2.0,42.4,0.38,3.0,treat_then_reuse
36192.0,8.1,78.9,304.0,528.7,0.85,8.0,disposal
68711.0,23.7,12.9,23.7,625.4,3.96,2.0,direct_reuse
13554.0,24.7,10.0,56.8,78.5,0.48,24.0,direct_reuse
28187.0,5.9,29.4,11.5,94.6,45.26,97.0,treat_then_reuse
97417.0,4.3,7.8,3.2,85.1,1.17,14.0,direct_reuse
14528.0,12.7,73.1,111.2,44.3,0.44,1.0,direct_reuse
107184.0,27.9,16.9,5.2,49.4,1.29,3.0,direct_reuse
141181.0,3.2,89.8,30.5,384.2,0.48,17.0,direct_reuse
37850.0,7.0,12.7,34.2,145.6,0.35,1.0,direct_reuse
60130.0,22.5,22.4,21.9,48.9,6.14,2.0,direct_reuse
107298.0,14.0,67.6,7.8,32.5,3.21,1.0,direct_reuse
35357.0,48.2,18.9,16.8,39.1,3.23,14.0,treat_then_reuse
89989.0,3.8,30.5,6.4,75.2,8.67,312.0,direct_reuse
30644.0,111.8,58.8,53.0,245.8,3.1,2.0,treat_then_reuse
35090.0,3.4,15.7,39.9,34.9,0.41,41.0,treat_then_reuse
28014.0,2.2,8.9,19.6,242.7,4.14,5.0,direct_reuse
62308.0,12.8,7.6,10.2,111.8,0.38,2.0,direct_reuse
110258.0,4.9,39.1,251.8,105.3,0.89,127.0,direct_reuse
43093.0,13.0,33.5,4.2,278.2,1.55,311.0,direct_reuse
20133.0,12.6,57.4,3.1,227.6,1.36,23.0,direct_reuse
22974.0,11.3,19.7,18.2,19.2,0.16,21.0,direct_reuse
64616.0,6.3,7.8,14.7,27.3,0.47,13.0,direct_reuse
178239.0,19.9,3.7,75.0,69.9,1.6,10.0,direct_reuse
64577.0,10.1,243.3,43.6,133.2,0.75,20.0,treat_then_reuse
37391.0,36.4,37.4,20.8,403.8,7.13,34.0,direct_reuse
83812.0,11.4,27.4,36.6,96.7,8.91,148.0,direct_reuse
41454.0,5.7,30.7,35.8,586.4,0.38,6.0,direct_reuse
37617.0,2.9,7.8,250.7,41.4,1.78,15.0,direct_reuse
25061.0,11.5,13.0,27.2,49.8,12.9,11.0,direct_reuse
131389.0,4.3,99.0,8.9,64.3,1.38,57.0,direct_reuse
8288.0,4.0,41.5,25.5,36.6,0.97,446.0,direct_reuse
85691.0,21.6,13.3,0.9,322.3,5.04,60.0,direct_reuse
35432.0,2.7,9.2,19.3,4.3,1.15,40.0,direct_reuse
36782.0,48.0,16.2,74.6,51.7,8.6,48.0,direct_reuse
160271.0,15.5,19.1,41.4,318.3,0.76,82.0,direct_reuse
29736.0,12.9,126.4,28.7,63.8,0.89,456.0,treat_then_reuse
30453.0,5.3,21.1,43.8,293.0,4.61,1.0,direct_reuse
44745.0,26.8,9.5,75.5,1009.7,1.88,30.0,direct_reuse
65493.0,13.4,23.4,111.1,98.3,1.9,0.0,direct_reuse
35979.0,7.3,30.3,34.4,325.7,0.14,51.0,direct_reuse
16290.0,16.1,8.8,13.7,1288.3,1.04,28.0,direct_reuse
26743.0,3.0,33.8,1.3,140.1,5.07,5.0,direct_reuse
120203.0,3.1,64.5,65.0,85.4,0.6,0.0,direct_reuse
51655.0,4.9,27.4,37.3,242.9,4.1,12.0,treat_then_reuse
67222.0,18.4,13.0,24.1,331.2,2.34,17.0,direct_reuse
40823.0,13.4,16.1,8.8,86.3,1.27,11.0,direct_reuse
30895.0,34.6,6.5,64.0,52.9,9.63,5.0,direct_reuse
158625.0,5.9,22.0,14.8,595.3,1.06,3.0,direct_reuse
42970.0,22.6,31.5,19.3,66.8,1.16,11.0,direct_reuse
35941.0,12.2,12.0,18.8,334.7,1.25,4.0,direct_reuse
105588.0,5.8,115.8,34.5,120.2,1.83,41.0,treat_then_reuse
29565.0,19.0,46.2,5.1,671.6,4.47,11.0,direct_reuse
32328.0,12.7,5.8,39.5,35.4,0.24,1.0,direct_reuse
49374.0,7.6,5.9,8.5,35.3,5.1,16.0,direct_reuse
49030.0,14.0,11.2,8.8,230.4,1.8,23.0,direct_reuse
58790.0,12.0,86.4,58.1,26.0,3.39,138.0,direct_reuse
211963.0,11.7,50.0,6.1,102.3,36.94,49.0,disposal
62030.0,9.3,89.9,58.0,494.4,0.85,3.0,direct_reuse
9278.0,4.2,24.7,22.7,12.6,0.34,103.0,direct_reuse
61600.0,14.4,20.7,2.8,140.1,2.12,2.0,direct_reuse
50338.0,6.5,9.0,103.3,341.4,2.61,13.0,direct_reuse
50535.0,5.4,32.5,29.1,87.5,5.12,38.0,direct_reuse
58230.0,10.8,21.0,32.2,32.5,0.82,109.0,direct_reuse
48047.0,26.1,20.3,67.3,67.4,0.56,207.0,direct_reuse
47248.0,15.9,89.5,121.4,35.8,0.22,82.0,direct_reuse
75292.0,8.3,22.2,25.6,97.1,0.28,10.0,direct_reuse
33542.0,8.1,71.1,42.1,66.4,0.96,29.0,direct_reuse
25251.0,23.9,6.9,31.4,51.2,1.42,17.0,direct_reuse
300000.0,1.6,210.7,13.3,150.3,24.16,4.0,disposal
29700.0,27.6,18.2,3.0,511.3,0.18,10.0,direct_reuse
52580.0,2.5,43.2,26.0,129.1,2.55,181.0,direct_reuse
17206.0,3.8,49.1,105.1,394.7,0.64,32.0,direct_reuse
53185.0,8.5,16.5,40.4,511.2,2.2,267.0,direct_reuse
25508.0,94.9,47.2,5.6,47.2,0.8,2.0,treat_then_reuse
35964.0,60.9,49.2,75.0,121.8,6.33,7.0,treat_then_reuse
101879.0,25.4,13.9,13.9,56.4,6.28,23.0,direct_reuse
68214.0,18.6,14.0,1.6,17.6,1.42,37.0,direct_reuse
72976.0,2.5,25.4,68.1,133.1,10.71,10.0,direct_reuse
14188.0,15.5,22.4,6.5,28.3,4.43,40.0,direct_reuse
177340.0,8.2,74.8,170.2,153.4,10.08,40.0,direct_reuse
21283.0,6.5,43.0,79.6,16.3,1.56,2.0,direct_reuse
142913.0,15.5,23.2,15.3,108.6,5.68,38.0,direct_reuse
100216.0,8.8,39.8,34.9,16.0,0.61,61.0,direct_reuse
73433.0,29.4,4.8,368.2,188.9,0.53,19.0,direct_reuse
26944.0,2.4,15.0,66.7,58.4,28.04,1.0,treat_then_reuse
54509.0,14.4,30.9,26.7,52.5,0.4,8.0,direct_reuse
35255.0,6.1,59.9,643.5,310.8,0.94,23.0,direct_reuse
50027.0,9.3,28.8,23.1,63.2,0.14,3.0,direct_reuse
41155.0,17.7,78.8,40.4,101.7,0.55,48.0,direct_reuse
11766.0,4.9,49.1,6.5,72.4,0.45,36.0,direct_reuse
107500.0,15.6,16.6,2.7,157.3,0.69,15.0,direct_reuse
46315.0,11.1,21.9,14.2,283.5,2.43,13.0,direct_reuse
34914.0,7.4,34.0,21.0,225.7,3.33,16.0,direct_reuse
33116.0,8.8,17.1,29.8,53.9,0.45,12.0,direct_reuse
63002.0,11.7,83.5,3.7,340.3,0.59,2.0,direct_reuse
26222.0,6.7,10.1,44.4,32.9,6.74,6.0,direct_reuse
10111.0,13.5,31.6,7.4,39.8,15.13,14.0,direct_reuse
65185.0,10.5,44.2,41.7,78.2,8.44,102.0,direct_reuse
70500.0,7.8,19.1,61.7,284.7,0.19,34.0,direct_reuse
42628.0,56.3,15.9,12.5,24.8,7.74,111.0,treat_then_reuse
21949.0,19.6,23.1,6.3,240.0,18.35,1.0,direct_reuse
52170.0,9.5,47.0,128.0,84.8,0.18,7.0,direct_reuse
17585.0,15.4,16.4,57.3,55.9,6.74,273.0,direct_reuse
23883.0,5.3,10.4,24.1,301.1,2.21,4.0,direct_reuse
28984.0,9.1,61.6,117.0,37.2,1.08,4.0,direct_reuse
88500.0,10.1,33.8,22.2,1112.4,1.89,8.0,direct_reuse
38032.0,4.4,54.9,9.5,74.1,2.93,251.0,direct_reuse
35828.0,19.1,45.0,6.0,106.1,7.43,4.0,direct_reuse
192583.0,8.5,140.3,17.6,491.4,6.94,28.0,disposal
62738.0,9.8,59.9,50.7,109.2,0.23,22.0,direct_reuse
62149.0,8.1,13.7,106.5,332.9,0.71,1.0,direct_reuse
37843.0,193.1,35.7,20.7,10.5,1.86,12.0,treat_then_reuse
32291.0,7.4,15.7,86.1,55.3,12.73,5.0,disposal
10610.0,2.1,17.1,15.5,139.3,0.05,34.0,direct_reuse
96579.0,3.2,7.9,7.9,295.8,0.75,165.0,direct_reuse
67092.0,26.7,19.5,4.2,209.9,0.23,7.0,direct_reuse
43243.0,44.8,37.9,10.9,189.4,0.28,7.0,treat_then_reuse
44531.0,7.3,23.3,4.4,289.2,5.94,532.0,direct_reuse
82068.0,42.6,10.2,223.9,151.8,0.83,4.0,disposal
16510.0,26.2,7.3,34.0,8.5,0.08,2.0,direct_reuse
32438.0,11.4,132.9,17.9,439.8,1.34,96.0,treat_then_reuse
22128.0,10.7,31.8,158.6,35.8,23.26,11.0,treat_then_reuse
169407.0,15.8,12.7,4.2,127.1,0.16,19.0,direct_reuse
90487.0,29.7,35.5,17.0,109.8,3.3,346.0,direct_reuse
10489.0,19.3,141.4,221.3,94.8,12.65,1.0,treat_then_reuse
16990.0,7.3,40.3,16.9,26.7,1.55,9.0,direct_reuse
44683.0,11.5,2.6,378.5,10.7,20.21,2.0,treat_then_reuse
35217.0,80.1,204.8,51.6,29.9,0.7,20.0,treat_then_reuse
19398.0,16.9,5.6,96.3,223.4,10.8,5.0,direct_reuse
191249.0,29.4,20.8,99.7,18.3,7.95,2.0,disposal
61009.0,21.9,9.9,20.1,34.2,1.58,37.0,direct_reuse
68348.0,17.2,13.6,11.2,142.6,0.24,12.0,direct_reuse
30200.0,14.8,30.8,17.5,29.1,0.45,2.0,direct_reuse
81275.0,30.2,4.7,6.1,49.5,0.08,2.0,direct_reuse
37560.0,25.7,22.8,18.6,98.5,3.57,17.0,direct_reuse
40202.0,17.1,61.4,20.0,122.8,3.05,1.0,direct_reuse
75185.0,7.2,12.5,152.5,28.4,1.83,17.0,direct_reuse
15673.0,19.0,8.1,40.9,105.1,1.41,91.0,direct_reuse
149929.0,12.7,21.9,342.1,139.6,9.63,33.0,direct_reuse
55696.0,10.2,18.7,1.5,22.2,2.43,5.0,direct_reuse
120170.0,150.0,15.2,4.7,114.0,0.8,18.0,treat_then_reuse
23091.0,3.4,9.5,13.1,40.9,2.0,2.0,direct_reuse
25688.0,31.9,37.2,120.4,103.2,23.61,15.0,treat_then_reuse
21735.0,6.2,39.5,17.6,199.4,3.7,7.0,direct_reuse
58408.0,15.2,10.5,3.5,74.2,0.99,3.0,direct_reuse
51338.0,135.9,11.7,15.0,245.9,1.56,31.0,treat_then_reuse
35416.0,5.7,27.4,4.8,214.8,3.01,1.0,direct_reuse
24104.0,7.0,11.3,3.8,244.4,0.95,2.0,direct_reuse
20199.0,13.3,28.3,221.1,140.2,0.85,2.0,direct_reuse
47385.0,6.3,79.4,13.2,302.1,1.62,6.0,direct_reuse
35387.0,29.8,23.4,24.7,137.5,11.88,86.0,direct_reuse
30336.0,8.3,9.3,18.0,14.4,4.61,38.0,direct_reuse
144779.0,24.3,33.6,14.9,37.7,0.97,14.0,direct_reuse
46276.0,4.1,21.3,7.3,71.4,5.1,13.0,direct_reuse
119256.0,2.6,21.8,13.8,81.8,1.67,12.0,direct_reuse
33750.0,11.0,35.9,30.1,133.4,2.58,95.0,direct_reuse
58183.0,3.3,42.6,110.2,37.1,2.29,1.0,direct_reuse
47154.0,52.8,25.2,62.6,820.2,0.11,39.0,treat_then_reuse
14938.0,3.4,23.4,4.7,80.4,0.03,6.0,direct_reuse
133231.0,5.3,127.8,65.8,89.3,2.21,26.0,treat_then_reuse
44596.0,19.5,64.1,35.5,43.0,0.54,26.0,direct_reuse
82660.0,7.9,47.8,9.5,29.9,0.2,37.0,direct_reuse
28957.0,3.4,27.2,25.0,78.3,0.57,131.0,direct_reuse
43678.0,84.4,11.0,39.9,92.8,5.49,2.0,treat_then_reuse
26721.0,5.5,60.5,21.3,81.8,2.63,55.0,direct_reuse
116448.0,11.3,27.5,35.7,555.9,4.5,11.0,direct_reuse
60961.0,11.2,15.5,7.1,78.3,2.97,6.0,direct_reuse
63382.0,25.5,20.2,219.5,81.9,0.5,257.0,direct_reuse
126846.0,20.4,11.3,2.0,220.7,4.52,35.0,disposal
110132.0,6.4,57.2,40.2,74.6,3.53,7.0,direct_reuse
83762.0,10.0,42.4,31.2,162.9,1.42,51.0,direct_reuse
18120.0,11.0,28.4,43.4,22.0,1.78,11.0,direct_reuse
30122.0,26.4,23.7,8.6,22.2,4.62,6.0,direct_reuse
24277.0,4.7,14.2,81.7,103.0,0.62,5.0,direct_reuse
81575.0,82.8,4.5,17.6,69.8,6.78,19.0,treat_then_reuse
55241.0,6.8,7.9,4.8,37.0,3.44,5.0,direct_reuse
18521.0,13.4,13.5,5.4,102.9,1.65,15.0,direct_reuse
42954.0,4.7,12.0,23.3,113.3,12.07,46.0,direct_reuse
17225.0,4.2,30.9,3.0,41.2,0.31,14.0,direct_reuse
47230.0,6.1,47.0,174.3,50.9,0.91,236.0,direct_reuse
15386.0,5.6,22.1,70.7,114.2,0.68,12.0,direct_reuse
70982.0,9.3,75.7,179.9,29.3,2.63,92.0,direct_reuse
63868.0,5.6,13.1,158.5,46.3,7.67,53.0,direct_reuse
186384.0,25.2,22.0,13.2,162.0,0.46,120.0,disposal
88744.0,6.7,23.6,7.1,87.7,121.16,235.0,treat_then_reuse
36460.0,6.0,58.8,0.8,53.3,0.7,1.0,direct_reuse
86912.0,9.5,26.7,12.3,33.3,2.64,18.0,direct_reuse
18428.0,32.9,27.3,167.1,29.5,1.65,10.0,direct_reuse
24991.0,16.3,6.5,7.4,77.9,1.75,14.0,direct_reuse
61895.0,12.3,11.9,15.6,835.8,0.59,7.0,direct_reuse
10821.0,3.7,59.0,10.3,167.7,6.6,5.0,direct_reuse
47762.0,4.8,4.7,31.5,20.8,0.54,2.0,direct_reuse
24000.0,4.3,71.8,94.0,196.0,0.17,14.0,direct_reuse
52623.0,43.6,36.6,3.2,39.1,0.38,49.0,treat_then_reuse
23054.0,21.7,13.5,4.0,89.5,10.79,6.0,direct_reuse
65971.0,6.2,12.6,119.6,47.1,8.38,7.0,direct_reuse
49689.0,8.1,111.8,48.4,833.0,0.12,4.0,treat_then_reuse
130647.0,6.4,75.9,14.7,25.9,4.75,3.0,direct_reuse
49252.0,6.1,22.3,155.8,127.1,0.13,9.0,direct_reuse
28623.0,20.4,27.3,3.9,42.4,1.59,20.0,direct_reuse
41241.0,10.4,14.6,61.4,202.9,0.34,80.0,direct_reuse
19130.0,87.6,27.3,18.5,124.3,5.25,2.0,treat_then_reuse
65140.0,41.5,14.3,41.6,357.8,3.39,12.0,treat_then_reuse
74080.0,43.8,23.0,1.1,198.3,5.89,71.0,treat_then_reuse
276078.0,24.6,104.4,14.7,42.0,1.12,2.0,disposal
31720.0,9.2,22.7,48.6,2225.7,1.29,81.0,direct_reuse
40641.0,23.1,10.6,18.6,165.8,0.23,6.0,direct_reuse
32760.0,9.8,8.2,90.6,49.1,0.43,35.0,direct_reuse
56868.0,58.4,27.2,87.0,112.9,5.66,9.0,treat_then_reuse
64035.0,19.4,13.3,6.4,180.2,2.66,24.0,direct_reuse
47223.0,17.0,29.9,54.0,172.8,1.89,136.0,direct_reuse
104865.0,15.1,6.7,6.1,155.3,8.51,10.0,direct_reuse
31828.0,64.5,42.6,21.4,260.6,0.3,54.0,treat_then_reuse
97765.0,3.7,10.5,44.1,233.9,4.2,18.0,direct_reuse
71464.0,70.4,25.5,7.4,35.4,0.36,4.0,treat_then_reuse
48610.0,11.4,18.7,51.6,914.9,11.26,10.0,direct_reuse
39322.0,3.8,97.0,11.0,785.1,3.35,9.0,treat_then_reuse
267980.0,6.8,28.1,10.0,217.3,5.78,1.0,disposal
27670.0,3.0,116.3,46.9,93.9,0.66,24.0,treat_then_reuse
60388.0,24.2,38.4,7.4,95.7,28.13,33.0,treat_then_reuse
28994.0,5.3,76.7,6.9,63.0,22.16,41.0,treat_then_reuse
171088.0,15.7,20.8,70.1,72.7,2.88,104.0,direct_reuse
91197.0,37.4,32.3,22.9,8.1,7.6,51.0,direct_reuse
30490.0,7.4,65.0,3.5,484.6,1.11,5.0,direct_reuse
70180.0,10.6,50.6,56.1,328.7,0.32,7.0,direct_reuse
58711.0,4.2,37.5,12.3,14.2,4.64,43.0,direct_reuse
34145.0,9.5,18.9,3.7,239.6,0.5,22.0,direct_reuse
83343.0,136.5,21.6,1.0,89.3,9.05,12.0,treat_then_reuse
64377.0,27.1,61.0,59.4,72.3,6.44,3.0,direct_reuse
57010.0,10.6,72.0,7.2,154.8,2.24,5.0,direct_reuse
47603.0,7.8,15.3,4.5,13.2,2.08,29.0,direct_reuse
66286.0,13.0,13.5,43.3,88.9,5.97,1.0,direct_reuse
57559.0,15.1,11.9,52.8,98.2,2.36,0.0,direct_reuse
51091.0,9.2,47.6,7.8,98.3,0.97,34.0,direct_reuse
31297.0,21.7,11.7,60.0,20.0,0.23,5.0,direct_reuse
160434.0,5.7,47.2,236.5,147.2,5.73,25.0,direct_reuse
23499.0,5.7,38.0,101.1,288.8,2.65,130.0,direct_reuse
66128.0,18.8,15.9,83.9,140.9,59.29,3.0,treat_then_reuse
39176.0,4.7,85.7,29.3,70.0,1.46,1.0,direct_reuse
167994.0,25.9,7.6,11.8,1733.6,2.44,8.0,direct_reuse
26045.0,13.3,92.5,18.8,32.6,2.52,4.0,direct_reuse
29299.0,2.6,31.7,34.1,210.8,3.84,12.0,direct_reuse
24863.0,14.9,4.7,4.4,117.6,0.47,27.0,direct_reuse
61477.0,3.0,87.7,8.0,823.5,1.49,20.0,direct_reuse
18748.0,25.1,53.4,3.6,137.7,4.84,13.0,direct_reuse
35067.0,10.8,17.4,26.6,174.4,1.07,60.0,direct_reuse
10865.0,71.2,11.3,22.2,157.0,4.61,33.0,treat_then_reuse
58006.0,35.3,7.0,9.2,28.1,1.87,9.0,direct_reuse
34539.0,5.2,169.4,53.8,34.6,2.78,32.0,treat_then_reuse
17298.0,2.2,11.7,5.7,66.5,7.36,1.0,direct_reuse
104812.0,6.8,8.9,8.8,258.0,1.23,60.0,direct_reuse
19626.0,4.5,30.4,51.2,116.3,0.25,13.0,direct_reuse
85636.0,69.6,6.6,61.2,71.7,1.17,2.0,treat_then_reuse
30010.0,13.3,11.2,7.7,407.2,0.56,7.0,direct_reuse
150407.0,31.2,54.4,26.5,10.2,0.1,58.0,direct_reuse
82842.0,10.4,35.6,7.9,21.6,1.44,4.0,direct_reuse
24206.0,11.5,18.0,15.9,5.8,2.14,23.0,direct_reuse
25798.0,13.1,24.9,23.9,340.1,6.22,46.0,direct_reuse
74897.0,36.4,17.2,39.3,80.9,0.37,13.0,direct_reuse
40796.0,17.8,23.3,29.4,260.6,1.85,3.0,direct_reuse
43541.0,5.2,13.3,27.9,79.8,7.15,11.0,direct_reuse
119440.0,58.0,15.4,5.5,277.4,0.78,1.0,treat_then_reuse
29025.0,10.3,15.1,32.0,78.3,3.31,6.0,direct_reuse
52256.0,8.9,13.7,38.9,141.3,13.16,2.0,direct_reuse
95630.0,1.1,56.6,45.9,120.3,0.15,11.0,direct_reuse
86369.0,23.8,45.4,8.5,130.5,2.35,2.0,direct_reuse
43839.0,14.7,11.6,60.3,574.3,7.48,14.0,direct_reuse
40045.0,14.7,9.4,4.1,15.1,1.05,67.0,direct_reuse
14513.0,9.4,21.6,12.0,83.5,10.0,73.0,direct_reuse
23403.0,8.0,137.6,14.4,111.9,3.76,2.0,treat_then_reuse
61258.0,9.7,10.8,4.4,94.9,16.45,4.0,direct_reuse
44511.0,20.4,21.6,14.2,58.1,3.52,44.0,direct_reuse
51661.0,23.9,26.3,26.2,50.0,18.33,35.0,direct_reuse
101466.0,10.9,22.5,2.2,484.5,2.44,5.0,direct_reuse
21351.0,31.6,17.0,12.5,83.3,0.28,6.0,direct_reuse
41551.0,12.5,61.8,2.5,1315.2,0.73,14.0,direct_reuse
55944.0,8.6,35.3,232.7,161.0,6.2,1.0,direct_reuse
29944.0,16.1,48.3,25.9,65.5,6.04,27.0,direct_reuse
133524.0,4.0,39.3,23.4,165.3,1.1,62.0,direct_reuse
92597.0,16.6,50.2,26.5,101.5,17.21,7.0,direct_reuse
60060.0,3.4,87.1,41.5,393.9,1.04,1.0,direct_reuse
172123.0,5.3,71.2,65.0,24.9,3.01,101.0,direct_reuse
17167.0,2.2,157.6,3.1,12.4,2.9,17.0,treat_then_reuse
48756.0,11.5,65.0,96.8,133.9,0.29,35.0,direct_reuse
63350.0,57.3,14.4,89.6,225.7,1.43,2.0,treat_then_reuse
25843.0,12.1,48.3,18.5,123.3,36.39,2.0,treat_then_reuse
60506.0,24.0,43.3,17.4,188.6,0.5,23.0,direct_reuse
22593.0,111.8,114.0,0.5,160.4,3.72,57.0,treat_then_reuse
79490.0,19.4,11.3,4.5,17.7,0.37,2.0,direct_reuse
102794.0,6.8,38.3,37.4,122.7,0.49,10.0,direct_reuse
59316.0,7.7,14.2,84.8,383.2,0.26,1.0,direct_reuse
13400.0,13.5,37.0,48.2,108.7,5.6,4.0,direct_reuse
24915.0,7.6,20.7,18.3,21.3,0.53,8.0,direct_reuse
72787.0,8.1,36.0,202.6,62.3,8.57,25.0,direct_reuse
49754.0,32.7,7.9,67.1,166.1,0.83,1.0,direct_reuse
7437.0,33.9,46.3,12.5,648.8,1.95,88.0,direct_reuse
117006.0,3.1,28.9,275.5,10.5,2.81,9.0,direct_reuse
53942.0,6.4,27.7,5.4,133.9,0.2,85.0,direct_reuse
27630.0,8.9,116.8,3.4,32.3,2.15,35.0,treat_then_reuse
98368.0,23.1,18.1,12.1,157.4,2.6,44.0,direct_reuse
30507.0,37.7,32.3,8.1,171.8,7.26,252.0,direct_reuse
30275.0,153.2,26.6,13.0,69.7,0.47,4.0,treat_then_reuse
62997.0,8.9,28.7,52.3,180.3,0.57,15.0,direct_reuse
170540.0,9.3,145.1,19.3,315.4,3.89,3.0,treat_then_reuse
152743.0,22.9,25.8,19.9,75.1,10.34,10.0,direct_reuse
63057.0,7.3,15.6,21.6,20.7,0.76,36.0,direct_reuse
67756.0,11.9,109.6,1.3,431.9,0.33,66.0,treat_then_reuse
85310.0,9.3,19.2,3.3,224.0,1.09,7.0,direct_reuse
20335.0,1.3,6.8,12.6,167.4,0.44,2.0,direct_reuse
76949.0,15.0,13.6,7.3,42.1,2.77,14.0,direct_reuse
29324.0,11.4,9.0,15.2,266.1,0.41,3.0,direct_reuse
61263.0,42.3,5.8,108.3,851.2,5.84,5.0,disposal
41805.0,13.5,18.3,18.4,78.8,2.17,33.0,direct_reuse
69623.0,4.4,23.2,4.1,99.9,6.08,25.0,direct_reuse
53246.0,10.7,63.1,7.8,27.9,0.07,43.0,direct_reuse
5704.0,2.1,40.6,156.4,40.8,0.17,7.0,direct_reuse
55560.0,4.5,39.1,126.3,27.6,8.85,55.0,direct_reuse
76842.0,23.9,12.0,41.1,103.9,0.65,12.0,direct_reuse
66980.0,10.8,49.8,3.1,61.9,0.25,8.0,direct_reuse
45624.0,30.9,74.7,29.0,135.7,1.27,2.0,direct_reuse
154742.0,2.3,33.6,31.8,33.7,2.26,1.0,direct_reuse
60959.0,10.8,34.4,20.7,74.9,1.34,1.0,direct_reuse
66594.0,8.8,8.9,10.1,31.5,3.03,17.0,direct_reuse
101839.0,31.8,57.0,13.0,110.6,2.54,3.0,direct_reuse
63185.0,24.7,102.0,9.3,14.9,2.37,1.0,treat_then_reuse
26144.0,24.0,31.8,5.1,106.4,9.52,6.0,direct_reuse
8894.0,53.9,15.2,103.5,66.2,1.62,19.0,treat_then_reuse
35102.0,9.7,21.6,57.9,109.8,1.56,23.0,disposal
83505.0,44.8,17.5,14.3,14.6,4.68,12.0,treat_then_reuse
38286.0,5.3,18.4,30.6,185.0,3.38,11.0,direct_reuse
85890.0,5.1,41.2,32.1,64.8,0.51,5.0,direct_reuse
54399.0,26.5,30.7,334.1,114.3,1.46,32.0,direct_reuse
120770.0,3.5,54.8,57.2,11.5,2.91,9.0,direct_reuse
39869.0,22.5,33.0,54.7,22.9,0.77,11.0,direct_reuse
68005.0,14.7,12.3,21.0,58.6,0.82,58.0,direct_reuse
69851.0,35.3,16.4,11.9,408.7,0.27,40.0,direct_reuse
140242.0,12.8,15.6,105.6,160.8,0.04,9.0,direct_reuse
14844.0,14.2,21.1,43.9,103.8,1.01,7.0,direct_reuse
35565.0,21.3,103.1,7.4,32.6,1.95,7.0,treat_then_reuse
88784.0,7.4,117.2,34.6,26.7,0.4,1.0,treat_then_reuse
144658.0,7.1,47.9,54.9,122.0,9.89,63.0,direct_reuse
57991.0,20.6,27.0,1.6,194.6,0.42,4.0,direct_reuse
39939.0,13.1,8.3,6.6,113.3,5.4,44.0,direct_reuse
83282.0,9.3,29.3,31.0,590.2,2.84,13.0,direct_reuse
90047.0,12.5,13.0,2.0,42.5,27.92,98.0,treat_then_reuse
38110.0,56.5,90.4,2.4,109.7,3.33,27.0,treat_then_reuse
61773.0,9.0,6.8,14.5,14.0,0.25,48.0,direct_reuse
112013.0,8.8,33.4,36.2,113.5,6.49,5.0,direct_reuse
184116.0,2.9,12.2,38.3,453.2,14.98,2.0,disposal
82440.0,13.0,24.3,134.1,28.6,0.16,15.0,direct_reuse
50559.0,24.3,41.8,22.2,227.3,3.78,1.0,direct_reuse
47200.0,28.6,55.6,12.8,439.3,5.05,6.0,direct_reuse
72416.0,14.8,23.4,4.2,42.2,1.25,2.0,direct_reuse
45208.0,31.8,45.1,12.7,150.5,0.07,3.0,direct_reuse
55980.0,26.0,14.4,46.9,511.6,1.12,30.0,direct_reuse
23377.0,36.7,29.9,49.6,116.0,0.77,27.0,direct_reuse
121533.0,32.7,54.7,27.6,213.9,12.05,10.0,direct_reuse
22068.0,55.3,32.0,38.7,12.8,1.47,20.0,treat_then_reuse
36226.0,11.6,16.1,92.9,173.6,0.96,5.0,direct_reuse
52487.0,4.1,19.6,22.0,159.0,0.77,464.0,direct_reuse
197539.0,24.5,55.3,103.6,20.9,2.52,19.0,disposal
36466.0,27.2,10.2,8.4,31.2,1.78,5.0,direct_reuse
30754.0,55.3,11.5,18.4,174.9,0.59,45.0,treat_then_reuse
33337.0,42.7,39.7,11.3,64.5,2.32,78.0,treat_then_reuse
156565.0,77.6,17.3,52.0,305.9,0.8,4.0,treat_then_reuse
6846.0,23.5,7.7,5.9,126.7,0.06,1.0,direct_reuse
24296.0,16.5,72.3,13.7,95.8,3.93,2.0,direct_reuse
300000.0,3.9,10.2,2.2,74.6,3.47,4.0,disposal
74133.0,17.8,20.9,41.0,124.2,2.14,11.0,direct_reuse
22602.0,8.2,14.9,89.7,217.7,0.93,1.0,direct_reuse
47603.0,16.3,19.3,59.9,161.9,1.5,7.0,direct_reuse
51391.0,14.1,12.1,53.3,56.5,4.78,9.0,direct_reuse
88635.0,20.6,43.4,55.0,351.9,0.73,20.0,direct_reuse
177664.0,12.3,26.8,46.5,185.6,5.04,30.0,direct_reuse
64343.0,31.2,53.9,42.0,137.5,0.24,22.0,direct_reuse
33596.0,1.2,15.1,45.4,99.6,2.05,179.0,direct_reuse
85047.0,16.0,135.2,9.1,156.0,1.7,63.0,disposal
30068.0,39.7,5.3,15.8,12.0,6.07,17.0,direct_reuse
23782.0,72.5,6.9,21.9,117.4,0.5,3.0,treat_then_reuse
14301.0,26.0,99.7,13.4,546.9,0.58,4.0,direct_reuse
16390.0,61.3,35.8,3.1,114.7,0.27,1.0,treat_then_reuse
26173.0,15.7,32.2,4.6,98.7,0.79,15.0,direct_reuse
21494.0,13.5,34.6,26.5,46.7,2.3,20.0,direct_reuse
61039.0,21.7,38.7,59.6,154.8,0.16,46.0,direct_reuse
21172.0,13.4,31.2,20.3,72.6,0.93,18.0,direct_reuse
5429.0,6.7,11.3,554.3,380.0,3.65,59.0,direct_reuse
23606.0,8.5,47.2,6.7,34.8,1.44,61.0,direct_reuse
35232.0,4.9,41.6,34.3,54.7,1.82,3.0,direct_reuse
32086.0,21.7,76.9,94.6,46.5,0.23,6.0,direct_reuse
142012.0,13.6,100.6,72.2,677.2,1.45,12.0,treat_then_reuse
31905.0,9.7,32.0,44.1,73.1,1.71,4.0,direct_reuse
90821.0,8.1,9.2,72.6,49.3,1.33,8.0,direct_reuse
48374.0,21.2,101.3,21.5,9.0,2.01,19.0,treat_then_reuse
47590.0,27.2,10.9,147.7,33.0,1.1,10.0,direct_reuse
27316.0,4.9,32.1,93.7,160.9,0.91,12.0,direct_reuse
47045.0,4.2,20.0,7.2,160.2,0.43,3.0,direct_reuse
28694.0,31.8,17.4,29.5,44.0,5.85,26.0,direct_reuse
55216.0,3.9,45.2,3.1,46.7,0.33,23.0,direct_reuse
41549.0,22.0,29.8,124.7,696.4,2.02,4.0,disposal
25305.0,57.7,37.0,26.3,1747.6,17.41,2.0,treat_then_reuse
98157.0,57.8,12.8,101.3,318.9,6.9,77.0,treat_then_reuse
66091.0,26.2,21.3,17.6,500.3,3.2,168.0,direct_reuse
35823.0,25.5,13.3,2.2,631.8,2.28,17.0,direct_reuse
54276.0,102.2,20.9,475.7,1028.7,1.4,7.0,disposal
46227.0,1.6,22.3,23.5,64.6,0.51,59.0,direct_reuse
26707.0,8.9,107.3,6.0,34.3,1.19,25.0,treat_then_reuse
51501.0,28.9,19.9,79.4,676.4,3.48,9.0,direct_reuse
31739.0,9.9,4.5,231.1,31.2,2.74,52.0,direct_reuse
25300.0,41.1,74.9,15.8,29.0,4.6,4.0,treat_then_reuse
15742.0,13.0,35.1,17.8,29.8,8.05,4.0,direct_reuse
38138.0,15.2,22.1,26.7,77.9,1.34,21.0,direct_reuse
72903.0,10.5,17.3,5.3,10.1,2.12,14.0,direct_reuse
30144.0,8.4,11.5,8.8,18.6,0.14,32.0,direct_reuse
286214.0,8.2,115.6,170.4,45.4,30.97,73.0,disposal
91124.0,17.2,25.6,17.1,24.2,0.96,1.0,direct_reuse
122153.0,6.7,6.1,7.4,289.6,3.85,13.0,direct_reuse
85534.0,31.7,31.9,11.7,90.7,0.96,211.0,direct_reuse
179334.0,24.2,64.4,72.8,169.8,0.93,5.0,direct_reuse
28257.0,36.2,27.8,1.9,150.5,1.21,4.0,direct_reuse
8164.0,4.9,11.9,27.3,71.7,0.33,0.0,treat_then_reuse
35872.0,2.9,11.1,385.5,266.9,0.07,14.0,direct_reuse
72457.0,13.4,11.8,229.8,148.0,7.45,29.0,direct_reuse
54506.0,182.9,82.9,40.0,63.4,3.35,29.0,treat_then_reuse
59446.0,42.1,23.2,97.5,14.1,0.5,3.0,treat_then_reuse
123579.0,8.2,6.4,96.4,159.6,2.97,12.0,direct_reuse
64051.0,19.7,33.4,17.3,22.5,4.81,17.0,direct_reuse
85754.0,25.9,27.5,60.9,136.8,0.67,13.0,direct_reuse
25395.0,3.9,17.1,171.8,98.2,2.82,2.0,direct_reuse
22771.0,46.2,10.8,4.4,20.2,6.1,14.0,treat_then_reuse
151733.0,11.6,10.5,40.1,119.6,0.25,4.0,direct_reuse
52608.0,12.4,58.5,31.0,111.1,3.3,1.0,direct_reuse
31689.0,13.8,29.9,22.7,111.5,2.65,34.0,direct_reuse
31730.0,37.7,36.0,20.4,105.8,19.0,15.0,direct_reuse
31120.0,6.8,29.8,26.5,43.9,3.4,30.0,direct_reuse
29844.0,2.9,31.9,29.3,172.6,0.97,5.0,direct_reuse
19966.0,18.0,16.9,76.9,42.2,1.12,31.0,direct_reuse
17149.0,2.1,20.8,35.6,27.6,22.88,56.0,treat_then_reuse
42766.0,10.3,62.3,16.2,189.1,1.04,169.0,direct_reuse
32369.0,39.2,76.1,7.3,252.2,3.53,41.0,direct_reuse
106405.0,22.7,9.2,11.4,175.4,1.21,22.0,direct_reuse
60184.0,34.4,20.8,27.5,71.7,6.72,2.0,direct_reuse
59025.0,23.5,48.0,8.6,10.7,7.17,10.0,direct_reuse
29139.0,117.8,110.6,62.5,459.4,1.6,1.0,treat_then_reuse
45039.0,7.9,102.1,33.7,10.5,0.97,4.0,treat_then_reuse
63114.0,19.3,13.0,79.2,171.5,0.94,229.0,direct_reuse
80930.0,9.1,68.0,9.3,917.1,0.17,3.0,direct_reuse
45903.0,31.9,25.7,7.4,106.1,1.88,0.0,direct_reuse
104338.0,12.7,56.6,78.5,124.0,1.83,41.0,treat_then_reuse
49296.0,63.2,46.1,23.5,136.6,0.57,4.0,treat_then_reuse
85391.0,8.4,8.9,15.8,111.9,0.15,39.0,direct_reuse
34791.0,47.8,38.1,46.5,1194.7,2.16,2.0,treat_then_reuse
13783.0,23.0,54.8,44.4,35.6,2.54,6.0,direct_reuse
59151.0,13.1,24.1,4.5,31.0,2.75,73.0,direct_reuse
81449.0,21.9,20.1,105.8,62.8,0.46,2.0,direct_reuse
73331.0,17.0,7.0,12.3,610.9,2.76,9.0,direct_reuse
65876.0,18.5,42.4,154.5,47.7,1.31,19.0,direct_reuse
38407.0,11.2,29.0,4.1,144.5,5.07,4.0,direct_reuse
27869.0,7.2,11.7,29.4,292.4,0.46,18.0,direct_reuse
72129.0,10.0,18.9,16.1,212.1,7.35,12.0,direct_reuse
66073.0,3.0,27.8,1.9,275.9,11.74,27.0,direct_reuse
33103.0,28.7,15.7,44.2,428.3,1.92,193.0,direct_reuse
106574.0,4.4,24.6,2.0,126.3,2.79,674.0,direct_reuse
26423.0,11.1,6.0,14.2,54.4,4.57,24.0,direct_reuse
32583.0,24.1,72.2,75.6,105.8,0.43,10.0,direct_reuse
154122.0,28.7,24.8,10.6,62.0,0.88,24.0,direct_reuse
90040.0,2.7,10.2,6.8,1441.9,2.09,9.0,direct_reuse
38154.0,12.4,3.4,52.5,50.1,22.99,1.0,treat_then_reuse
59944.0,20.4,55.9,14.9,153.2,0.35,11.0,direct_reuse
54631.0,14.1,38.3,12.4,17.3,13.86,62.0,direct_reuse
7173.0,45.1,29.0,92.8,104.2,1.28,1.0,direct_reuse
25990.0,6.4,49.0,4.9,65.6,1.58,3.0,direct_reuse
47307.0,2.1,48.8,11.6,189.3,8.03,5.0,direct_reuse
38192.0,27.9,28.7,56.8,194.8,22.83,21.0,treat_then_reuse
58278.0,8.3,20.0,4.6,427.8,2.86,431.0,direct_reuse
108081.0,2.8,17.6,169.1,392.0,7.49,4.0,direct_reuse
39141.0,11.7,34.4,15.5,83.7,0.5,14.0,direct_reuse
23380.0,40.8,75.0,57.4,31.9,0.83,12.0,treat_then_reuse
61537.0,4.3,22.6,57.2,36.2,0.28,8.0,direct_reuse
39002.0,110.2,79.9,16.7,125.6,0.84,11.0,treat_then_reuse
43948.0,6.3,33.1,11.3,107.1,3.44,6.0,direct_reuse
39965.0,14.6,33.3,19.1,119.5,2.17,746.0,direct_reuse
235458.0,4.5,168.0,47.2,50.0,15.57,38.0,disposal
10214.0,14.0,92.0,6.1,437.4,23.83,6.0,treat_then_reuse
37353.0,11.9,94.0,4.7,17.8,1.38,72.0,direct_reuse
48894.0,3.5,13.0,119.2,47.0,0.68,18.0,direct_reuse
28373.0,171.3,141.7,8.3,27.5,7.45,13.0,treat_then_reuse
92031.0,8.6,23.0,30.7,71.5,8.53,9.0,direct_reuse
86620.0,8.6,20.5,15.8,354.7,2.93,8.0,treat_then_reuse
47409.0,32.2,4.4,16.6,65.6,4.13,2.0,direct_reuse
40560.0,68.9,31.8,111.8,100.6,3.37,1.0,treat_then_reuse
45326.0,37.1,10.3,18.1,186.9,0.46,21.0,direct_reuse
45554.0,4.6,34.0,13.1,62.2,0.34,9.0,direct_reuse
46404.0,16.3,9.7,14.5,137.1,1.54,45.0,direct_reuse
42976.0,2.5,103.4,11.0,118.6,1.27,3.0,treat_then_reuse
58496.0,30.3,38.1,9.0,25.9,2.36,2.0,direct_reuse
83054.0,3.1,152.0,11.0,54.0,1.39,39.0,treat_then_reuse
20719.0,6.5,10.8,147.8,133.0,0.18,8.0,direct_reuse
23495.0,13.4,84.7,47.2,368.9,0.11,44.0,direct_reuse
14415.0,20.1,5.8,13.3,368.5,4.3,13.0,direct_reuse
89902.0,10.6,29.0,65.2,902.4,0.7,204.0,direct_reuse
58409.0,52.8,14.8,3.0,153.5,1.22,38.0,treat_then_reuse
69821.0,25.8,17.1,104.7,57.1,0.8,23.0,direct_reuse
18022.0,24.1,16.2,95.0,83.9,0.5,40.0,direct_reuse
171008.0,4.5,11.8,294.0,79.4,0.49,8.0,direct_reuse
32010.0,62.1,9.0,67.6,57.5,6.21,1.0,treat_then_reuse
55146.0,6.5,17.2,33.9,137.2,1.21,21.0,direct_reuse
89149.0,64.3,26.9,94.6,144.4,3.76,224.0,treat_then_reuse
24566.0,83.1,62.2,9.5,24.8,4.48,0.0,treat_then_reuse
33442.0,21.4,31.1,12.5,298.0,2.49,25.0,direct_reuse
55571.0,34.1,62.4,18.6,11.9,4.68,1.0,direct_reuse
300000.0,1.0,7.5,103.8,70.5,1.68,12.0,disposal
60524.0,11.3,17.4,7.2,318.7,9.71,14.0,direct_reuse
150912.0,36.3,43.3,6.3,175.6,4.81,37.0,direct_reuse
114002.0,30.9,32.3,26.7,60.8,5.72,17.0,direct_reuse
63425.0,4.5,12.3,47.5,785.0,0.49,96.0,direct_reuse
24528.0,10.3,51.8,8.6,55.5,2.32,70.0,direct_reuse
102932.0,1.4,16.0,44.9,10.0,0.15,9.0,direct_reuse
17177.0,19.5,13.2,103.8,148.1,10.19,63.0,treat_then_reuse
150334.0,2.5,36.2,84.8,12.7,0.73,8.0,direct_reuse
56388.0,37.2,24.7,30.7,36.1,0.88,6.0,direct_reuse
7668.0,39.0,16.1,18.0,178.6,0.28,2.0,direct_reuse
38625.0,8.8,15.7,161.2,54.2,1.57,87.0,direct_reuse
77479.0,21.5,10.4,20.5,170.5,1.16,8.0,direct_reuse
41526.0,11.1,17.9,62.1,25.2,17.63,0.0,direct_reuse
80862.0,16.7,59.1,210.6,231.4,5.04,27.0,direct_reuse
27038.0,4.8,29.8,54.7,14.0,0.84,6.0,direct_reuse
19650.0,23.6,52.8,6.1,383.9,0.19,8.0,direct_reuse
46629.0,3.1,37.1,4.5,53.4,0.08,9.0,direct_reuse
50116.0,2.6,15.0,14.1,485.1,0.43,7.0,direct_reuse
38412.0,12.1,6.6,47.1,35.7,0.29,729.0,direct_reuse
115740.0,11.1,11.7,34.3,747.9,2.59,148.0,direct_reuse
27034.0,17.2,14.3,283.9,31.4,1.37,35.0,direct_reuse
61036.0,7.5,13.5,33.9,12.5,1.69,17.0,direct_reuse
51410.0,73.5,53.8,13.6,94.4,0.48,66.0,treat_then_reuse
16487.0,15.6,53.3,5.2,349.8,2.01,18.0,direct_reuse
19471.0,16.6,144.0,82.8,214.8,0.26,41.0,treat_then_reuse
49431.0,16.1,13.3,19.9,323.5,1.47,28.0,direct_reuse
196190.0,33.2,88.1,3.3,219.5,4.85,15.0,disposal
73533.0,22.6,87.6,20.6,36.5,1.03,50.0,direct_reuse
14648.0,20.0,20.4,6.1,209.2,2.94,6.0,direct_reuse
5556.0,26.1,35.8,12.1,99.7,0.13,13.0,direct_reuse
81890.0,2.6,66.2,20.2,41.2,0.11,3.0,direct_reuse
45828.0,2.7,23.4,6.8,109.6,2.52,3.0,direct_reuse
108976.0,12.6,22.0,11.2,84.6,6.43,0.0,direct_reuse
26463.0,11.3,14.9,8.2,427.3,1.21,24.0,direct_reuse
62639.0,22.7,3.7,8.5,51.1,26.81,36.0,treat_then_reuse
88638.0,13.7,26.0,6.0,48.5,0.25,62.0,direct_reuse
35838.0,22.7,13.9,11.3,41.7,0.68,2.0,direct_reuse
36379.0,4.4,10.4,6.9,725.3,1.98,24.0,direct_reuse
49895.0,13.3,34.4,40.6,44.4,3.02,12.0,direct_reuse
71673.0,4.0,7.7,25.6,374.8,0.77,37.0,direct_reuse
48531.0,19.1,46.8,84.2,28.9,0.42,5.0,direct_reuse
96935.0,2.5,36.1,193.3,157.2,3.69,7.0,direct_reuse
35477.0,18.4,17.8,45.3,120.2,1.96,1.0,direct_reuse
19344.0,3.6,23.3,34.4,349.6,1.05,4.0,direct_reuse
195611.0,9.5,9.5,48.8,298.0,3.15,12.0,disposal
32105.0,30.1,44.7,35.2,98.5,1.38,16.0,direct_reuse
32928.0,16.5,28.5,21.3,49.9,1.37,1.0,direct_reuse
46814.0,3.1,30.2,19.4,537.8,1.31,6.0,direct_reuse
51381.0,7.4,36.7,5.9,44.7,0.57,15.0,direct_reuse
37396.0,3.5,14.7,55.0,7.4,0.5,101.0,direct_reuse
48426.0,2.9,7.3,19.3,11.7,0.83,3.0,direct_reuse
47675.0,15.0,52.8,114.4,15.2,1.72,25.0,direct_reuse
55402.0,22.3,42.6,60.2,173.3,0.14,5.0,direct_reuse
9412.0,20.0,16.0,9.5,1028.6,5.63,6.0,direct_reuse
182885.0,23.2,34.0,89.7,9.5,1.69,3.0,disposal
44218.0,13.3,67.1,0.9,38.1,0.41,3.0,direct_reuse
73603.0,10.5,61.0,203.6,99.3,13.48,6.0,direct_reuse
18682.0,5.1,15.6,4.0,492.8,1.74,59.0,direct_reuse
35253.0,9.1,7.5,36.4,37.8,0.29,4.0,direct_reuse
30619.0,4.1,8.6,33.5,172.4,12.72,3.0,direct_reuse
137147.0,6.3,19.1,77.4,68.4,9.6,17.0,direct_reuse
32530.0,14.6,79.0,13.5,1584.3,0.51,12.0,disposal
83338.0,12.1,13.7,1.5,105.5,1.08,11.0,direct_reuse
31092.0,212.4,15.2,13.6,133.1,0.91,18.0,treat_then_reuse
35709.0,4.0,15.0,15.4,98.8,0.14,3.0,disposal
41279.0,12.0,16.0,1.7,57.0,2.51,3.0,direct_reuse
120414.0,3.7,24.3,21.2,255.9,4.95,53.0,direct_reuse
13057.0,9.5,8.8,5.5,25.2,3.87,10.0,direct_reuse
19517.0,9.9,58.4,43.8,10.0,1.72,30.0,direct_reuse
12543.0,28.8,21.8,14.9,76.3,5.61,76.0,direct_reuse
22897.0,9.0,178.3,211.3,220.8,0.38,43.0,treat_then_reuse
27775.0,11.3,9.6,14.8,47.5,17.53,2.0,direct_reuse
15833.0,9.1,87.5,33.7,110.5,0.6,10.0,direct_reuse
29322.0,3.8,74.7,15.6,23.5,0.7,58.0,direct_reuse
11965.0,7.5,17.6,2.9,289.7,0.78,27.0,direct_reuse
24038.0,9.5,17.9,15.7,184.4,0.71,16.0,direct_reuse
113584.0,14.4,11.7,49.6,92.0,1.28,1.0,direct_reuse
65024.0,22.3,11.8,41.4,108.4,1.22,5.0,direct_reuse
55895.0,10.9,24.5,14.1,19.4,1.95,14.0,direct_reuse
24296.0,10.7,24.9,3.5,20.4,0.57,1.0,direct_reuse
16726.0,2.9,6.8,43.5,78.7,2.05,40.0,direct_reuse
22084.0,21.9,153.7,33.2,158.4,0.4,10.0,treat_then_reuse
47560.0,7.2,19.9,55.3,167.5,4.27,1.0,direct_reuse
90014.0,26.4,25.9,14.5,60.4,4.2,5.0,direct_reuse
92195.0,44.0,14.9,2.7,204.4,1.64,8.0,treat_then_reuse
76224.0,11.4,19.8,38.1,429.6,0.71,10.0,direct_reuse
29252.0,5.4,18.4,19.9,81.7,2.47,102.0,direct_reuse
49870.0,13.3,24.5,106.7,126.5,0.52,29.0,direct_reuse
39146.0,18.4,24.2,20.8,71.6,1.72,2.0,direct_reuse
42581.0,10.1,46.7,19.0,78.3,1.35,1.0,direct_reuse
204023.0,8.1,29.4,33.1,108.5,50.34,8.0,disposal
14280.0,22.4,43.1,9.8,586.2,0.33,15.0,direct_reuse
41595.0,21.1,24.3,9.3,246.4,0.05,54.0,direct_reuse
114488.0,9.9,29.5,17.9,223.1,0.72,163.0,direct_reuse
17569.0,3.0,20.2,6.7,54.6,0.18,177.0,direct_reuse
31238.0,20.3,54.7,15.3,33.5,0.64,6.0,direct_reuse
33849.0,6.7,31.8,205.9,138.2,0.31,49.0,direct_reuse
41927.0,16.3,21.6,70.2,353.6,0.51,23.0,direct_reuse
16040.0,15.4,21.1,29.1,599.3,0.41,2.0,direct_reuse
74362.0,2.5,22.5,129.3,6.1,5.77,1.0,direct_reuse
78151.0,14.5,25.1,7.5,1327.5,1.55,15.0,direct_reuse
69973.0,21.4,23.5,398.8,142.4,6.67,1.0,direct_reuse
26655.0,23.9,15.7,11.6,244.6,1.74,3.0,direct_reuse
52081.0,15.0,45.2,222.4,13.3,5.51,4.0,direct_reuse
26118.0,2.3,47.6,221.2,69.4,1.11,17.0,direct_reuse
38839.0,42.5,102.2,2.5,222.5,13.1,83.0,treat_then_reuse
221334.0,19.5,15.1,116.8,24.7,3.04,12.0,disposal
52417.0,4.6,41.8,14.3,3.8,0.6,5.0,direct_reuse
21348.0,6.6,5.3,10.2,130.2,3.69,1.0,direct_reuse
55616.0,16.6,47.6,37.7,85.2,1.71,24.0,direct_reuse
19029.0,24.8,7.7,6.0,439.4,1.27,13.0,direct_reuse
21177.0,8.7,11.2,36.7,75.5,1.87,5.0,direct_reuse
23652.0,28.3,32.0,6.5,81.8,4.38,70.0,direct_reuse
35918.0,2.7,14.9,24.8,193.9,0.11,2.0,direct_reuse
94455.0,5.3,13.4,99.7,280.6,1.04,4.0,direct_reuse
73488.0,2.1,16.6,31.9,41.3,4.0,8.0,direct_reuse
70693.0,6.0,44.0,13.0,254.4,2.28,5.0,direct_reuse
22714.0,52.3,11.6,38.5,50.7,0.38,28.0,treat_then_reuse
33560.0,85.8,23.5,3.7,91.7,0.08,24.0,treat_then_reuse
59302.0,16.6,18.1,7.3,188.3,15.05,59.0,direct_reuse
31577.0,7.6,47.3,12.0,228.1,1.29,26.0,direct_reuse
40342.0,11.0,48.3,51.6,127.8,11.8,10.0,direct_reuse
66766.0,20.6,5.7,32.7,27.4,4.63,7.0,direct_reuse
38402.0,3.3,56.6,38.2,11.5,0.59,24.0,direct_reuse
57425.0,8.0,15.1,19.4,73.2,0.06,9.0,direct_reuse
149479.0,49.0,29.6,7.8,262.0,0.9,13.0,treat_then_reuse
43464.0,5.3,11.6,119.8,147.6,1.57,26.0,direct_reuse
111920.0,6.9,33.0,8.7,117.5,2.96,15.0,direct_reuse
72516.0,13.6,188.9,33.2,89.3,0.39,19.0,treat_then_reuse
17552.0,17.4,27.2,17.6,126.5,2.08,4.0,direct_reuse
22663.0,7.7,17.0,39.5,30.2,2.08,92.0,direct_reuse
27350.0,14.4,20.4,9.7,212.3,5.94,2.0,direct_reuse
26947.0,23.3,7.6,71.0,228.4,1.11,24.0,direct_reuse
46018.0,78.7,78.2,105.0,60.9,2.93,6.0,treat_then_reuse
75376.0,12.0,31.5,66.0,145.6,2.4,62.0,direct_reuse
118020.0,13.0,10.6,24.3,13.6,5.15,46.0,direct_reuse
60823.0,53.2,10.9,11.9,109.7,0.57,12.0,treat_then_reuse
35883.0,8.2,24.8,593.8,77.8,0.03,125.0,direct_reuse
11412.0,4.1,51.7,6.1,359.7,1.21,9.0,direct_reuse
51504.0,16.9,9.8,57.8,72.3,1.22,46.0,direct_reuse
49913.0,35.5,59.8,29.9,234.0,0.37,4.0,direct_reuse
55718.0,18.6,22.8,18.6,58.5,0.23,22.0,direct_reuse
214136.0,12.3,11.7,25.1,7.3,0.78,3.0,disposal
116823.0,3.7,16.9,10.9,70.2,1.42,13.0,direct_reuse
84927.0,12.8,99.4,33.5,111.8,1.87,11.0,direct_reuse
24998.0,40.8,8.1,29.4,106.3,0.08,46.0,treat_then_reuse
34232.0,4.4,13.7,499.3,108.0,0.17,4.0,direct_reuse
45872.0,10.8,52.6,72.6,51.6,7.16,1224.0,direct_reuse
28487.0,9.5,29.2,37.3,63.0,1.29,2.0,direct_reuse
69586.0,7.2,13.0,40.1,26.1,1.64,17.0,direct_reuse
62934.0,16.8,53.1,182.6,10.0,0.29,19.0,direct_reuse
22884.0,20.1,55.1,6.3,80.1,1.64,27.0,direct_reuse
113297.0,19.9,32.0,16.1,39.7,1.01,6.0,direct_reuse
52660.0,5.6,15.0,2.0,295.2,0.74,18.0,direct_reuse
14613.0,3.1,17.0,39.3,8.2,0.25,5.0,direct_reuse
47290.0,17.0,30.8,55.6,124.0,0.53,202.0,direct_reuse
59686.0,8.5,8.6,6.1,928.6,21.4,5.0,treat_then_reuse
96853.0,70.4,71.0,112.4,73.6,1.05,10.0,treat_then_reuse
38707.0,73.4,95.6,8.5,89.7,4.6,5.0,treat_then_reuse
87514.0,80.8,20.3,13.3,143.9,1.28,4.0,treat_then_reuse
55882.0,5.8,32.6,23.2,156.8,1.1,1.0,direct_reuse
19525.0,22.5,63.3,136.1,57.4,0.72,33.0,direct_reuse
18204.0,29.5,117.3,7.2,29.7,9.48,4.0,treat_then_reuse
107559.0,26.6,85.2,28.5,184.6,2.68,4.0,direct_reuse
113231.0,9.8,6.1,50.9,11.0,0.59,3.0,direct_reuse
61454.0,42.6,19.1,39.7,224.9,0.99,19.0,treat_then_reuse
139664.0,13.5,36.6,41.5,58.5,6.68,13.0,direct_reuse
102706.0,15.1,16.5,50.1,90.3,0.04,13.0,direct_reuse
79106.0,3.4,102.1,10.3,50.5,2.47,4.0,treat_then_reuse
25902.0,24.1,90.3,152.2,434.4,3.32,23.0,direct_reuse
164720.0,10.7,12.8,17.6,118.4,0.62,5.0,direct_reuse
71354.0,20.5,21.5,15.0,63.2,2.02,14.0,direct_reuse
37418.0,16.6,13.5,101.2,61.3,3.17,10.0,direct_reuse
30706.0,15.8,21.0,9.4,76.5,0.33,1.0,direct_reuse
58674.0,12.9,20.5,29.5,1257.2,4.93,255.0,direct_reuse
15218.0,27.3,52.6,8.4,21.1,2.43,29.0,direct_reuse
79999.0,11.3,12.1,412.8,296.2,1.35,16.0,direct_reuse
25147.0,3.6,3.0,320.7,168.2,1.89,20.0,direct_reuse
63540.0,22.5,6.8,17.6,489.7,4.13,265.0,direct_reuse
34026.0,6.5,10.8,37.5,179.8,33.48,67.0,treat_then_reuse
40738.0,4.1,14.5,20.2,90.4,3.64,21.0,direct_reuse
28859.0,5.4,28.5,13.2,276.5,4.73,4.0,direct_reuse
43789.0,17.4,10.3,23.2,115.9,2.12,5.0,direct_reuse
183977.0,12.3,9.3,19.1,206.5,19.53,1.0,disposal
129255.0,2.0,11.7,3.2,433.1,0.25,7.0,direct_reuse
62827.0,9.5,10.0,27.5,99.7,0.17,33.0,direct_reuse
48160.0,38.6,15.7,19.1,56.4,2.01,32.0,direct_reuse
88516.0,9.0,15.2,29.2,44.3,3.89,31.0,direct_reuse
108118.0,11.6,42.6,18.3,147.8,0.06,6.0,direct_reuse
27423.0,34.4,11.1,13.0,34.3,1.64,28.0,direct_reuse
46434.0,27.5,18.4,57.4,61.3,1.3,42.0,direct_reuse
13693.0,33.8,15.9,38.1,31.1,4.34,0.0,direct_reuse
107600.0,1.1,46.9,107.3,157.5,2.88,19.0,direct_reuse
208047.0,64.1,21.7,36.4,39.4,0.16,276.0,disposal
51847.0,23.9,56.9,15.8,21.9,0.4,8.0,direct_reuse
11076.0,123.4,9.8,42.1,26.5,0.58,0.0,treat_then_reuse
75074.0,6.7,23.6,1.9,48.0,4.31,4.0,direct_reuse
26033.0,2.8,15.5,250.7,53.1,2.68,1.0,direct_reuse
30812.0,13.6,9.2,27.9,118.7,0.74,5.0,direct_reuse
76009.0,10.5,23.2,276.3,75.4,1.99,2.0,direct_reuse
58582.0,24.2,98.1,7.1,135.3,0.42,49.0,direct_reuse
34833.0,35.4,12.4,5.3,147.8,23.68,39.0,treat_then_reuse
31110.0,12.4,22.2,31.2,203.3,3.48,20.0,direct_reuse
53535.0,10.8,8.6,31.0,11.0,4.58,77.0,direct_reuse
36804.0,21.6,7.6,30.1,26.1,9.87,5.0,direct_reuse
22551.0,10.7,13.1,25.1,165.7,6.18,14.0,direct_reuse
38840.0,9.9,17.1,9.5,113.6,1.72,328.0,direct_reuse
62175.0,34.2,17.7,3.4,263.7,1.3,29.0,direct_reuse
43275.0,41.8,20.5,28.2,16.5,8.8,29.0,treat_then_reuse
18225.0,35.7,6.6,4.3,53.4,1.71,4.0,direct_reuse
97963.0,11.6,14.9,3.8,65.0,0.62,7.0,direct_reuse
7207.0,2.0,36.6,12.7,108.1,21.26,3.0,treat_then_reuse
35866.0,11.8,8.3,33.7,93.6,0.49,152.0,direct_reuse
31757.0,6.8,18.5,218.2,150.8,0.17,1.0,direct_reuse
54379.0,12.0,31.0,65.0,79.4,5.99,48.0,direct_reuse
72632.0,7.4,13.1,112.2,407.3,0.64,29.0,direct_reuse
107876.0,13.2,32.2,44.0,578.4,2.9,1.0,direct_reuse
29772.0,5.3,7.3,31.2,26.3,17.5,68.0,direct_reuse
73910.0,4.3,49.9,406.2,94.6,0.28,8.0,direct_reuse
56223.0,40.5,32.9,4.1,216.5,1.56,2.0,treat_then_reuse
14793.0,5.6,25.6,12.2,171.4,11.34,21.0,direct_reuse
185420.0,13.5,60.3,13.4,57.5,4.0,4.0,disposal
17905.0,31.8,18.9,58.7,119.1,1.31,9.0,direct_reuse
65752.0,30.7,15.0,6.2,15.8,36.83,6.0,treat_then_reuse
64407.0,27.5,73.6,50.2,88.1,1.46,3.0,direct_reuse
59453.0,17.7,107.0,40.3,18.1,2.76,2.0,treat_then_reuse
34676.0,25.8,14.1,53.3,157.4,14.07,40.0,direct_reuse
87472.0,46.3,22.4,52.2,26.4,5.9,20.0,treat_then_reuse
16444.0,19.7,56.6,127.2,107.7,9.19,18.0,direct_reuse
46813.0,2.6,23.0,18.9,127.9,0.51,7.0,direct_reuse
33034.0,8.4,39.5,37.9,97.9,8.14,13.0,direct_reuse
30512.0,25.2,45.8,8.3,44.9,2.06,4.0,direct_reuse
66179.0,7.7,15.6,6.3,71.4,0.63,4.0,direct_reuse
104217.0,57.9,34.3,167.0,330.0,2.2,158.0,treat_then_reuse
38550.0,12.7,24.4,7.6,56.4,2.11,46.0,treat_then_reuse
84667.0,14.5,9.3,43.4,92.2,18.7,5.0,direct_reuse
50758.0,37.1,11.1,38.0,48.8,2.71,1.0,direct_reuse
26241.0,11.4,14.6,82.3,276.6,0.6,1.0,direct_reuse
